{"type":"FeatureCollection","features":[{"type":"Feature","properties":{"id":"75101","nom":"PARIS 01","created":"2006-11-28","updated":"2025-10-27","code_commune":"75101"},"geometry":{"type":"MultiPolygon","coordinates":[[[[2.3501546,48.8619909],[2.3509478,48.8634052],[2.3306565,48.8681921],[2.3299656,48.8685141],[2.327991,48.8699289],[2.3251592,48.8694488],[2.3253195,48.8690118],[2.3209029,48.8630573],[2.3261021,48.861478],[2.3300721,48.8600874],[2.3375467,48.8583886],[2.3407253,48.8566348],[2.3428573,48.8548627],[2.3445925,48.8540491],[2.3458695,48.8552772],[2.3469863,48.8570092],[2.3475648,48.8573492],[2.3501546,48.8619909]]]]}},{"type":"Feature","properties":{"id":"75102","nom":"PARIS 02","created":"2007-01-24","updated":"2025-10-27","code_commune":"75102"},"geometry":{"type":"MultiPolygon","coordinates":[[[[2.3509491,48.863406],[2.3542606,48.86933],[2.3478803,48.8707041],[2.3400441,48.8719807],[2.3280073,48.8699173],[2.3299656,48.8685141],[2.3306565,48.8681921],[2.3509491,48.863406]]]]}},{"type":"Feature","properties":{"id":"75103","nom":"PARIS 03","created":"2007-01-25","updated":"2021-12-20","code_commune":"75103"},"geometry":{"type":"MultiPolygon","coordinates":[[[[2.3685125,48.855734],[2.3667653,48.8630189],[2.3658357,48.8646119],[2.3645819,48.8635515],[2.3658353,48.8646127],[2.3642487,48.8672539],[2.3632648,48.8678428],[2.3563763,48.8688527],[2.3542606,48.86933],[2.3501561,48.8619912],[2.3533408,48.8612727],[2.3569032,48.8600658],[2.3593718,48.8583235],[2.3617512,48.8572513],[2.3644501,48.856409],[2.3685125,48.855734]]]]}},{"type":"Feature","properties":{"id":"75104","nom":"PARIS 04","created":"2007-01-30","updated":"2025-10-27","code_commune":"75104"},"geometry":{"type":"MultiPolygon","coordinates":[[[[2.3644331,48.84614],[2.3665026,48.8473711],[2.369138,48.8531628],[2.3685125,48.855734],[2.3644501,48.856409],[2.3617512,48.8572513],[2.3593718,48.8583235],[2.3569032,48.8600658],[2.3533408,48.8612727],[2.3501561,48.8619912],[2.3475648,48.8573492],[2.3469863,48.8570092],[2.3458695,48.8552772],[2.3445925,48.8540491],[2.3469464,48.8532936],[2.3500429,48.8520003],[2.3537059,48.8512208],[2.3591747,48.8494792],[2.3624934,48.8476224],[2.3644331,48.84614]]]]}},{"type":"Feature","properties":{"id":"75105","nom":"PARIS 05","created":"2006-08-30","updated":"2025-10-27","code_commune":"75105"},"geometry":{"type":"MultiPolygon","coordinates":[[[[2.3517615,48.8367755],[2.361816,48.8399611],[2.3649457,48.8442621],[2.3660292,48.8449302],[2.3624934,48.8476224],[2.3591747,48.8494792],[2.3537059,48.8512208],[2.3500429,48.8520003],[2.3469455,48.8532935],[2.3445925,48.8540491],[2.3373035,48.8409259],[2.336789,48.8406972],[2.336729,48.8396534],[2.3397399,48.8388534],[2.3470027,48.8373212],[2.3517615,48.8367755]]]]}},{"type":"Feature","properties":{"id":"75106","nom":"PARIS 06","created":"2006-09-27","updated":"2025-12-22","code_commune":"75106"},"geometry":{"type":"MultiPolygon","coordinates":[[[[2.3367287,48.8396535],[2.336789,48.8406972],[2.3373035,48.8409259],[2.3445925,48.8540491],[2.3428573,48.8548626],[2.3407253,48.8566348],[2.3375467,48.8583886],[2.3329101,48.8593496],[2.3324457,48.8585085],[2.3332658,48.8582646],[2.330841,48.8551987],[2.3293098,48.852614],[2.3284211,48.8518272],[2.327193,48.8516254],[2.3193552,48.8478449],[2.3165715,48.8468246],[2.3201897,48.845118],[2.3367287,48.8396535]]]]}},{"type":"Feature","properties":{"id":"75107","nom":"PARIS 07","created":"2007-10-29","updated":"2025-10-27","code_commune":"75107"},"geometry":{"type":"MultiPolygon","coordinates":[[[[2.3137299,48.8459332],[2.3193552,48.8478449],[2.327193,48.8516254],[2.3284185,48.8518248],[2.3293098,48.852614],[2.330841,48.8551987],[2.3332658,48.8582646],[2.3324457,48.8585085],[2.3329101,48.8593496],[2.3298152,48.8601648],[2.3261023,48.8614781],[2.3185391,48.8637755],[2.3000746,48.863381],[2.2970543,48.8627348],[2.2943209,48.8615897],[2.289839,48.8582408],[2.3073398,48.8471393],[2.3105257,48.8479876],[2.3137299,48.8459332]]]]}},{"type":"Feature","properties":{"id":"75108","nom":"PARIS 08","created":"2007-04-13","updated":"2025-12-22","code_commune":"75108"},"geometry":{"type":"MultiPolygon","coordinates":[[[[2.3209029,48.8630573],[2.3253195,48.8690118],[2.3251592,48.8694488],[2.3258363,48.8695622],[2.327053,48.8737362],[2.3265757,48.8755824],[2.3268467,48.8756258],[2.3271813,48.8834811],[2.3166555,48.8813319],[2.3086113,48.8803228],[2.298155,48.878079],[2.2950396,48.8737786],[2.2975257,48.8709253],[2.2989129,48.8685575],[2.2998987,48.8653264],[2.3001987,48.865059],[2.3015167,48.8645247],[2.3015898,48.8634744],[2.3184727,48.8637773],[2.3209029,48.8630573]]]]}},{"type":"Feature","properties":{"id":"75109","nom":"PARIS 09","created":"2007-01-30","updated":"2025-10-27","code_commune":"75109"},"geometry":{"type":"MultiPolygon","coordinates":[[[[2.3258363,48.8695622],[2.3400441,48.8719807],[2.3478803,48.8707041],[2.3479119,48.8740238],[2.3482464,48.8757936],[2.3491139,48.8774778],[2.3492916,48.8790484],[2.3498588,48.8806264],[2.3495056,48.8837254],[2.3469503,48.8834207],[2.339816,48.8820235],[2.3373039,48.8823953],[2.3324419,48.8838495],[2.3294429,48.8845532],[2.3281403,48.8837082],[2.3271813,48.8834811],[2.3268467,48.8756258],[2.3265757,48.8755824],[2.327053,48.8737362],[2.3258363,48.8695622]]]]}},{"type":"Feature","properties":{"id":"75110","nom":"PARIS 10","created":"2006-11-28","updated":"2023-01-05","code_commune":"75110"},"geometry":{"type":"MultiPolygon","coordinates":[[[[2.3638281,48.8675045],[2.3655228,48.8682017],[2.37309,48.8706265],[2.3769887,48.8720621],[2.3702764,48.8779925],[2.3701904,48.8827234],[2.3692225,48.8832142],[2.3687836,48.8838895],[2.3683853,48.884092],[2.3643445,48.8843862],[2.3591115,48.8844216],[2.3495056,48.8837254],[2.3498588,48.8806264],[2.3492916,48.8790484],[2.3491139,48.8774778],[2.3482464,48.8757936],[2.3479119,48.8740238],[2.3478803,48.8707041],[2.3563763,48.8688527],[2.3632648,48.8678428],[2.3638281,48.8675045]]]]}},{"type":"Feature","properties":{"id":"75111","nom":"PARIS 11","created":"2007-11-20","updated":"2021-11-15","code_commune":"75111"},"geometry":{"type":"MultiPolygon","coordinates":[[[[2.3991176,48.8480977],[2.3992636,48.848841],[2.3984325,48.8513458],[2.3944372,48.856572],[2.392275,48.8576866],[2.3895813,48.8585334],[2.3872977,48.8630863],[2.3834571,48.8664463],[2.3830812,48.8671804],[2.3779781,48.8710945],[2.3769887,48.8720621],[2.37309,48.8706265],[2.3655228,48.8682017],[2.3638309,48.8675056],[2.3642487,48.8672539],[2.3667516,48.8630601],[2.369138,48.8531628],[2.3703512,48.8532506],[2.3719687,48.8523957],[2.3788181,48.8506299],[2.3837792,48.8502127],[2.3959164,48.8483846],[2.3991176,48.8480977]]]]}},{"type":"Feature","properties":{"id":"75112","nom":"PARIS 12","created":"2007-11-08","updated":"2025-12-22","code_commune":"75112"},"geometry":{"type":"MultiPolygon","coordinates":[[[[2.4586314,48.8170117],[2.4628047,48.8190288],[2.4625234,48.8192675],[2.4647181,48.8232776],[2.4652483,48.824499],[2.4651473,48.8249902],[2.4653584,48.8250034],[2.4661762,48.8273317],[2.4652292,48.82767],[2.4650858,48.8275387],[2.4646093,48.8276274],[2.4646387,48.8293557],[2.4651647,48.8310011],[2.4661968,48.8323449],[2.4689109,48.833962],[2.469373,48.8345843],[2.4697051,48.835557],[2.469754,48.8364604],[2.4694848,48.8369175],[2.4664405,48.8400514],[2.4648331,48.8413414],[2.4632307,48.8421805],[2.4611635,48.8428457],[2.4580696,48.8434542],[2.4464111,48.844931],[2.4465275,48.8457497],[2.4407671,48.845916],[2.4406947,48.8452084],[2.4408747,48.8452091],[2.4405117,48.8443453],[2.4379399,48.8445687],[2.4371912,48.8408914],[2.4336768,48.8411939],[2.4336378,48.840987],[2.4247405,48.8417739],[2.4247981,48.8419006],[2.4236999,48.8426866],[2.4227608,48.844003],[2.4221062,48.8444981],[2.4198821,48.8434269],[2.4198781,48.8430429],[2.4194229,48.8424839],[2.4195703,48.8415332],[2.4208629,48.8396235],[2.4216032,48.8368763],[2.4221781,48.8358148],[2.4188697,48.8345193],[2.4167063,48.8338818],[2.4147733,48.8335965],[2.4127884,48.8336312],[2.4112278,48.8338666],[2.4122788,48.8345514],[2.4135114,48.8378823],[2.4159937,48.8466125],[2.3959164,48.8483846],[2.3837792,48.8502127],[2.3788181,48.8506299],[2.3719687,48.8523957],[2.3703512,48.8532506],[2.3691401,48.8531629],[2.3665007,48.8473714],[2.3644297,48.8461397],[2.3730895,48.8396745],[2.3789264,48.8344946],[2.3870625,48.8279798],[2.3902582,48.8257274],[2.394352,48.8275135],[2.3957231,48.8277306],[2.4024872,48.829647],[2.4047351,48.828633],[2.4086347,48.8259018],[2.4106778,48.8250778],[2.4128385,48.8248033],[2.4165235,48.8248132],[2.4201711,48.8241372],[2.426242,48.824207],[2.4281819,48.8239482],[2.429982,48.8234906],[2.4306922,48.8232343],[2.4303715,48.822882],[2.4321897,48.8216188],[2.4326247,48.8219017],[2.4328898,48.8216902],[2.4324754,48.8214207],[2.4343032,48.8201557],[2.4341797,48.8192807],[2.4351554,48.8196479],[2.4369326,48.8193759],[2.4374702,48.8191043],[2.4373498,48.8182196],[2.4398294,48.8183648],[2.4426655,48.8179567],[2.4496352,48.8179617],[2.4532094,48.8172481],[2.4586314,48.8170117]]]]}},{"type":"Feature","properties":{"id":"75113","nom":"PARIS 13","created":"2006-11-09","updated":"2025-12-22","code_commune":"75113"},"geometry":{"type":"MultiPolygon","coordinates":[[[[2.3444974,48.8155766],[2.3444336,48.8161062],[2.3469201,48.8158646],[2.3523994,48.8185337],[2.3559175,48.8159723],[2.3634007,48.8160579],[2.3807624,48.821696],[2.3815236,48.8224111],[2.3888205,48.8250066],[2.3902582,48.8257274],[2.3870625,48.8279798],[2.3789264,48.8344946],[2.3730895,48.8396745],[2.3660292,48.8449302],[2.3649457,48.8442621],[2.361816,48.8399611],[2.3518441,48.8367887],[2.3470027,48.8373212],[2.3420713,48.838364],[2.341142,48.8324924],[2.3416367,48.8277914],[2.3416923,48.8260373],[2.3414366,48.8236694],[2.3417268,48.822694],[2.3426792,48.8211937],[2.3438811,48.8203599],[2.3446304,48.819542],[2.3441025,48.8176342],[2.3439744,48.815766],[2.3444974,48.8155766]]]]}},{"type":"Feature","properties":{"id":"75114","nom":"PARIS 14","created":"2006-12-22","updated":"2022-01-17","code_commune":"75114"},"geometry":{"type":"MultiPolygon","coordinates":[[[[2.3439744,48.815766],[2.3441025,48.8176342],[2.3446304,48.819542],[2.3438811,48.8203599],[2.3426792,48.8211937],[2.3417268,48.822694],[2.3414366,48.8236694],[2.3416923,48.8260373],[2.3416367,48.8277914],[2.341142,48.8324924],[2.3420713,48.838364],[2.336729,48.8396525],[2.3247117,48.8436153],[2.3214907,48.8410091],[2.3218366,48.8401677],[2.321391,48.83979],[2.3199475,48.8405206],[2.3139539,48.8354253],[2.3011831,48.8251583],[2.3323737,48.8182179],[2.3317535,48.8170393],[2.3337286,48.8167622],[2.3417117,48.8163403],[2.3430847,48.8160884],[2.3439744,48.815766]]]]}},{"type":"Feature","properties":{"id":"75115","nom":"PARIS 15","created":"2007-08-07","updated":"2026-01-27","code_commune":"75115"},"geometry":{"type":"MultiPolygon","coordinates":[[[[2.3011831,48.8251583],[2.3139539,48.8354253],[2.3199475,48.8405206],[2.321391,48.83979],[2.3218366,48.8401677],[2.3214906,48.8410093],[2.3247117,48.8436153],[2.319153,48.8455063],[2.3165715,48.8468246],[2.3137299,48.8459332],[2.310526,48.8479875],[2.3073398,48.8471393],[2.289839,48.8582408],[2.2889401,48.8574585],[2.288106,48.8561213],[2.279824,48.8502568],[2.2757146,48.8469596],[2.2629584,48.8338971],[2.2673,48.8346548],[2.2678207,48.8345756],[2.2700416,48.8329972],[2.2673204,48.8314919],[2.2676315,48.8279602],[2.267831,48.8278395],[2.2727447,48.8279282],[2.2755072,48.8295913],[2.279028,48.8324573],[2.2833159,48.8308812],[2.2922231,48.8271363],[2.3011831,48.8251583]]]]}},{"type":"Feature","properties":{"id":"75116","nom":"PARIS 16","created":"2007-09-10","updated":"2026-01-08","code_commune":"75116"},"geometry":{"type":"MultiPolygon","coordinates":[[[[2.2629584,48.8338971],[2.2757146,48.8469595],[2.2769893,48.8480483],[2.2799598,48.8503565],[2.288106,48.8561213],[2.2891291,48.857664],[2.2941956,48.8615211],[2.2962244,48.8624513],[2.2979213,48.8629837],[2.2997886,48.86335],[2.30159,48.8634717],[2.3015167,48.8645247],[2.3001987,48.865059],[2.2998987,48.8653264],[2.2989129,48.8685575],[2.2975257,48.8709253],[2.2950396,48.8737786],[2.279801,48.878654],[2.2774905,48.8779639],[2.2588843,48.8802814],[2.2584102,48.8801003],[2.2554117,48.8742636],[2.2548238,48.8740798],[2.2456249,48.8763551],[2.2433515,48.8741184],[2.2402987,48.8718066],[2.232124,48.8695547],[2.229936,48.867253],[2.2282495,48.8651582],[2.2272874,48.8625653],[2.2257511,48.8597098],[2.224981,48.857819],[2.2243301,48.855946],[2.2240786,48.853959],[2.2241512,48.8534435],[2.2395508,48.8500397],[2.2402595,48.8496429],[2.2424656,48.8477319],[2.2506765,48.8456266],[2.2525409,48.8455788],[2.2512242,48.8428967],[2.2516497,48.8389054],[2.255153,48.8348059],[2.2629584,48.8338971]]]]}},{"type":"Feature","properties":{"id":"75117","nom":"PARIS 17","created":"2007-04-10","updated":"2025-12-22","code_commune":"75117"},"geometry":{"type":"MultiPolygon","coordinates":[[[[2.2950396,48.8737786],[2.298155,48.878079],[2.3086113,48.8803228],[2.3166555,48.8813319],[2.3274291,48.8835218],[2.3255901,48.8874974],[2.3301499,48.9010373],[2.320386,48.9007641],[2.3185238,48.8996425],[2.3122744,48.8977377],[2.3075013,48.8959381],[2.2985725,48.8917134],[2.2950403,48.889865],[2.2915081,48.8894615],[2.2856621,48.8865719],[2.2809077,48.8828791],[2.2799639,48.8787026],[2.279801,48.878654],[2.2950396,48.8737786]]]]}},{"type":"Feature","properties":{"id":"75118","nom":"PARIS 18","created":"2007-05-23","updated":"2026-01-27","code_commune":"75118"},"geometry":{"type":"MultiPolygon","coordinates":[[[[2.339816,48.8820235],[2.3469503,48.8834207],[2.3495056,48.8837254],[2.3589411,48.8844126],[2.364686,48.8843689],[2.3667929,48.8866413],[2.3700236,48.8940291],[2.370519,48.8946392],[2.371789,48.8954103],[2.3713881,48.8957324],[2.3711291,48.895641],[2.3713874,48.8957331],[2.3712589,48.8959181],[2.3703883,48.8966323],[2.370282,48.9018412],[2.3301499,48.9010373],[2.3255901,48.8874974],[2.3274291,48.8835218],[2.3281403,48.8837082],[2.3294429,48.8845532],[2.3324419,48.8838495],[2.3373039,48.8823953],[2.339816,48.8820235]]]]}},{"type":"Feature","properties":{"id":"75119","nom":"PARIS 19","created":"2007-12-11","updated":"2023-09-07","code_commune":"75119"},"geometry":{"type":"MultiPolygon","coordinates":[[[[2.3769887,48.8720621],[2.3805896,48.8730088],[2.3849223,48.8737525],[2.386768,48.8745967],[2.3885479,48.8747873],[2.3897767,48.8753352],[2.3917688,48.8754642],[2.3953301,48.8752536],[2.3989322,48.8754803],[2.4025673,48.8760069],[2.410825,48.8784192],[2.4093422,48.8802617],[2.4046276,48.8812266],[2.4014948,48.8826132],[2.4001079,48.8838124],[2.399214,48.8854162],[2.399185,48.8882324],[2.3977716,48.8946055],[2.3955204,48.8982645],[2.3907141,48.9009751],[2.3844397,48.9021648],[2.3702933,48.9018596],[2.3703883,48.8966323],[2.371789,48.8954103],[2.370519,48.8946392],[2.3700236,48.8940291],[2.3667929,48.8866413],[2.364686,48.8843689],[2.3683853,48.884092],[2.3687818,48.8838831],[2.3692225,48.8832142],[2.3701908,48.8827242],[2.3702764,48.8779925],[2.3769887,48.8720621]]]]}},{"type":"Feature","properties":{"id":"75120","nom":"PARIS 20","created":"2007-11-07","updated":"2025-12-29","code_commune":"75120"},"geometry":{"type":"MultiPolygon","coordinates":[[[[2.4159937,48.8466125],[2.4164309,48.848786],[2.4138614,48.8640814],[2.4140111,48.868901],[2.4136433,48.8724496],[2.412497,48.876382],[2.4108389,48.8784233],[2.4025673,48.8760069],[2.3989322,48.8754803],[2.3953301,48.8752536],[2.3917688,48.8754642],[2.3897767,48.8753352],[2.3885479,48.8747873],[2.386768,48.8745967],[2.3849223,48.8737525],[2.3805896,48.8730088],[2.3769887,48.8720621],[2.3779781,48.8710945],[2.3830812,48.8671804],[2.3834571,48.8664463],[2.3872977,48.8630863],[2.3895813,48.8585334],[2.392275,48.8576866],[2.3944372,48.856572],[2.3984325,48.8513458],[2.3992636,48.848841],[2.3991176,48.8480977],[2.4159937,48.8466125]]]]}},{"type":"Feature","properties":{"id":"77039","nom":"BOISSISE-LA-BERTRAND","created":"2001-10-30","updated":"2021-10-12","code_commune":"77039"},"geometry":{"type":"MultiPolygon","coordinates":[[[[2.6007388,48.5158836],[2.6008895,48.5187308],[2.6011612,48.5187458],[2.6018016,48.520912],[2.600796,48.5210831],[2.6019129,48.5239669],[2.6088011,48.5233089],[2.6090665,48.5236403],[2.6094574,48.5237739],[2.609623,48.5236253],[2.6100918,48.5240135],[2.610885,48.5241151],[2.6110472,48.523993],[2.6119716,48.5241867],[2.6123272,48.5255481],[2.6122345,48.5276688],[2.611917,48.5282929],[2.6111284,48.5285592],[2.6087651,48.5307625],[2.6183055,48.5338103],[2.6145167,48.5354641],[2.6126133,48.5359723],[2.6114038,48.5366733],[2.6100756,48.5351792],[2.6082601,48.5373166],[2.6060671,48.5387823],[2.6055703,48.5393175],[2.6046737,48.5413617],[2.6030812,48.5434736],[2.601937,48.5440186],[2.6007313,48.5443931],[2.6003767,48.5443784],[2.6010038,48.5451068],[2.5965293,48.5452813],[2.5889828,48.54805],[2.5626046,48.5432838],[2.5632312,48.5418546],[2.5629566,48.5402134],[2.5622875,48.5385356],[2.5626298,48.5384462],[2.5609285,48.5355527],[2.5657326,48.5345517],[2.5704507,48.53307],[2.5728447,48.5325366],[2.5741287,48.5320174],[2.5810957,48.5282335],[2.5874766,48.5211225],[2.5888442,48.5199203],[2.5900601,48.5191393],[2.5934636,48.5172006],[2.5949874,48.5165735],[2.5972223,48.5161665],[2.6007388,48.5158836]]]]}},{"type":"Feature","properties":{"id":"77040","nom":"BOISSISE-LE-ROI","created":"2004-06-01","updated":"2025-10-27","code_commune":"77040"},"geometry":{"type":"MultiPolygon","coordinates":[[[[2.5626936,48.4906398],[2.5628425,48.4908802],[2.5652847,48.4909821],[2.5712823,48.4917528],[2.5730468,48.4910655],[2.5778064,48.4930265],[2.5798137,48.4920103],[2.5807729,48.492608],[2.5842251,48.4939887],[2.5749063,48.5053226],[2.5786982,48.506159],[2.5773975,48.5071934],[2.5769609,48.5084077],[2.5764018,48.5092327],[2.5773915,48.5097963],[2.5755166,48.5111358],[2.5794726,48.5133297],[2.5790046,48.5135323],[2.5814503,48.5163349],[2.5857952,48.514757],[2.5861197,48.5156684],[2.5862101,48.5168484],[2.5859044,48.5173727],[2.58487,48.5178505],[2.5858276,48.5191335],[2.5861518,48.51895],[2.586843,48.5197202],[2.5881241,48.5205377],[2.5868173,48.5217408],[2.581994,48.527369],[2.5807753,48.5284777],[2.5739232,48.5321212],[2.5725434,48.5326324],[2.5704928,48.5330527],[2.5677482,48.5339815],[2.5632923,48.5351308],[2.5582596,48.5360155],[2.5488982,48.5373221],[2.5485503,48.5365611],[2.5487962,48.5351802],[2.5491009,48.5349995],[2.5501266,48.5350388],[2.5502567,48.5348076],[2.554169,48.5342764],[2.5540964,48.5340479],[2.5612157,48.5328435],[2.5606834,48.5315311],[2.5571138,48.5321271],[2.5567574,48.5313476],[2.557308,48.5312552],[2.5573541,48.5311368],[2.5564485,48.5278364],[2.558404,48.5275405],[2.5584629,48.527769],[2.5606992,48.5276991],[2.5608101,48.5284854],[2.5643394,48.5275746],[2.5643715,48.5266655],[2.5649585,48.5265499],[2.5633589,48.5230288],[2.5722638,48.519704],[2.5715726,48.5188431],[2.5712001,48.5189773],[2.566846,48.5135788],[2.5661529,48.5124492],[2.5658522,48.5125342],[2.565743,48.512442],[2.5604256,48.5139694],[2.560341,48.5138192],[2.5594814,48.5140888],[2.5556144,48.5146099],[2.553843,48.5116579],[2.5537176,48.5115466],[2.5533763,48.5116374],[2.5510067,48.5095153],[2.5509052,48.509109],[2.5543231,48.5079457],[2.5526058,48.5046501],[2.5546113,48.5046187],[2.5609544,48.5032495],[2.5606652,48.5019299],[2.5612377,48.499207],[2.5610366,48.4966307],[2.5607653,48.4955718],[2.559342,48.4923658],[2.5588872,48.4906616],[2.5626936,48.4906398]]]]}},{"type":"Feature","properties":{"id":"77055","nom":"BROU-SUR-CHANTEREINE","created":"2006-08-21","updated":"2025-12-15","code_commune":"77055"},"geometry":{"type":"MultiPolygon","coordinates":[[[[2.6253762,48.8739648],[2.6255769,48.8742832],[2.6253141,48.8759231],[2.6258611,48.8768865],[2.6276284,48.878522],[2.6283846,48.8789006],[2.631319,48.8797004],[2.6322835,48.8804313],[2.6326034,48.8809801],[2.6327009,48.882337],[2.6488592,48.8833553],[2.6501985,48.8833355],[2.6513584,48.8830702],[2.6513018,48.8842942],[2.6509923,48.884737],[2.6509681,48.8852136],[2.6511303,48.8860639],[2.651734,48.8865136],[2.6521185,48.887453],[2.6519727,48.8890424],[2.6529131,48.8891616],[2.6562582,48.8911445],[2.6563678,48.893632],[2.6574685,48.8972875],[2.652373,48.8988538],[2.654135,48.8994827],[2.6550727,48.9003455],[2.6492671,48.9021908],[2.6475258,48.9030672],[2.6466632,48.9030223],[2.6449346,48.9035622],[2.6446077,48.9031323],[2.6436567,48.9029579],[2.6392436,48.9034053],[2.6380859,48.9004372],[2.6383429,48.897704],[2.632575,48.8981092],[2.6293127,48.8987095],[2.6299524,48.897721],[2.6298488,48.8970049],[2.6287049,48.8954462],[2.6281483,48.8956949],[2.626815,48.8943044],[2.6277515,48.8935579],[2.6289133,48.8930206],[2.6315347,48.8902265],[2.6226416,48.8853804],[2.6235305,48.8850104],[2.6213261,48.8836141],[2.6227314,48.8821504],[2.6221869,48.8815352],[2.6224963,48.8809048],[2.6220994,48.8802306],[2.6230552,48.8800699],[2.622873,48.8791413],[2.6232398,48.8779925],[2.622146,48.8769243],[2.6220792,48.8757937],[2.6225702,48.875188],[2.6226415,48.874473],[2.6253762,48.8739648]]]]}},{"type":"Feature","properties":{"id":"77058","nom":"BUSSY-SAINT-GEORGES","created":"2003-10-01","updated":"2025-10-27","code_commune":"77058"},"geometry":{"type":"MultiPolygon","coordinates":[[[[2.7279949,48.7971797],[2.7338408,48.7995581],[2.7316453,48.8023238],[2.7327516,48.8025936],[2.7380277,48.8046981],[2.7444518,48.8027367],[2.745401,48.8028205],[2.7461171,48.8027147],[2.7483322,48.804315],[2.7486828,48.8058237],[2.7508705,48.8068504],[2.7511511,48.8073398],[2.7506198,48.808605],[2.7497719,48.809205],[2.7494641,48.8101393],[2.749543,48.8113864],[2.750291,48.8126372],[2.7507226,48.8130225],[2.7512924,48.8145884],[2.7502068,48.8152647],[2.7469877,48.8256443],[2.7496557,48.8250694],[2.7499226,48.8267935],[2.7500687,48.8268127],[2.7497344,48.828369],[2.747019,48.8311657],[2.7461006,48.8327093],[2.75051,48.8335227],[2.7493111,48.8348309],[2.7480166,48.8371076],[2.7476989,48.8394425],[2.7478924,48.8396582],[2.7481247,48.8416415],[2.7472639,48.8429844],[2.7448529,48.8447203],[2.7444626,48.8459293],[2.7438778,48.8465055],[2.7418112,48.8480063],[2.7399059,48.8488018],[2.7397849,48.848984],[2.7399994,48.8492282],[2.737876,48.8496738],[2.7375764,48.8500346],[2.7364969,48.8504944],[2.7365328,48.8507658],[2.7359638,48.8513429],[2.7356462,48.8512801],[2.7353686,48.8515358],[2.7350526,48.8514911],[2.7348527,48.8516793],[2.7342556,48.8515935],[2.7337827,48.8517338],[2.7320049,48.8526481],[2.7307478,48.8520104],[2.7287664,48.8489865],[2.7193374,48.8488322],[2.7042936,48.8495309],[2.7042781,48.8496446],[2.6984777,48.8492259],[2.6987571,48.8481419],[2.6973429,48.8469073],[2.6953139,48.8466816],[2.695399,48.8463171],[2.6943769,48.8461593],[2.6915928,48.8447556],[2.6919378,48.8443196],[2.6905506,48.8434045],[2.6910497,48.8419887],[2.6907383,48.8417491],[2.690978,48.8415604],[2.6905306,48.8413452],[2.690584,48.8412097],[2.6913945,48.841009],[2.6911996,48.8408835],[2.6916762,48.8406448],[2.6893137,48.8401005],[2.6846523,48.8387195],[2.6844144,48.8393808],[2.6844311,48.8403369],[2.6837242,48.8418026],[2.6797729,48.8428502],[2.6776825,48.8439376],[2.6749841,48.8425385],[2.6729305,48.8418312],[2.6712992,48.8436501],[2.6715671,48.843758],[2.6705539,48.8446451],[2.6729586,48.8464447],[2.6699414,48.8478563],[2.6665317,48.8447202],[2.6683692,48.8409305],[2.6688704,48.8411021],[2.6694134,48.8405031],[2.6711138,48.8411224],[2.6723439,48.8408961],[2.6743158,48.8402459],[2.6762105,48.8390704],[2.6763188,48.8391505],[2.6814348,48.8364459],[2.6852498,48.8341863],[2.6867559,48.832808],[2.6877804,48.8310163],[2.7205788,48.8290589],[2.7210659,48.8278926],[2.7260228,48.8281898],[2.7286589,48.826347],[2.7212824,48.8186693],[2.7276545,48.8163156],[2.728325,48.8159255],[2.7296034,48.8139543],[2.7284457,48.8082452],[2.726103,48.8093717],[2.7234776,48.80823],[2.7221852,48.8094803],[2.721686,48.8093615],[2.7220425,48.8088505],[2.7214328,48.8074344],[2.7206726,48.806833],[2.7242854,48.8011492],[2.7259898,48.7999552],[2.7273776,48.7984255],[2.7279949,48.7971797]]]]}},{"type":"Feature","properties":{"id":"77059","nom":"BUSSY-SAINT-MARTIN","created":"2003-08-22","updated":"2025-12-08","code_commune":"77059"},"geometry":{"type":"MultiPolygon","coordinates":[[[[2.6585417,48.8384321],[2.6642394,48.8406467],[2.6652899,48.8397067],[2.6673062,48.840771],[2.6676243,48.8404913],[2.6682025,48.8407454],[2.6683396,48.8408959],[2.6665327,48.8447353],[2.6699414,48.8478563],[2.6729088,48.8464955],[2.6705167,48.8446623],[2.6715921,48.8437464],[2.671318,48.8436402],[2.6729034,48.8418887],[2.6749317,48.8425113],[2.6777341,48.8439529],[2.679763,48.8428359],[2.683764,48.8417653],[2.6843381,48.8405281],[2.6844206,48.8392328],[2.6846704,48.8387151],[2.6891308,48.8400768],[2.6916413,48.8406355],[2.6914023,48.841039],[2.690527,48.8412587],[2.6910228,48.8416949],[2.6906279,48.8418045],[2.6909679,48.8419989],[2.6905711,48.8434444],[2.6918755,48.8442911],[2.6915418,48.8447279],[2.6943863,48.8461388],[2.6954385,48.8463255],[2.6952117,48.8466421],[2.6973512,48.8468827],[2.6988817,48.848256],[2.6973178,48.8540612],[2.6967165,48.8540032],[2.6919511,48.8520131],[2.6917746,48.8520952],[2.6913756,48.8512764],[2.6899171,48.85081],[2.6886851,48.8508223],[2.6857994,48.8502949],[2.6844276,48.8498256],[2.684597,48.8495269],[2.6831725,48.8490792],[2.6753039,48.8499765],[2.6725602,48.8501631],[2.6647134,48.8503259],[2.6623361,48.8500194],[2.6625752,48.848746],[2.6623495,48.8479019],[2.6615329,48.8470948],[2.6603663,48.8465885],[2.6596805,48.8464976],[2.6605599,48.8432571],[2.6588486,48.8430573],[2.6584712,48.8428895],[2.6591239,48.8409704],[2.6578828,48.8408646],[2.6580842,48.8402692],[2.6580097,48.8393247],[2.6585417,48.8384321]]]]}},{"type":"Feature","properties":{"id":"77062","nom":"CARNETIN","created":"2007-02-06","updated":"2025-10-27","code_commune":"77062"},"geometry":{"type":"MultiPolygon","coordinates":[[[[2.705338,48.8961133],[2.7062314,48.8962787],[2.7065658,48.8968785],[2.7071716,48.8970823],[2.7077186,48.8970021],[2.709506,48.8973424],[2.710007,48.8978447],[2.7095707,48.8991831],[2.711646,48.8997101],[2.7088994,48.9017842],[2.7073441,48.9024402],[2.7093343,48.9036899],[2.7102989,48.9039269],[2.709765,48.9047789],[2.7087614,48.904582],[2.7080488,48.9042624],[2.7076904,48.9047443],[2.7077266,48.9054206],[2.7063171,48.9052084],[2.706153,48.9059995],[2.7069675,48.9073234],[2.7057737,48.9074324],[2.7057503,48.9073405],[2.7047387,48.9074028],[2.7046467,48.907294],[2.7024639,48.9099566],[2.7014138,48.9098599],[2.6996032,48.910361],[2.6964201,48.9097861],[2.6962967,48.9099392],[2.6936278,48.9100046],[2.6925571,48.9110356],[2.6910255,48.9120705],[2.690199,48.9116894],[2.6895655,48.9110314],[2.6889183,48.9108512],[2.6878029,48.9108511],[2.6878373,48.9101399],[2.6891255,48.9083761],[2.6900178,48.9045559],[2.690719,48.9038449],[2.6923724,48.9028358],[2.6929412,48.9022122],[2.6927222,48.9005487],[2.6929543,48.8999346],[2.6998284,48.8993972],[2.7007768,48.8999587],[2.7028093,48.8984603],[2.7035542,48.8984433],[2.7036585,48.898057],[2.7038316,48.8981036],[2.705338,48.8961133]]]]}},{"type":"Feature","properties":{"id":"77067","nom":"CESSON","created":"1996-12-11","updated":"2023-05-15","code_commune":"77067"},"geometry":{"type":"MultiPolygon","coordinates":[[[[2.5964986,48.5452672],[2.6051751,48.5540329],[2.6062923,48.5567994],[2.606674,48.558455],[2.6074959,48.5583155],[2.6076446,48.5588652],[2.6082531,48.5587621],[2.6092105,48.5623795],[2.6101861,48.5620297],[2.6104888,48.5633766],[2.6104514,48.5646041],[2.6088224,48.5642649],[2.6076108,48.5673925],[2.6091263,48.5719343],[2.6124218,48.5799671],[2.596256,48.5938442],[2.5948855,48.5930438],[2.5985566,48.5898253],[2.5968615,48.587044],[2.5966711,48.5870293],[2.596058,48.5840941],[2.5965659,48.583303],[2.5965702,48.5761864],[2.5894949,48.5690536],[2.5901237,48.5687875],[2.590434,48.5683588],[2.5906245,48.5680376],[2.5904706,48.5676824],[2.5897063,48.5671292],[2.588773,48.5670386],[2.5887168,48.5664598],[2.5872078,48.5639779],[2.5863096,48.5630311],[2.5859954,48.5632095],[2.5848732,48.561848],[2.5852061,48.5617527],[2.5849379,48.5614446],[2.5836758,48.5607084],[2.5831159,48.5613544],[2.5798076,48.5602625],[2.5798348,48.5594203],[2.5784302,48.5598486],[2.5779756,48.5604948],[2.5772911,48.5608328],[2.5749592,48.5614038],[2.5739302,48.5621603],[2.5719238,48.5631705],[2.5668578,48.5637716],[2.5662644,48.5637104],[2.5674296,48.5630672],[2.5682796,48.5622634],[2.568738,48.5592791],[2.5680871,48.5578992],[2.5677854,48.5560993],[2.567414,48.555383],[2.5713392,48.5547282],[2.5728737,48.5546301],[2.5804621,48.554253],[2.5842537,48.5544391],[2.5841588,48.5531973],[2.5819612,48.5467918],[2.5889518,48.5480183],[2.5964986,48.5452672]]]]}},{"type":"Feature","properties":{"id":"77075","nom":"CHALIFERT","created":"2007-02-07","updated":"2026-01-21","code_commune":"77075"},"geometry":{"type":"MultiPolygon","coordinates":[[[[2.7773178,48.881194],[2.7766864,48.8825993],[2.7768654,48.8834183],[2.7780001,48.885683],[2.7774558,48.8868557],[2.7781654,48.8870214],[2.7810812,48.8886841],[2.7834839,48.8897103],[2.7853852,48.8927166],[2.7865557,48.8949819],[2.785217,48.8950369],[2.7825227,48.8957351],[2.781823,48.8960229],[2.7818273,48.8962702],[2.7781812,48.8980426],[2.7753234,48.9012568],[2.7750017,48.901884],[2.7762262,48.902738],[2.7755277,48.9028773],[2.7744614,48.9046645],[2.7749525,48.906621],[2.7759153,48.9088367],[2.7764401,48.9091541],[2.7781523,48.9095908],[2.7742401,48.9106831],[2.7732622,48.9082341],[2.7731629,48.907455],[2.7714829,48.9072937],[2.7698974,48.9073266],[2.7700743,48.906689],[2.7678081,48.9055235],[2.7676422,48.9056163],[2.76659,48.9048128],[2.7659083,48.905186],[2.7650513,48.905405],[2.7644627,48.9044621],[2.7631825,48.9047837],[2.7611087,48.9048589],[2.7608886,48.9041807],[2.7642036,48.9034552],[2.76673,48.902533],[2.7677175,48.9017859],[2.7680185,48.9009206],[2.7682168,48.8990502],[2.7687107,48.8971539],[2.7678227,48.8937457],[2.767396,48.8927588],[2.7657738,48.8912214],[2.7642368,48.8892284],[2.76659,48.8883967],[2.7664346,48.8877462],[2.7678489,48.8880425],[2.7692722,48.8879913],[2.7704591,48.8873287],[2.7685564,48.8858394],[2.7704186,48.8845058],[2.7711815,48.8844788],[2.7718891,48.8832933],[2.7736302,48.8813979],[2.7773178,48.881194]]]]}},{"type":"Feature","properties":{"id":"77083","nom":"CHAMPS-SUR-MARNE","created":"2003-09-26","updated":"2025-10-27","code_commune":"77083"},"geometry":{"type":"MultiPolygon","coordinates":[[[[2.6108885,48.8303277],[2.6108449,48.8317267],[2.6117907,48.8332335],[2.6124022,48.8365157],[2.612009,48.8370904],[2.6120295,48.8382625],[2.611849,48.838242],[2.6109011,48.8433603],[2.6120122,48.8433932],[2.6115058,48.8470515],[2.6136397,48.8469904],[2.6134771,48.848343],[2.613918,48.8526766],[2.6109567,48.8525838],[2.6108124,48.8590335],[2.6064489,48.8603651],[2.6031135,48.8625117],[2.5994629,48.8661764],[2.5996627,48.8666441],[2.5986641,48.8668479],[2.5917069,48.8656761],[2.5896729,48.8651708],[2.5874662,48.8650408],[2.5880514,48.8643328],[2.5869766,48.8602222],[2.5859097,48.8595471],[2.5832548,48.8583495],[2.5814869,48.8589762],[2.5832217,48.8554135],[2.5803824,48.8553744],[2.5792775,48.8552121],[2.5741385,48.8534357],[2.576712,48.8498384],[2.5792209,48.8456152],[2.5859475,48.8355766],[2.5867752,48.8343948],[2.5907193,48.8338255],[2.6047164,48.8311872],[2.6108885,48.8303277]]]]}},{"type":"Feature","properties":{"id":"77085","nom":"CHANTELOUP EN BRIE","created":"2003-08-22","updated":"2026-01-22","code_commune":"77085"},"geometry":{"type":"MultiPolygon","coordinates":[[[[2.7425225,48.8474821],[2.7428957,48.8472137],[2.7449177,48.8477395],[2.7462571,48.8486871],[2.7474819,48.8492728],[2.7475026,48.8494441],[2.7479291,48.8493636],[2.747953,48.8499232],[2.7485487,48.85005],[2.748863,48.8496198],[2.7523128,48.8503196],[2.752619,48.8535057],[2.7530771,48.8548107],[2.7524243,48.8551813],[2.7545855,48.8568379],[2.7538712,48.8572388],[2.7534026,48.8599279],[2.7536455,48.8608216],[2.7533001,48.8644539],[2.7519416,48.8645712],[2.7507167,48.8644272],[2.7487587,48.8632252],[2.7454073,48.8620524],[2.7345802,48.8682336],[2.7296596,48.8690738],[2.7252407,48.865101],[2.7253235,48.8647809],[2.7274007,48.8641486],[2.726919,48.863369],[2.725831,48.8629674],[2.7261979,48.8626276],[2.7259476,48.8622921],[2.7259258,48.8614937],[2.7265983,48.8601471],[2.7279773,48.8592431],[2.7292081,48.8565049],[2.7308338,48.8558152],[2.7295031,48.8547735],[2.7304134,48.8542334],[2.7312578,48.8530893],[2.731529,48.853067],[2.7314006,48.8529335],[2.7316869,48.8529099],[2.7329275,48.8520932],[2.7338018,48.8517308],[2.7342755,48.8515894],[2.7348821,48.8516611],[2.7350481,48.8514964],[2.7354038,48.8515181],[2.7356614,48.8512707],[2.7359789,48.8513378],[2.7365765,48.8507593],[2.7363846,48.8506457],[2.7375815,48.8500308],[2.7376074,48.8498362],[2.7400044,48.8492318],[2.7397819,48.8489811],[2.7399145,48.8487963],[2.7418404,48.8479718],[2.7425225,48.8474821]]]]}},{"type":"Feature","properties":{"id":"77108","nom":"CHELLES","created":"2006-10-23","updated":"2025-12-26","code_commune":"77108"},"geometry":{"type":"MultiPolygon","coordinates":[[[[2.6169739,48.8611763],[2.6148068,48.8641856],[2.6144205,48.8651554],[2.6127848,48.8657918],[2.6123402,48.8662349],[2.6118957,48.8669891],[2.6119774,48.8679748],[2.6131505,48.8676155],[2.6137215,48.868999],[2.6183763,48.8691449],[2.6213024,48.8686459],[2.6218415,48.8693618],[2.6240031,48.8710605],[2.6240989,48.8715882],[2.6253613,48.8739876],[2.6226529,48.8744673],[2.6225379,48.8752869],[2.6220501,48.8758407],[2.6220158,48.8769133],[2.6232572,48.87804],[2.622868,48.8791284],[2.6230544,48.8800667],[2.622096,48.8802299],[2.6225083,48.8809296],[2.6222326,48.8813588],[2.622274,48.8816886],[2.6227878,48.8821547],[2.621359,48.883605],[2.6235683,48.8849995],[2.6226467,48.8853898],[2.631522,48.8902561],[2.6288877,48.893049],[2.6277774,48.8934918],[2.6240632,48.8958599],[2.6229781,48.8968175],[2.6193567,48.8988692],[2.6181246,48.8997702],[2.6163388,48.9019833],[2.6162062,48.9026453],[2.6147162,48.9037926],[2.6124431,48.9045237],[2.6101341,48.9047477],[2.6003097,48.9046189],[2.594364,48.9067193],[2.5923134,48.907723],[2.5919873,48.9071228],[2.5916004,48.9073386],[2.5908211,48.9065636],[2.5892708,48.9064519],[2.5890584,48.9055165],[2.5875219,48.9054887],[2.5863596,48.905136],[2.58545,48.9045892],[2.5841297,48.903383],[2.5845267,48.9029927],[2.5844015,48.9027636],[2.5848874,48.9023891],[2.5846775,48.9021756],[2.5877627,48.8995601],[2.589329,48.8986719],[2.5869198,48.8980363],[2.5875128,48.8973338],[2.5879742,48.8960678],[2.5867013,48.8962124],[2.5870584,48.8951434],[2.5869428,48.8939848],[2.5852507,48.8937726],[2.5838798,48.8948011],[2.5819836,48.8940342],[2.5808283,48.8937532],[2.5783225,48.8934495],[2.577041,48.8928261],[2.5766207,48.8922279],[2.5758,48.8925718],[2.5757214,48.8923975],[2.5747394,48.8927533],[2.5744812,48.8925232],[2.5740136,48.8927362],[2.573064,48.8920907],[2.572267,48.8924893],[2.570908,48.8914075],[2.5710941,48.8912276],[2.570434,48.8907701],[2.5705746,48.8907003],[2.5701646,48.890332],[2.5683522,48.8909409],[2.5676862,48.890341],[2.5675707,48.8905534],[2.5668298,48.8909405],[2.5661317,48.8903072],[2.5652751,48.8900108],[2.5648702,48.8902407],[2.5643897,48.8898144],[2.5648576,48.8895349],[2.5641334,48.8890726],[2.5631692,48.8893714],[2.5627756,48.8896934],[2.5621401,48.8887786],[2.5614363,48.8888147],[2.5617255,48.888012],[2.5615012,48.8875047],[2.5603377,48.8872468],[2.5598584,48.8869139],[2.5591882,48.8851622],[2.5606858,48.8845869],[2.5603748,48.884192],[2.5613858,48.883915],[2.5612726,48.8837421],[2.5620181,48.8833963],[2.5622043,48.8835042],[2.562703,48.8832163],[2.5624892,48.8830517],[2.5648053,48.8813882],[2.5657567,48.8820272],[2.566959,48.8813986],[2.5672514,48.881565],[2.5680744,48.8812987],[2.5684632,48.8813862],[2.5692309,48.8807088],[2.569794,48.8805752],[2.5707088,48.8799852],[2.5714014,48.8797788],[2.5714022,48.8792185],[2.5719279,48.8782168],[2.571099,48.8780739],[2.56976,48.8757158],[2.5693266,48.8752156],[2.5680362,48.8744713],[2.5683668,48.8733594],[2.5677614,48.8726283],[2.5689914,48.871692],[2.5695441,48.8704588],[2.5703948,48.8697351],[2.5705636,48.8693886],[2.5702973,48.8689453],[2.569235,48.8681418],[2.5676193,48.8658639],[2.5688848,48.8659659],[2.5699248,48.8662414],[2.5724201,48.8679376],[2.5755095,48.8659747],[2.5755655,48.865361],[2.5763893,48.8652238],[2.5838936,48.8655472],[2.585698,48.8653622],[2.5869527,48.8650211],[2.5889274,48.8649447],[2.5939733,48.8660874],[2.5970687,48.8665398],[2.5976788,48.8668072],[2.599289,48.8665736],[2.605734,48.8648209],[2.6061221,48.8654686],[2.6052994,48.8660231],[2.6054006,48.8661611],[2.6103267,48.863566],[2.6135784,48.8625133],[2.6147851,48.8618426],[2.6163992,48.8615356],[2.6169739,48.8611763]]]]}},{"type":"Feature","properties":{"id":"77111","nom":"CHESSY","created":"2005-06-08","updated":"2026-03-05","code_commune":"77111"},"geometry":{"type":"MultiPolygon","coordinates":[[[[2.7725864,48.8546818],[2.7736846,48.8557655],[2.7777298,48.8580481],[2.778823,48.8588489],[2.7799032,48.860128],[2.7805423,48.8616849],[2.7818008,48.8618751],[2.7838919,48.8617492],[2.7837287,48.8601684],[2.7855545,48.8600774],[2.7860172,48.8608236],[2.7863096,48.8608118],[2.7862368,48.8600794],[2.7867133,48.8600486],[2.7866593,48.862137],[2.7891917,48.8693791],[2.7908814,48.8704104],[2.791779,48.8712442],[2.7835083,48.8745518],[2.7774654,48.8756056],[2.7780173,48.8793695],[2.7777936,48.8803793],[2.7773291,48.8812165],[2.7736636,48.8813946],[2.7719026,48.8833069],[2.7711887,48.8844869],[2.7705284,48.8844366],[2.7685579,48.8858456],[2.7704374,48.8873497],[2.7692426,48.8879959],[2.7678952,48.8880579],[2.766567,48.8877154],[2.7663975,48.8879165],[2.7665582,48.8884564],[2.7642603,48.8892478],[2.7634482,48.888626],[2.7613906,48.8878051],[2.759862,48.8867851],[2.7546424,48.8841812],[2.7519875,48.8836438],[2.7504463,48.8838758],[2.7476597,48.8839908],[2.7490579,48.8809722],[2.7494258,48.8796764],[2.7503476,48.8781125],[2.7651118,48.8695733],[2.7643988,48.8668904],[2.764637,48.8612317],[2.7643028,48.8605265],[2.7628925,48.8602086],[2.7635732,48.8590047],[2.7653422,48.8567423],[2.7666789,48.8554593],[2.7677129,48.8560465],[2.7684653,48.855422],[2.7690172,48.8557308],[2.7696452,48.855365],[2.770467,48.855401],[2.7721328,48.8543526],[2.7725864,48.8546818]]]]}},{"type":"Feature","properties":{"id":"77121","nom":"COLLEGIEN","created":"2003-08-22","updated":"2025-11-05","code_commune":"77121"},"geometry":{"type":"MultiPolygon","coordinates":[[[[2.689132,48.8086514],[2.6891064,48.8098767],[2.6874719,48.8117367],[2.6905809,48.8153054],[2.6912806,48.8139502],[2.6929971,48.81577],[2.6796667,48.8285676],[2.6828479,48.8297236],[2.6873636,48.8303675],[2.6879986,48.8301011],[2.6899477,48.8303995],[2.6898782,48.8308987],[2.6875493,48.8310324],[2.6865864,48.8328057],[2.6847812,48.8344655],[2.6810586,48.8366214],[2.6762907,48.8391511],[2.6761974,48.8390779],[2.6743015,48.8402722],[2.6724768,48.8408599],[2.6710123,48.8411056],[2.6694369,48.8404976],[2.6688708,48.8410958],[2.6676243,48.8404913],[2.6673038,48.8407683],[2.6652922,48.8397049],[2.6642386,48.8406474],[2.6585417,48.8384321],[2.6600073,48.8365039],[2.6606118,48.8350453],[2.6614377,48.833882],[2.6625847,48.8328082],[2.6646143,48.8337076],[2.6696665,48.827229],[2.6747499,48.8272624],[2.6802606,48.8111356],[2.6818446,48.811026],[2.6843677,48.8122775],[2.6859813,48.8106174],[2.6873306,48.8099763],[2.689132,48.8086514]]]]}},{"type":"Feature","properties":{"id":"77122","nom":"COMBS LA VILLE","created":"1998-11-10","updated":"2025-12-12","code_commune":"77122"},"geometry":{"type":"MultiPolygon","coordinates":[[[[2.5675942,48.6425465],[2.5683613,48.6435279],[2.5728551,48.6438642],[2.5742453,48.6466926],[2.5941953,48.6461806],[2.5918442,48.6425578],[2.6084517,48.6430491],[2.6069491,48.6477361],[2.6091985,48.6487628],[2.6129269,48.6514326],[2.6146817,48.6525154],[2.6154223,48.6528018],[2.6163265,48.6528976],[2.6170138,48.652771],[2.6182019,48.6521257],[2.6191333,48.6513678],[2.6196338,48.6515261],[2.6149306,48.6581775],[2.6131961,48.6652549],[2.6126042,48.6649703],[2.6127277,48.6620216],[2.6102314,48.6625918],[2.6076535,48.6634147],[2.6030843,48.6637441],[2.6007779,48.6637503],[2.6005616,48.6646299],[2.5990989,48.6664276],[2.5986183,48.6663232],[2.5961436,48.6647582],[2.5958255,48.6650458],[2.5975664,48.6661707],[2.596942,48.6663126],[2.5951305,48.6652998],[2.5947468,48.6647128],[2.5942,48.6643718],[2.593121,48.6644474],[2.5906012,48.6642305],[2.5867323,48.665297],[2.5854014,48.6660561],[2.5839335,48.6671709],[2.5831713,48.6682317],[2.5831402,48.6684117],[2.5835032,48.6685171],[2.5836922,48.6689447],[2.5834001,48.6691845],[2.5830563,48.6709381],[2.5832589,48.6723517],[2.5833814,48.6725945],[2.5842637,48.6730283],[2.5849297,48.6736999],[2.5853036,48.6748144],[2.58487,48.6762258],[2.5838361,48.6773472],[2.5831238,48.6777825],[2.5794881,48.6778447],[2.5742619,48.6766682],[2.5727754,48.6758577],[2.572733,48.6756791],[2.5711592,48.6750759],[2.5705363,48.6732654],[2.570527,48.6721325],[2.570969,48.6708425],[2.5719681,48.6700257],[2.5719265,48.6688271],[2.5717114,48.6684356],[2.5707057,48.6680635],[2.5700954,48.667335],[2.568712,48.6666553],[2.5669668,48.6671254],[2.5660046,48.6672642],[2.5651208,48.6671975],[2.5632783,48.6679316],[2.5615674,48.669763],[2.5604841,48.6713414],[2.5593421,48.6723882],[2.5579537,48.6742817],[2.5579162,48.6749817],[2.5576532,48.675465],[2.5569959,48.6759401],[2.5560139,48.6760393],[2.5554733,48.6759162],[2.5525568,48.674132],[2.5522353,48.6733214],[2.5518999,48.6711314],[2.5508662,48.6696455],[2.5500141,48.6689913],[2.5495695,48.6688823],[2.5495761,48.6690915],[2.5490323,48.6692537],[2.548727,48.6697526],[2.5482117,48.6700945],[2.5475222,48.6717967],[2.5447838,48.6710758],[2.5455038,48.6696456],[2.5444135,48.6693212],[2.543241,48.6686374],[2.5403316,48.6647905],[2.5400079,48.6654769],[2.5399016,48.664268],[2.5386739,48.6635206],[2.5348677,48.662058],[2.5381709,48.6596086],[2.5334261,48.65722],[2.5411948,48.6514671],[2.5441691,48.6515672],[2.5443593,48.6512531],[2.5458256,48.65159],[2.5473702,48.6515008],[2.5475955,48.6503984],[2.5489091,48.6474432],[2.5493863,48.6450074],[2.5504663,48.6456176],[2.5560492,48.6444915],[2.556332,48.6447738],[2.5592071,48.6445451],[2.5602737,48.6442328],[2.5616907,48.644126],[2.5617679,48.6439226],[2.5675942,48.6425465]]]]}},{"type":"Feature","properties":{"id":"77124","nom":"CONCHES SUR GONDOIRE","created":"2004-10-27","updated":"2025-10-27","code_commune":"77124"},"geometry":{"type":"MultiPolygon","coordinates":[[[[2.7307396,48.8520227],[2.7320435,48.8526529],[2.7313827,48.8529717],[2.7315304,48.8530939],[2.7312628,48.8530949],[2.7304075,48.8542598],[2.729502,48.8547904],[2.7308597,48.8558331],[2.7291668,48.8566173],[2.7280891,48.8591161],[2.7275556,48.8595869],[2.726846,48.8598708],[2.7252939,48.8600439],[2.7237406,48.8613401],[2.720881,48.8629209],[2.718882,48.8642494],[2.7157278,48.8655932],[2.7147182,48.8657249],[2.7138434,48.8655689],[2.7135603,48.8648052],[2.7115747,48.8649614],[2.7095022,48.8648469],[2.7108431,48.8628574],[2.7106891,48.8620946],[2.7099546,48.8610227],[2.7094131,48.8589781],[2.70938,48.8571505],[2.709833,48.8541358],[2.7114643,48.8539911],[2.714303,48.8540787],[2.7218907,48.853484],[2.7234771,48.8537006],[2.7255387,48.8536132],[2.7276191,48.8529889],[2.7290464,48.8522263],[2.7307396,48.8520227]]]]}},{"type":"Feature","properties":{"id":"77139","nom":"COURTRY","created":"2002-11-06","updated":"2025-12-10","code_commune":"77139"},"geometry":{"type":"MultiPolygon","coordinates":[[[[2.612493,48.9045276],[2.6138404,48.9093787],[2.6140607,48.9178864],[2.6169006,48.9223959],[2.6172483,48.9235418],[2.6158165,48.924769],[2.6144388,48.9246027],[2.6087709,48.9247436],[2.6094027,48.925985],[2.6052506,48.9258066],[2.6046997,48.9279298],[2.6029242,48.9275358],[2.602724,48.9294263],[2.6016287,48.9291285],[2.5996564,48.9281974],[2.5977336,48.9278475],[2.5976018,48.9269173],[2.5964225,48.9259126],[2.5943362,48.9256807],[2.5925761,48.9250207],[2.589903,48.9227339],[2.589733,48.9228213],[2.5886246,48.9201562],[2.5890411,48.918713],[2.5888485,48.9172317],[2.5897442,48.9171915],[2.5898192,48.9157847],[2.5903677,48.9158225],[2.5903194,48.9132815],[2.5897267,48.9133954],[2.5892142,48.9120122],[2.5907382,48.9118494],[2.5888295,48.9094738],[2.5943754,48.9067244],[2.6003163,48.9046256],[2.6098837,48.9047893],[2.612493,48.9045276]]]]}},{"type":"Feature","properties":{"id":"77146","nom":"CROISSY-BEAUBOURG","created":"2004-05-06","updated":"2025-11-28","code_commune":"77146"},"geometry":{"type":"MultiPolygon","coordinates":[[[[2.6891383,48.8002843],[2.6895743,48.8004794],[2.6802345,48.8111572],[2.6747785,48.8272296],[2.6696707,48.8272339],[2.6657762,48.8323074],[2.6610427,48.832456],[2.6554696,48.8323429],[2.6378374,48.8309809],[2.6368794,48.8302001],[2.633496,48.8283177],[2.632689,48.8273418],[2.6312431,48.8261835],[2.6298157,48.8245364],[2.6283957,48.8211055],[2.6273915,48.8195857],[2.6282394,48.8177962],[2.6288662,48.8170972],[2.6253146,48.815029],[2.6269809,48.8141318],[2.6286027,48.8127496],[2.629592,48.8113793],[2.6301353,48.8099177],[2.630215,48.8087457],[2.6299171,48.8072794],[2.6291996,48.8058857],[2.6281542,48.8045963],[2.6291944,48.8044776],[2.6323598,48.8045962],[2.6325188,48.805823],[2.633423,48.8063273],[2.6339332,48.8061875],[2.6348452,48.8065747],[2.6349669,48.8065087],[2.6371478,48.8075385],[2.6380628,48.8075388],[2.6383612,48.8077816],[2.6419666,48.8057975],[2.6462833,48.8060273],[2.6475239,48.8065383],[2.6491599,48.8087399],[2.6530182,48.8092372],[2.6558085,48.8098896],[2.6552229,48.8061309],[2.6550185,48.8026141],[2.6692493,48.8016916],[2.6820074,48.8006616],[2.6854632,48.800611],[2.6891383,48.8002843]]]]}},{"type":"Feature","properties":{"id":"77152","nom":"DAMMARIE LES LYS","created":"2001-05-16","updated":"2025-12-01","code_commune":"77152"},"geometry":{"type":"MultiPolygon","coordinates":[[[[2.6410044,48.4946516],[2.6441626,48.4978533],[2.6462878,48.5008508],[2.6492101,48.5059802],[2.6505237,48.5149502],[2.6514712,48.5149554],[2.6510349,48.5179723],[2.6550865,48.5178949],[2.6529274,48.5248142],[2.6528955,48.5254411],[2.6516358,48.5261383],[2.6498458,48.5275448],[2.6498147,48.527935],[2.6465218,48.530718],[2.6450131,48.5322222],[2.6447126,48.5341299],[2.6441333,48.5346435],[2.641578,48.5332984],[2.637435,48.5303392],[2.6355051,48.5292692],[2.6282806,48.5258913],[2.6226756,48.523962],[2.6152536,48.5197529],[2.6112112,48.5178511],[2.6077931,48.5167432],[2.6050966,48.5161216],[2.6023782,48.515821],[2.5978117,48.5160962],[2.5958473,48.5164036],[2.5935848,48.5170707],[2.5917331,48.5180431],[2.5880281,48.5204667],[2.5868437,48.5197164],[2.586117,48.5189368],[2.5858268,48.5191412],[2.5848203,48.5178206],[2.5858909,48.5173508],[2.5861807,48.5168524],[2.5860907,48.5155994],[2.5857282,48.514763],[2.604103,48.5080469],[2.6050556,48.5074185],[2.605895,48.5063871],[2.6070483,48.5058113],[2.607469,48.5052406],[2.6078651,48.5052025],[2.6085098,48.5053827],[2.6112692,48.5052297],[2.6123284,48.5050143],[2.6410044,48.4946516]]]]}},{"type":"Feature","properties":{"id":"77155","nom":"DAMPMART","created":"2007-08-06","updated":"2025-10-27","code_commune":"77155"},"geometry":{"type":"MultiPolygon","coordinates":[[[[2.7356771,48.8827254],[2.7392727,48.8827253],[2.7426223,48.882956],[2.745375,48.8833077],[2.7478373,48.8840005],[2.7514955,48.8837344],[2.7520305,48.883959],[2.754175,48.8841055],[2.7552373,48.8844442],[2.7600801,48.8869166],[2.761422,48.8877771],[2.7638908,48.8888914],[2.767433,48.892792],[2.7678651,48.8939173],[2.7686097,48.8971349],[2.7679783,48.9011135],[2.7673686,48.9021144],[2.7664228,48.9026592],[2.7644783,48.9033786],[2.760518,48.9042933],[2.7594166,48.9044154],[2.7474396,48.9033355],[2.7438059,48.9032872],[2.74032,48.9035011],[2.7350187,48.9035917],[2.7341312,48.9034087],[2.7319907,48.9023693],[2.7312434,48.9022108],[2.726767,48.9027999],[2.7244419,48.902881],[2.7244658,48.9017349],[2.725373,48.9018439],[2.7252639,48.9000802],[2.7266334,48.9000398],[2.7266195,48.8981188],[2.7270149,48.8980376],[2.7278185,48.898154],[2.7277933,48.8982745],[2.7287515,48.8983227],[2.728958,48.8968875],[2.7291417,48.8968985],[2.7304805,48.8922821],[2.7297555,48.8906307],[2.7299648,48.8867203],[2.7292568,48.8867707],[2.7290677,48.8843198],[2.7277615,48.8838798],[2.7278655,48.8831659],[2.7306078,48.8833271],[2.7327523,48.88325],[2.7356771,48.8827254]]]]}},{"type":"Feature","properties":{"id":"77169","nom":"EMERAINVILLE","created":"2004-04-21","updated":"2025-10-27","code_commune":"77169"},"geometry":{"type":"MultiPolygon","coordinates":[[[[2.6275252,48.8030019],[2.627895,48.8048353],[2.6281298,48.8046162],[2.6290131,48.8056059],[2.6297327,48.8068059],[2.6302378,48.8089683],[2.6297855,48.8109931],[2.6289503,48.8123599],[2.6274437,48.813806],[2.62553,48.8149461],[2.6288651,48.8170815],[2.6282435,48.8177951],[2.6273915,48.8195857],[2.6270883,48.8198431],[2.6151685,48.8232874],[2.615564,48.8245194],[2.6164226,48.825922],[2.6149021,48.825898],[2.6151199,48.8260276],[2.6130646,48.8259048],[2.6107842,48.8262066],[2.6103236,48.8269344],[2.611177,48.8287589],[2.6109072,48.8303217],[2.6062231,48.8309327],[2.5916906,48.833699],[2.5867551,48.8343623],[2.5873081,48.8335453],[2.5865806,48.8326043],[2.5857348,48.8293801],[2.5864363,48.8272645],[2.5868332,48.8269812],[2.5872304,48.8255836],[2.5875158,48.825354],[2.5883028,48.8259242],[2.5898782,48.8264946],[2.5912272,48.8276538],[2.5915845,48.8276624],[2.5924333,48.8269625],[2.5927485,48.8254347],[2.5924117,48.8238424],[2.5938306,48.8224335],[2.594673,48.8210368],[2.5945395,48.8199788],[2.5951823,48.8176246],[2.5949994,48.8169206],[2.5957719,48.8141539],[2.5968903,48.8144456],[2.5979783,48.8145448],[2.5994531,48.8149861],[2.6007947,48.8159556],[2.6017342,48.8156726],[2.6024704,48.814857],[2.6029089,48.814658],[2.604505,48.8121907],[2.6057822,48.8127032],[2.6067873,48.8137362],[2.6101452,48.8099846],[2.6169605,48.8064936],[2.6201392,48.8051775],[2.6222948,48.804649],[2.6275252,48.8030019]]]]}},{"type":"Feature","properties":{"id":"77181","nom":"FERRIERES-EN-BRIE","created":"2004-05-17","updated":"2026-01-15","code_commune":"77181"},"geometry":{"type":"MultiPolygon","coordinates":[[[[2.7168462,48.8052266],[2.7211161,48.8063366],[2.7207588,48.8069028],[2.7216414,48.8077108],[2.7221065,48.8088659],[2.7217054,48.8093774],[2.7219403,48.8094541],[2.7222705,48.809456],[2.7234599,48.808239],[2.726068,48.8093518],[2.7282629,48.8082471],[2.7295972,48.8139964],[2.7283541,48.8158422],[2.727707,48.8162927],[2.7212824,48.8186693],[2.7286283,48.8263629],[2.7259868,48.8282269],[2.7210659,48.8278926],[2.7205996,48.8290437],[2.6898836,48.8308983],[2.6899629,48.8303994],[2.6880032,48.8301106],[2.6874268,48.8303782],[2.6830632,48.8297728],[2.6796069,48.8285617],[2.6929986,48.8157805],[2.6928123,48.8155941],[2.7026491,48.8155938],[2.7017668,48.8143122],[2.7013711,48.8130135],[2.7168462,48.8052266]]]]}},{"type":"Feature","properties":{"id":"77209","nom":"GOUVERNES","created":"2006-01-06","updated":"2017-02-02","code_commune":"77209"},"geometry":{"type":"MultiPolygon","coordinates":[[[[2.6830142,48.84905],[2.6845084,48.8495356],[2.6843506,48.8498583],[2.6857318,48.8503223],[2.6887209,48.8507698],[2.6897406,48.8507034],[2.6914425,48.8513045],[2.6918159,48.8521224],[2.6967746,48.8540591],[2.6981119,48.8542073],[2.6997538,48.8547103],[2.7027385,48.855001],[2.7098047,48.8541539],[2.7093571,48.8589463],[2.7098754,48.8608512],[2.7106945,48.8621381],[2.7108216,48.8628646],[2.7095273,48.8648394],[2.701967,48.8656113],[2.6980243,48.865492],[2.6984519,48.8661848],[2.6960415,48.8666106],[2.6960304,48.8660936],[2.6952955,48.8660961],[2.6909629,48.8653376],[2.6914056,48.8639161],[2.6923767,48.8626452],[2.6911643,48.8621985],[2.6909927,48.8616461],[2.6903309,48.8609664],[2.6902114,48.8604912],[2.6887041,48.860644],[2.6853193,48.8601193],[2.6840263,48.8602006],[2.6840288,48.8594947],[2.6830576,48.8591249],[2.6827365,48.8591706],[2.6827475,48.8592841],[2.6819348,48.8593179],[2.6818302,48.8591285],[2.6811436,48.8590662],[2.6808599,48.8588534],[2.6801854,48.8589722],[2.6799207,48.8587843],[2.6797011,48.8589342],[2.6790569,48.8588853],[2.676311,48.858067],[2.6761785,48.8579315],[2.6779313,48.8563399],[2.6778084,48.8562856],[2.6787403,48.8550046],[2.6761304,48.8545734],[2.6755353,48.8542813],[2.6761455,48.8538317],[2.6768024,48.8538769],[2.6777769,48.8534872],[2.6794646,48.8515361],[2.6813208,48.8506978],[2.6816336,48.8502824],[2.6822525,48.849965],[2.6830142,48.84905]]]]}},{"type":"Feature","properties":{"id":"77221","nom":"GUERMANTES","created":"2003-02-18","updated":"2025-10-27","code_commune":"77221"},"geometry":{"type":"MultiPolygon","coordinates":[[[[2.7194002,48.8488391],[2.7287826,48.8489804],[2.7307813,48.8520026],[2.7290965,48.8522027],[2.7276614,48.852975],[2.7255461,48.8535919],[2.724008,48.8537095],[2.7219432,48.8534934],[2.7142363,48.8540833],[2.7117452,48.853937],[2.7027385,48.855001],[2.6997538,48.8547104],[2.6973673,48.8541049],[2.6986738,48.8492621],[2.7043158,48.8496301],[2.7044254,48.8495234],[2.7194002,48.8488391]]]]}},{"type":"Feature","properties":{"id":"77243","nom":"LAGNY-SUR-MARNE","created":"2004-04-29","updated":"2025-10-27","code_commune":"77243"},"geometry":{"type":"MultiPolygon","coordinates":[[[[2.7268613,48.8598658],[2.7260902,48.8609278],[2.7258978,48.8617638],[2.7262022,48.8626234],[2.7258466,48.8629659],[2.7269367,48.863369],[2.727418,48.8641508],[2.7253364,48.8647782],[2.7252553,48.8650868],[2.7296624,48.8690816],[2.7288067,48.874105],[2.7305652,48.8742602],[2.7305241,48.8776511],[2.7314673,48.8776721],[2.7312629,48.8781501],[2.7307249,48.8784501],[2.7306521,48.8793346],[2.7312169,48.8793922],[2.730978,48.8806345],[2.7306179,48.8806453],[2.7308842,48.8817531],[2.7284427,48.8816882],[2.728214,48.8824652],[2.7303795,48.8822149],[2.7324615,48.8824914],[2.7328077,48.8826555],[2.7337538,48.8826065],[2.7347168,48.882828],[2.7339292,48.8830766],[2.7321664,48.8832929],[2.7288099,48.8832389],[2.7233347,48.882896],[2.7172328,48.8821255],[2.7134764,48.8814356],[2.7092267,48.8812111],[2.70568,48.880672],[2.6973759,48.8800791],[2.6928546,48.8800381],[2.6909554,48.8802426],[2.6883371,48.8800607],[2.6827173,48.8789276],[2.6743161,48.8766194],[2.6744962,48.8758583],[2.6776127,48.8729409],[2.6794317,48.870929],[2.6811884,48.8695959],[2.6829056,48.8702655],[2.6861528,48.8720553],[2.6867029,48.8728551],[2.6871356,48.8730827],[2.6917798,48.8745594],[2.6927656,48.8746124],[2.6941847,48.8750145],[2.6963688,48.8693072],[2.6966729,48.8664947],[2.6984355,48.8661742],[2.6981317,48.8654128],[2.7018433,48.8655888],[2.7093031,48.864881],[2.7114141,48.8649982],[2.7135907,48.8648033],[2.7138774,48.8656049],[2.7152561,48.8657859],[2.7188158,48.8642799],[2.723454,48.8615173],[2.7252543,48.8600855],[2.7268613,48.8598658]]]]}},{"type":"Feature","properties":{"id":"77249","nom":"LESIGNY","created":"2016-11-28","updated":"2025-10-27","code_commune":"77249"},"geometry":{"type":"MultiPolygon","coordinates":[[[[2.6028379,48.7256882],[2.6037631,48.7260887],[2.6039483,48.7260162],[2.6046571,48.7262512],[2.6059537,48.7262149],[2.6071451,48.7267644],[2.6103975,48.7297091],[2.6125965,48.7304934],[2.6127023,48.7307014],[2.6128953,48.7306569],[2.6139016,48.7312746],[2.6145078,48.731383],[2.6141387,48.731821],[2.6142425,48.7320947],[2.6148061,48.732362],[2.6154237,48.7331949],[2.6156638,48.733249],[2.6155702,48.7336316],[2.6158124,48.7337474],[2.6178149,48.7391094],[2.6183063,48.7390195],[2.6189518,48.7405008],[2.6226077,48.7425889],[2.6267914,48.7455264],[2.6279413,48.7466389],[2.6288765,48.7471432],[2.6301299,48.7473811],[2.6304681,48.7472491],[2.6340849,48.7489078],[2.6353237,48.7490808],[2.6369885,48.7496827],[2.6374018,48.7500263],[2.6377243,48.750751],[2.637785,48.7516479],[2.6385543,48.7533174],[2.6391302,48.7535286],[2.639253,48.7538639],[2.6406627,48.7547608],[2.6413717,48.7547381],[2.641747,48.75503],[2.6422595,48.7548484],[2.6424617,48.7551117],[2.6426136,48.7549357],[2.6428487,48.7550482],[2.6434032,48.7548768],[2.643391,48.7550567],[2.6437192,48.7551525],[2.6439874,48.7551645],[2.6441486,48.7549982],[2.6446051,48.7552773],[2.6456133,48.7553448],[2.6461569,48.7560796],[2.6468322,48.7560081],[2.6467565,48.7562373],[2.6474483,48.7564884],[2.6481707,48.7564565],[2.6486172,48.7567273],[2.6497261,48.756853],[2.6499105,48.7570291],[2.6497233,48.7572335],[2.6500251,48.7572537],[2.6501243,48.7575578],[2.65055,48.7577488],[2.6509848,48.7576675],[2.651129,48.7579916],[2.6490238,48.7603777],[2.6470464,48.7617145],[2.6437219,48.7632664],[2.641771,48.7634772],[2.6412719,48.7628816],[2.637857,48.7639267],[2.6368085,48.7631466],[2.636617,48.7633185],[2.6362341,48.7643942],[2.6370175,48.7655612],[2.6366006,48.7658846],[2.6370827,48.766476],[2.6394706,48.7664066],[2.6409644,48.7688071],[2.63111,48.7705254],[2.6332529,48.7683944],[2.6256285,48.7671699],[2.6241011,48.7652892],[2.6241153,48.7646192],[2.6193587,48.7627303],[2.6179506,48.7618108],[2.6164268,48.7613051],[2.6135367,48.7609975],[2.6112448,48.7613537],[2.6115502,48.7605166],[2.6048841,48.7591162],[2.6027299,48.759021],[2.5973816,48.7606696],[2.5993132,48.7554747],[2.5990936,48.7553237],[2.5998572,48.7551346],[2.6017585,48.754068],[2.602222,48.7536008],[2.600132,48.7509267],[2.5985035,48.7498967],[2.598038,48.7501135],[2.5961622,48.7471526],[2.5916523,48.747585],[2.5899593,48.746197],[2.5905376,48.7454328],[2.587776,48.7441787],[2.5876213,48.744228],[2.5850835,48.7418445],[2.5891132,48.740234],[2.5903171,48.7395565],[2.591612,48.7385178],[2.5914474,48.7375103],[2.5957454,48.7364601],[2.5944833,48.7359023],[2.5946097,48.7356953],[2.593894,48.7355073],[2.5947445,48.7319153],[2.595588,48.7303461],[2.5966328,48.7308411],[2.6000898,48.728673],[2.6001892,48.7286079],[2.5992905,48.727984],[2.6028379,48.7256882]]]]}},{"type":"Feature","properties":{"id":"77251","nom":"LIEUSAINT","created":"1998-03-20","updated":"2026-02-25","code_commune":"77251"},"geometry":{"type":"MultiPolygon","coordinates":[[[[2.58243,48.6057483],[2.5797139,48.6080809],[2.5783155,48.6100422],[2.5761614,48.6111195],[2.5619918,48.6232809],[2.5694719,48.6240074],[2.5699147,48.6243844],[2.5696171,48.6245649],[2.570456,48.62542],[2.5704842,48.6265159],[2.569566,48.6289391],[2.5696664,48.6292928],[2.5705066,48.6306965],[2.5705329,48.6313967],[2.5706593,48.6315432],[2.5710607,48.6315644],[2.5713437,48.6330304],[2.5727677,48.6330281],[2.5729497,48.6354143],[2.5740815,48.6353727],[2.5740118,48.636096],[2.5731916,48.6360225],[2.5721844,48.6363951],[2.57104,48.6365951],[2.5729903,48.6402324],[2.5747645,48.642461],[2.5737928,48.6429218],[2.5728551,48.6438642],[2.5683613,48.6435279],[2.5675942,48.6425465],[2.5618824,48.6438904],[2.5616907,48.644126],[2.5602737,48.6442328],[2.5592071,48.6445451],[2.556332,48.6447738],[2.5560492,48.6444915],[2.5504663,48.6456176],[2.5493863,48.6450074],[2.5489091,48.6474432],[2.5479451,48.6496567],[2.5441802,48.6476935],[2.5419161,48.6460889],[2.5429909,48.6459562],[2.5439301,48.6456405],[2.5428043,48.6442581],[2.5417924,48.6425672],[2.5408158,48.6428567],[2.5406836,48.6427328],[2.5419097,48.6417037],[2.5408384,48.6413083],[2.5418616,48.640443],[2.5409251,48.6402089],[2.5406808,48.6391711],[2.5408112,48.6377727],[2.5417202,48.637805],[2.542162,48.6367314],[2.5423891,48.6367318],[2.5424734,48.6361454],[2.5422597,48.6333087],[2.5415874,48.6333329],[2.5414137,48.6323422],[2.5375617,48.6332456],[2.5365169,48.6312248],[2.5330435,48.6318213],[2.5285417,48.6329354],[2.5271414,48.6334201],[2.5263426,48.6333676],[2.5244324,48.6329995],[2.5213328,48.6319263],[2.5190707,48.6307305],[2.5155934,48.6292377],[2.5163343,48.6283532],[2.5175879,48.6276291],[2.5250374,48.6212754],[2.5267332,48.6213445],[2.5267525,48.6192392],[2.5257187,48.6131809],[2.5406493,48.6112945],[2.5424606,48.6087571],[2.5461615,48.609055],[2.5527984,48.6078563],[2.5538022,48.6078045],[2.5545656,48.6079492],[2.555646,48.608483],[2.5576797,48.6091668],[2.5594186,48.6095662],[2.5616085,48.6098423],[2.5647569,48.6097697],[2.5673344,48.6093842],[2.5698779,48.6086908],[2.5739254,48.6080473],[2.5789046,48.6063304],[2.58243,48.6057483]]]]}},{"type":"Feature","properties":{"id":"77255","nom":"LIVRY-SUR-SEINE","created":"2001-12-05","updated":"2026-01-16","code_commune":"77255"},"geometry":{"type":"MultiPolygon","coordinates":[[[[2.6769486,48.4904449],[2.6845632,48.4941722],[2.6846167,48.4939192],[2.6903226,48.4970045],[2.6894162,48.4979805],[2.691109,48.4993146],[2.6922447,48.5005363],[2.6940674,48.5002084],[2.6957105,48.4995025],[2.6960094,48.4997426],[2.6978023,48.4986383],[2.7017944,48.5007543],[2.7022328,48.500176],[2.7039491,48.5011142],[2.7064594,48.5017472],[2.706426,48.5023542],[2.7059261,48.5032156],[2.7062854,48.5046618],[2.7079488,48.5068946],[2.7096412,48.5069144],[2.7094209,48.5083782],[2.7089353,48.508783],[2.7083567,48.5089131],[2.7076601,48.5089545],[2.7059369,48.5086592],[2.7051586,48.508952],[2.7039947,48.5128763],[2.7024394,48.5125737],[2.7027219,48.5118462],[2.7019718,48.5111697],[2.6975832,48.5103018],[2.6952138,48.5118502],[2.6941469,48.5137398],[2.6935409,48.5133645],[2.6917443,48.5144969],[2.6920696,48.514908],[2.6911902,48.5154229],[2.6910364,48.5152836],[2.6888745,48.5163593],[2.6895144,48.5172323],[2.6872338,48.5174454],[2.684867,48.5173787],[2.6836927,48.5168066],[2.6832877,48.5163582],[2.6823498,48.5161715],[2.6821384,48.5170016],[2.6786578,48.5168119],[2.6762102,48.5163908],[2.6745824,48.5162714],[2.6754705,48.5152922],[2.6723218,48.5149064],[2.6722945,48.51297],[2.6714716,48.5128893],[2.6700512,48.5130523],[2.6702945,48.5080654],[2.670214,48.504207],[2.6716184,48.4974714],[2.6718242,48.4941269],[2.6721444,48.4924292],[2.6730279,48.4906006],[2.6760197,48.4916598],[2.6769486,48.4904449]]]]}},{"type":"Feature","properties":{"id":"77258","nom":"LOGNES","created":"2007-01-29","updated":"2025-10-27","code_commune":"77258"},"geometry":{"type":"MultiPolygon","coordinates":[[[[2.6273931,48.819586],[2.6283903,48.8211054],[2.6298131,48.8245404],[2.6307394,48.825667],[2.6328883,48.8275364],[2.6334948,48.8283206],[2.6381394,48.8309972],[2.6537922,48.8322469],[2.6581922,48.8324347],[2.6557212,48.8353205],[2.6555956,48.835876],[2.654962,48.8363432],[2.6546902,48.8363626],[2.6538314,48.8370808],[2.6533732,48.8370479],[2.6531947,48.8373369],[2.6529443,48.8371454],[2.6527206,48.8373126],[2.6523135,48.8373366],[2.6516031,48.8381203],[2.6512053,48.8382489],[2.6501379,48.838161],[2.6500304,48.8388718],[2.6490664,48.8387619],[2.6485344,48.8419926],[2.6480671,48.8421945],[2.6457168,48.842569],[2.6453722,48.8428439],[2.6398516,48.843184],[2.6394121,48.843363],[2.6379636,48.8453864],[2.6272393,48.8407357],[2.6193268,48.838827],[2.6203208,48.8368068],[2.6201695,48.8357474],[2.6195213,48.8347069],[2.6192382,48.833825],[2.6189114,48.8319586],[2.62178,48.8301716],[2.6221326,48.8292739],[2.6235852,48.8277848],[2.6192814,48.8265529],[2.6170587,48.8259957],[2.6164656,48.8259769],[2.6155763,48.8245385],[2.6151771,48.8232835],[2.6265369,48.8200465],[2.6273931,48.819586]]]]}},{"type":"Feature","properties":{"id":"77285","nom":"LE MEE SUR SEINE","created":"2001-05-18","updated":"2025-10-27","code_commune":"77285"},"geometry":{"type":"MultiPolygon","coordinates":[[[[2.6162807,48.5269711],[2.6249516,48.5292327],[2.6279573,48.5316053],[2.6292704,48.5302473],[2.6291876,48.5300843],[2.6319216,48.5276547],[2.6369238,48.5300474],[2.6417366,48.5334159],[2.6466869,48.5359027],[2.6488909,48.5366967],[2.6516351,48.5371334],[2.6507384,48.5389615],[2.6486825,48.5388779],[2.6488149,48.5395109],[2.6485701,48.5395102],[2.6490499,48.5407354],[2.646929,48.5412138],[2.64715,48.5426795],[2.6475509,48.5432438],[2.6476583,48.5452217],[2.6478407,48.5455772],[2.6470305,48.545984],[2.6444528,48.5468027],[2.6453381,48.5482577],[2.6431946,48.5488292],[2.6402015,48.5500692],[2.6294592,48.5533654],[2.6281249,48.5513859],[2.6269475,48.5510525],[2.6235996,48.5507836],[2.6228411,48.5505936],[2.6225317,48.5503285],[2.6225121,48.5499388],[2.6239177,48.5485956],[2.6236921,48.5462588],[2.6210954,48.5462951],[2.6209433,48.546736],[2.6176902,48.547093],[2.6111051,48.5424965],[2.6096902,48.5410285],[2.6111421,48.5397001],[2.6108902,48.5396331],[2.6108049,48.5392086],[2.6113876,48.5366828],[2.6127936,48.5359156],[2.6145943,48.5354342],[2.618281,48.5338211],[2.6087407,48.5307836],[2.6162807,48.5269711]]]]}},{"type":"Feature","properties":{"id":"77288","nom":"MELUN","created":"2001-02-05","updated":"2024-11-13","code_commune":"77288"},"geometry":{"type":"MultiPolygon","coordinates":[[[[2.6558933,48.5235285],[2.6557207,48.5243089],[2.6561854,48.5243706],[2.6560506,48.5250202],[2.6563302,48.525613],[2.6570797,48.525166],[2.6576565,48.5255192],[2.6585301,48.5249091],[2.6587043,48.525025],[2.6598216,48.5246069],[2.6642511,48.5239212],[2.6646556,48.5241545],[2.6639468,48.5254564],[2.6700555,48.5267807],[2.6695677,48.528272],[2.6680993,48.5305737],[2.6692806,48.5310166],[2.6662465,48.5337878],[2.6636906,48.5356396],[2.6634629,48.5360983],[2.6665037,48.5388513],[2.6671081,48.5387738],[2.6684742,48.5379258],[2.6694722,48.538073],[2.6696514,48.5386919],[2.674026,48.5377166],[2.6762015,48.5368853],[2.678271,48.5401397],[2.6784685,48.5413416],[2.682019,48.541541],[2.680496,48.5452397],[2.6795534,48.5464398],[2.6795593,48.5474804],[2.6792867,48.548164],[2.6801303,48.5487369],[2.6803834,48.5493551],[2.6796221,48.5503209],[2.6797506,48.5514106],[2.6775965,48.5518653],[2.6752681,48.5527413],[2.6737867,48.5518919],[2.6700247,48.5509559],[2.6654958,48.5532777],[2.666952,48.5588538],[2.6655078,48.5587271],[2.6611944,48.5590426],[2.6589068,48.5596384],[2.6532475,48.5600212],[2.6533499,48.5604507],[2.6494515,48.5607553],[2.6454303,48.5607109],[2.6465468,48.5582628],[2.644409,48.5587483],[2.6391684,48.5592885],[2.6375315,48.5578267],[2.6364673,48.5572844],[2.634877,48.5558533],[2.6284784,48.5535875],[2.6400813,48.5501078],[2.6415186,48.5493533],[2.6453361,48.5482764],[2.6444528,48.5468027],[2.6470891,48.5459539],[2.6478366,48.5455722],[2.6476531,48.5452072],[2.6477989,48.5451811],[2.6475678,48.5433264],[2.6471386,48.5426395],[2.6469529,48.541211],[2.6490888,48.5407287],[2.6486353,48.5395558],[2.6488024,48.5395536],[2.6486595,48.5388743],[2.6507198,48.5389613],[2.6512481,48.5381479],[2.6514573,48.5372861],[2.6472052,48.5361705],[2.6441483,48.534619],[2.6447179,48.5341315],[2.6450131,48.5322222],[2.6465218,48.530718],[2.6498206,48.5279283],[2.6498486,48.5275335],[2.6516323,48.5261401],[2.652867,48.5254404],[2.6532951,48.5236879],[2.6544269,48.5238413],[2.6544999,48.5235901],[2.6558933,48.5235285]]]]}},{"type":"Feature","properties":{"id":"77291","nom":"LE MESNIL-AMELOT","created":"2016-02-17","updated":"2026-03-09","code_commune":"77291"},"geometry":{"type":"MultiPolygon","coordinates":[[[[2.571511,48.9998723],[2.5780273,49.0004697],[2.5805226,49.0009238],[2.5802028,49.0013728],[2.5885322,49.0030884],[2.5892743,49.0021787],[2.5924062,49.0027265],[2.5919087,49.0041338],[2.5935757,49.0044292],[2.5959272,49.0051877],[2.5969294,49.0056591],[2.5970847,49.0054237],[2.6019566,49.0064826],[2.602721,49.0071859],[2.6066575,49.0069639],[2.6077803,49.0067364],[2.6085216,49.007312],[2.6114269,49.006693],[2.6108671,49.0076804],[2.6144868,49.0083043],[2.615645,49.0088605],[2.616299,49.0082529],[2.6178746,49.0089536],[2.6201381,49.0065939],[2.620509,49.0059995],[2.6242095,49.007008],[2.6243436,49.0084268],[2.6255611,49.0106635],[2.6276233,49.0125016],[2.6284336,49.0136202],[2.6298762,49.015068],[2.6301386,49.0157523],[2.6279857,49.0153374],[2.6275979,49.0165214],[2.6245327,49.016019],[2.6243467,49.0162842],[2.6224913,49.0155784],[2.6216228,49.0167484],[2.6222663,49.0169119],[2.6204342,49.0189248],[2.6209078,49.0191091],[2.6193973,49.0206089],[2.6187862,49.0203012],[2.6168298,49.0221035],[2.6177483,49.0225561],[2.6172367,49.0229929],[2.6162903,49.0224893],[2.6148521,49.0235448],[2.6142036,49.0233738],[2.6127692,49.0243147],[2.6134562,49.0248004],[2.61285,49.0250152],[2.6137714,49.0285614],[2.6107033,49.0304829],[2.6109764,49.0306979],[2.6103398,49.0312816],[2.6107899,49.0313823],[2.6101463,49.0322125],[2.6077379,49.0332218],[2.6074398,49.0329456],[2.6067348,49.033226],[2.6063343,49.0328215],[2.6045194,49.0333595],[2.6040977,49.0331444],[2.6034212,49.0334761],[2.601241,49.0351919],[2.6005948,49.0339227],[2.599424,49.0339805],[2.5993661,49.033836],[2.5959896,49.0339708],[2.5951557,49.033018],[2.5953564,49.0323997],[2.5951397,49.0323862],[2.5949581,49.0312553],[2.5915526,49.0300294],[2.5914775,49.0301498],[2.5899078,49.0296],[2.5892574,49.0289847],[2.5884413,49.0294987],[2.5855816,49.0261905],[2.5839079,49.0266586],[2.5827259,49.0249667],[2.5818449,49.0231724],[2.5810563,49.0230569],[2.581094,49.0225105],[2.5772076,49.0227858],[2.5772672,49.0213819],[2.5754315,49.0214537],[2.5763354,49.0186866],[2.573646,49.0184798],[2.5738257,49.0179715],[2.573029,49.0178941],[2.5734857,49.0165588],[2.5729726,49.0164598],[2.5734395,49.0154536],[2.5737073,49.0155049],[2.5741135,49.0147052],[2.5714019,49.0138103],[2.5655873,49.0123141],[2.5658782,49.0110193],[2.5691264,49.0112816],[2.5702578,49.009262],[2.5705877,49.0090689],[2.5695212,49.0087719],[2.5707194,49.007724],[2.5690992,49.0071985],[2.5668239,49.0069862],[2.5666263,49.0074434],[2.5645045,49.0073124],[2.5647081,49.005629],[2.5669456,49.0057413],[2.5669748,49.0055728],[2.5700719,49.0058842],[2.5706568,49.0050879],[2.5688332,49.0048139],[2.5691097,49.00376],[2.5712895,49.0042301],[2.5734913,49.0010116],[2.5713951,49.0007597],[2.571511,48.9998723]]]]}},{"type":"Feature","properties":{"id":"77294","nom":"MITRY MORY","created":"2003-03-24","updated":"2026-01-07","code_commune":"77294"},"geometry":{"type":"MultiPolygon","coordinates":[[[[2.5913399,48.9502908],[2.6057414,48.9535651],[2.6059725,48.9534882],[2.6060631,48.9537255],[2.6064029,48.95367],[2.6104041,48.9547319],[2.612926,48.9557156],[2.6152496,48.9570717],[2.6154647,48.9564882],[2.6152631,48.9555522],[2.6180991,48.9532698],[2.6184064,48.9524552],[2.6202199,48.9527581],[2.6370891,48.9542734],[2.6371303,48.9540673],[2.638113,48.9539651],[2.6441632,48.9536414],[2.6455038,48.9544253],[2.6477115,48.9549241],[2.6476383,48.9550223],[2.6535739,48.9555635],[2.6530215,48.9564249],[2.6512973,48.9568877],[2.6499174,48.9586061],[2.6501043,48.9591312],[2.649842,48.9609971],[2.6492183,48.9618648],[2.6505795,48.9630595],[2.6500166,48.9641335],[2.6497917,48.9651773],[2.6505539,48.9657358],[2.6502401,48.9659242],[2.6550606,48.9689895],[2.6572829,48.9711887],[2.6581704,48.9736193],[2.6597785,48.9748051],[2.6609519,48.9746368],[2.6603712,48.9770083],[2.6591436,48.9774538],[2.6589025,48.977804],[2.6586448,48.9778141],[2.6575591,48.9770317],[2.6569121,48.9775573],[2.6561934,48.9778506],[2.656623,48.9780478],[2.6537599,48.9804323],[2.6535814,48.9803434],[2.6512619,48.9821187],[2.6479812,48.9801014],[2.6478657,48.9798221],[2.6458483,48.9811247],[2.6507723,48.9844711],[2.6508353,48.9850223],[2.6497639,48.9868375],[2.6454541,48.9856517],[2.6460142,48.985953],[2.6445987,48.9883361],[2.6433086,48.9879938],[2.642665,48.9890828],[2.6428079,48.9891562],[2.6409997,48.9939025],[2.6364029,48.9978926],[2.635786,48.9997049],[2.6344896,48.9994891],[2.6332877,49.0017198],[2.6246531,49.005206],[2.6242557,49.0069949],[2.6205061,49.005997],[2.6178851,49.0089862],[2.6163218,49.0082591],[2.6157047,49.0088283],[2.6134324,49.0080346],[2.6133411,49.0081447],[2.6108064,49.0076444],[2.6109621,49.0070727],[2.611335,49.0066745],[2.6085254,49.0073128],[2.6077961,49.0067369],[2.6066861,49.0069642],[2.6027179,49.0072032],[2.6019689,49.0064976],[2.5970891,49.0054329],[2.5969146,49.0057183],[2.5935018,49.0043973],[2.5919328,49.0041306],[2.5924318,49.0027186],[2.5892842,49.0021722],[2.5885316,49.0030908],[2.580199,49.0013776],[2.5805136,49.0009138],[2.5780197,49.0004636],[2.5759533,49.0002839],[2.5782616,48.9949647],[2.5783971,48.9950095],[2.5794342,48.9937697],[2.5790575,48.9936417],[2.5812698,48.99055],[2.5792773,48.9902104],[2.5809205,48.9874192],[2.5814207,48.9859981],[2.5794136,48.9855602],[2.5796655,48.9846509],[2.5766171,48.9841665],[2.5790328,48.9793835],[2.5786213,48.9792002],[2.5751875,48.9793456],[2.5729724,48.9796021],[2.5688225,48.9805201],[2.5656703,48.9804404],[2.5639726,48.9806769],[2.5622434,48.9791002],[2.5661862,48.9754999],[2.5697666,48.970899],[2.5732525,48.967241],[2.5753312,48.9652836],[2.5781226,48.9635488],[2.5788983,48.9620344],[2.5822116,48.9580929],[2.5836742,48.9569438],[2.5855983,48.9570247],[2.5861301,48.9567925],[2.5871406,48.955832],[2.5877909,48.955616],[2.5892156,48.9540105],[2.5911195,48.9510769],[2.5913399,48.9502908]]]]}},{"type":"Feature","properties":{"id":"77296","nom":"MOISSY-CRAMAYEL","created":"1997-02-06","updated":"2026-01-29","code_commune":"77296"},"geometry":{"type":"MultiPolygon","coordinates":[[[[2.5863399,48.6023873],[2.5885696,48.6038014],[2.5886077,48.6055082],[2.5899974,48.6057583],[2.58977,48.607729],[2.5938609,48.6074729],[2.5938278,48.6104358],[2.5958607,48.6104413],[2.5957148,48.611984],[2.5943183,48.6119488],[2.5943148,48.6121798],[2.5939906,48.612197],[2.5936635,48.6152103],[2.5964039,48.6150946],[2.5962244,48.6172731],[2.6038384,48.617339],[2.6061206,48.6175038],[2.6075898,48.617209],[2.6096473,48.6173891],[2.6097359,48.6178841],[2.6133648,48.6178352],[2.6158306,48.6176303],[2.6157941,48.6179619],[2.6179032,48.6181658],[2.6182902,48.6205279],[2.6182008,48.6210197],[2.6176247,48.6218083],[2.6176541,48.6223937],[2.6189188,48.6217722],[2.6201539,48.6217378],[2.6203063,48.6225077],[2.6224579,48.6223965],[2.6223833,48.6220592],[2.6257017,48.6216466],[2.6273273,48.625175],[2.6286443,48.6238533],[2.629532,48.6255532],[2.6292163,48.6381423],[2.6290844,48.6383353],[2.6193975,48.6409881],[2.6151583,48.6468979],[2.607508,48.6459929],[2.6084517,48.6430491],[2.5918056,48.6425568],[2.5941532,48.6461816],[2.5742453,48.6466926],[2.5728551,48.6438642],[2.5737928,48.6429218],[2.5747645,48.642461],[2.5729129,48.6402227],[2.5715961,48.6379647],[2.5710375,48.6365828],[2.5719896,48.6364461],[2.5731791,48.6360095],[2.5739999,48.6361023],[2.5741119,48.6353716],[2.572967,48.6354183],[2.5727616,48.633015],[2.5713421,48.6330339],[2.5710675,48.6315537],[2.5706593,48.6315432],[2.5705309,48.6313885],[2.5705141,48.6307096],[2.5696664,48.6292928],[2.569566,48.6289391],[2.5704842,48.6265159],[2.570456,48.62542],[2.5696171,48.6245649],[2.5699147,48.6243844],[2.5694719,48.6240074],[2.5619918,48.6232809],[2.5761614,48.6111195],[2.5783155,48.6100422],[2.5797139,48.6080809],[2.5863399,48.6023873]]]]}},{"type":"Feature","properties":{"id":"77307","nom":"MONTEVRAIN","created":"2004-05-17","updated":"2026-01-15","code_commune":"77307"},"geometry":{"type":"MultiPolygon","coordinates":[[[[2.7729309,48.8506582],[2.7740605,48.8510274],[2.773555,48.8524184],[2.772086,48.8539775],[2.7721364,48.8543536],[2.7704576,48.8553997],[2.7696452,48.855365],[2.7688575,48.8556411],[2.7689564,48.8557389],[2.7684634,48.8554222],[2.7677042,48.8560457],[2.7666681,48.8554626],[2.7654207,48.856671],[2.763585,48.8589899],[2.7628905,48.8602057],[2.7643046,48.8605127],[2.7646469,48.861214],[2.7643795,48.866892],[2.7651111,48.8695674],[2.7503361,48.8781138],[2.7494254,48.8796855],[2.7490592,48.8809727],[2.7476681,48.8839851],[2.7455875,48.8833623],[2.7426014,48.8829622],[2.7393216,48.8827312],[2.7347054,48.8828325],[2.7337832,48.8826053],[2.7328149,48.882651],[2.7324693,48.882487],[2.7303253,48.882211],[2.7281983,48.8824674],[2.7284434,48.8816659],[2.7308792,48.8817514],[2.730624,48.8806379],[2.7309814,48.8806212],[2.7312227,48.8793878],[2.7306594,48.8793335],[2.7307464,48.8784236],[2.7312882,48.878122],[2.7314885,48.8776701],[2.7304543,48.877647],[2.730564,48.8742563],[2.7288021,48.8741019],[2.7296372,48.8690722],[2.7345735,48.8682318],[2.7455048,48.8620787],[2.7487732,48.8632125],[2.7507074,48.8644013],[2.7519458,48.8645503],[2.7532872,48.8644543],[2.7536306,48.8608183],[2.7533778,48.8601009],[2.7538703,48.8572291],[2.7545787,48.8568332],[2.7524243,48.8551813],[2.7530771,48.8548107],[2.7526208,48.8535244],[2.7523714,48.850855],[2.7583385,48.8513624],[2.7640629,48.8513681],[2.7642039,48.8515029],[2.7654587,48.8514685],[2.7671871,48.8517505],[2.7680785,48.8516593],[2.7688596,48.8517527],[2.7706512,48.851665],[2.7720702,48.8508603],[2.7729309,48.8506582]]]]}},{"type":"Feature","properties":{"id":"77326","nom":"NANDY","created":"1997-10-20","updated":"2022-02-16","code_commune":"77326"},"geometry":{"type":"MultiPolygon","coordinates":[[[[2.55751,48.5657145],[2.5599362,48.5661669],[2.5645779,48.5674811],[2.5637072,48.569177],[2.5636134,48.5724766],[2.5637728,48.5739824],[2.5651511,48.5735091],[2.5657577,48.5742677],[2.5651811,48.5744616],[2.5663047,48.5754748],[2.5666069,48.5753698],[2.5679622,48.5765986],[2.5683224,48.5764536],[2.5696156,48.5774342],[2.5705753,48.5776743],[2.5719116,48.5766249],[2.5715951,48.5770081],[2.5721249,48.5784993],[2.5725651,48.5789561],[2.573815,48.5797309],[2.5755036,48.5818242],[2.5758777,48.5829022],[2.5769881,48.5840493],[2.5768341,48.5843747],[2.5758653,48.5846321],[2.5758628,48.5847998],[2.577149,48.586674],[2.5751946,48.5899763],[2.5742517,48.5899581],[2.5739996,48.5896093],[2.5711237,48.5890638],[2.568375,48.5909862],[2.5642794,48.5919094],[2.5639772,48.5909932],[2.5628398,48.5900639],[2.5435172,48.5974687],[2.5415135,48.5969036],[2.540908,48.5946494],[2.5411537,48.5942734],[2.5394019,48.5939222],[2.5388625,48.5933891],[2.5376999,48.5936453],[2.5364585,48.5924706],[2.5355898,48.5925852],[2.5339285,48.5905254],[2.5341914,48.5893816],[2.532304,48.5885119],[2.5300788,48.5881005],[2.5300243,48.5879461],[2.5282522,48.5870512],[2.5252882,48.5859384],[2.5248033,48.5859198],[2.5242644,48.586858],[2.518425,48.5846351],[2.518087,48.5830652],[2.5191079,48.582091],[2.5192155,48.5814089],[2.5190192,48.5804559],[2.5193704,48.5790725],[2.5202553,48.5781936],[2.5219473,48.5772733],[2.5220625,48.5770664],[2.522642,48.5755177],[2.5220636,48.5744147],[2.5222776,48.5736403],[2.5242127,48.5738143],[2.5267256,48.5734356],[2.5324706,48.573798],[2.5357372,48.5735833],[2.5384823,48.5732138],[2.5428669,48.5721636],[2.5442679,48.5716224],[2.5465291,48.5699824],[2.5481751,48.5684028],[2.5561669,48.5716587],[2.55751,48.5657145]]]]}},{"type":"Feature","properties":{"id":"77337","nom":"NOISIEL","created":"2003-10-07","updated":"2025-12-11","code_commune":"77337"},"geometry":{"type":"MultiPolygon","coordinates":[[[[2.6134962,48.82578],[2.6170587,48.8259957],[2.6235927,48.8277822],[2.6221364,48.8292789],[2.6218231,48.8301439],[2.6188774,48.8319786],[2.6193273,48.8341265],[2.6201856,48.8357451],[2.6203715,48.8367403],[2.619328,48.8388261],[2.6272393,48.8407357],[2.6379636,48.8453864],[2.6364581,48.8470444],[2.6329676,48.8485391],[2.6319263,48.85009],[2.6322559,48.8507919],[2.6317099,48.8513132],[2.6299245,48.8517745],[2.6292235,48.8532832],[2.6290674,48.8541593],[2.6290707,48.8553752],[2.6294948,48.8572818],[2.6275249,48.857382],[2.6263463,48.85791],[2.6242508,48.8583763],[2.6189717,48.8587066],[2.6153369,48.8593345],[2.6130352,48.8603133],[2.6088436,48.8633031],[2.6063018,48.8646081],[2.5996211,48.8666083],[2.5993193,48.8661142],[2.6004506,48.8653781],[2.6031568,48.8625202],[2.6061079,48.8605976],[2.6074929,48.8599352],[2.6108328,48.8590433],[2.6109789,48.852597],[2.6139121,48.8526421],[2.613477,48.8483458],[2.6136317,48.8469926],[2.6115021,48.8470528],[2.6120128,48.8433963],[2.6109004,48.8433633],[2.6118407,48.8382459],[2.6120242,48.8382649],[2.6120072,48.8370939],[2.6124006,48.8365432],[2.6118068,48.8333028],[2.6108434,48.8317534],[2.6109018,48.8298516],[2.6111909,48.8288098],[2.610333,48.8269721],[2.6108147,48.8261821],[2.6134962,48.82578]]]]}},{"type":"Feature","properties":{"id":"77350","nom":"OZOIR LA FERRIERE","created":"1999-09-07","updated":"2026-01-23","code_commune":"77350"},"geometry":{"type":"MultiPolygon","coordinates":[[[[2.6735067,48.74375],[2.6747519,48.7447658],[2.67911,48.7467365],[2.6802127,48.7471308],[2.6832501,48.7477857],[2.6907733,48.7484385],[2.6938907,48.748548],[2.6958701,48.7483283],[2.697928,48.7488688],[2.7003496,48.7499933],[2.7018218,48.7491421],[2.70359,48.7487319],[2.7092537,48.7543402],[2.7101701,48.7552715],[2.7098692,48.7553442],[2.7143976,48.7604803],[2.7131619,48.767369],[2.7124721,48.7679402],[2.7111383,48.7722462],[2.709697,48.772501],[2.7095659,48.7738072],[2.70969,48.7740656],[2.7114671,48.7748154],[2.7140527,48.7752807],[2.7137059,48.7778056],[2.7131046,48.780215],[2.7122239,48.7824026],[2.7047372,48.7815091],[2.7053268,48.7785563],[2.7052827,48.7776841],[2.7048014,48.7763757],[2.7003138,48.7777703],[2.6956623,48.7789685],[2.6910725,48.7791932],[2.6873552,48.7800759],[2.664935,48.7820928],[2.664785,48.7810858],[2.6681125,48.7802963],[2.6689204,48.7797844],[2.669075,48.7789933],[2.671746,48.7753665],[2.6713385,48.7751318],[2.6696621,48.7744477],[2.6663301,48.7737437],[2.664873,48.7745948],[2.6632974,48.7730856],[2.6550397,48.7730548],[2.6549603,48.7744032],[2.6492416,48.7747675],[2.6489344,48.7716915],[2.6484477,48.7707271],[2.6462679,48.7710649],[2.6402813,48.7700849],[2.6405975,48.7696075],[2.6414698,48.7692698],[2.6411104,48.7687309],[2.6407825,48.7687905],[2.6392344,48.7663618],[2.6368595,48.7664294],[2.6362633,48.7657858],[2.6368403,48.7654964],[2.6361107,48.7643422],[2.6364944,48.7632161],[2.6366502,48.7631124],[2.6376604,48.7638907],[2.6411604,48.7628391],[2.6416764,48.7634109],[2.643562,48.7632399],[2.6470087,48.7616761],[2.6489926,48.7603439],[2.6511352,48.7580002],[2.6510355,48.7577075],[2.6505458,48.7577482],[2.6501646,48.7575783],[2.6500245,48.7572553],[2.6497468,48.7572519],[2.6498879,48.7570535],[2.6497321,48.756858],[2.6473634,48.7565007],[2.6467563,48.7562545],[2.6467985,48.7560254],[2.6461738,48.7560937],[2.6457172,48.7553901],[2.6447245,48.7552646],[2.6468489,48.7533603],[2.6467201,48.7532528],[2.6476659,48.7523292],[2.6492077,48.7517305],[2.6494043,48.751519],[2.6496879,48.7489302],[2.6522989,48.7492044],[2.6550599,48.7500667],[2.6569266,48.7503718],[2.6594841,48.7512183],[2.6634736,48.7536762],[2.6637635,48.7541917],[2.6668281,48.7533265],[2.6661707,48.7517227],[2.6662647,48.7511579],[2.6666652,48.7505597],[2.6679101,48.7501851],[2.6678312,48.7498865],[2.6717688,48.748551],[2.6708275,48.7479879],[2.6735067,48.74375]]]]}},{"type":"Feature","properties":{"id":"77372","nom":"POMPONNE","created":"2007-10-31","updated":"2025-10-27","code_commune":"77372"},"geometry":{"type":"MultiPolygon","coordinates":[[[[2.6773392,48.8775207],[2.6813364,48.8786743],[2.688639,48.880194],[2.6918615,48.8802384],[2.6928882,48.8800413],[2.6968771,48.8800635],[2.7044173,48.8806164],[2.7042759,48.8815878],[2.7027547,48.8835284],[2.7026989,48.8839011],[2.7031241,48.884877],[2.7027523,48.8864435],[2.6967124,48.885355],[2.6952771,48.8866262],[2.6933198,48.8876928],[2.6948076,48.889012],[2.6954308,48.890121],[2.6958626,48.8917046],[2.6950636,48.8920944],[2.6935112,48.8954663],[2.6931361,48.8980813],[2.6931739,48.8997939],[2.6897449,48.8992439],[2.6884446,48.8992749],[2.6865041,48.8990639],[2.6837363,48.899186],[2.6824212,48.9000329],[2.6812568,48.8994663],[2.6821306,48.8985676],[2.679313,48.8976793],[2.6790827,48.8972456],[2.6769819,48.8968736],[2.6772165,48.8962376],[2.6755895,48.8959668],[2.6752274,48.8964631],[2.6669611,48.8968302],[2.6618994,48.8984131],[2.6613967,48.8981936],[2.6609906,48.8983684],[2.6608499,48.8982119],[2.6602368,48.8964643],[2.6574448,48.8973094],[2.6563555,48.8935815],[2.6562588,48.8911564],[2.6529556,48.8891812],[2.6519976,48.8890397],[2.652158,48.8873368],[2.6517684,48.8864439],[2.6511064,48.8859041],[2.6509926,48.8847338],[2.6513495,48.8841913],[2.6514994,48.8830217],[2.6520916,48.8827913],[2.6513747,48.8794483],[2.6543197,48.8761438],[2.6571103,48.8762727],[2.657115,48.8759402],[2.6580861,48.8753781],[2.6588526,48.8751972],[2.6595311,48.8744774],[2.6602612,48.8744856],[2.6609919,48.8742494],[2.6616253,48.8746805],[2.6631524,48.8749457],[2.666759,48.8747332],[2.6675776,48.8748265],[2.6687445,48.875106],[2.6703915,48.8757579],[2.6747346,48.8767502],[2.6773392,48.8775207]]]]}},{"type":"Feature","properties":{"id":"77373","nom":"PONTAULT COMBAULT","created":"2001-02-20","updated":"2023-03-15","code_commune":"77373"},"geometry":{"type":"MultiPolygon","coordinates":[[[[2.6149211,48.7610978],[2.6164519,48.7612984],[2.6179616,48.7617912],[2.6193717,48.7627238],[2.6241074,48.7645778],[2.6241271,48.7653192],[2.6255796,48.7671326],[2.6333634,48.7683834],[2.6312374,48.770538],[2.6411249,48.7687766],[2.6414808,48.7692732],[2.6405961,48.7696167],[2.6403175,48.7699701],[2.6403962,48.770158],[2.6410969,48.7701716],[2.6432968,48.7706713],[2.6462527,48.771072],[2.6484393,48.770732],[2.6489364,48.7717777],[2.6492315,48.776252],[2.6474266,48.7759059],[2.6459088,48.7761607],[2.6450717,48.7765459],[2.6422263,48.7770734],[2.6414803,48.7770689],[2.6411458,48.7767614],[2.6404862,48.7766636],[2.6406428,48.7770236],[2.6373554,48.7781353],[2.6365487,48.7791677],[2.6353425,48.7823882],[2.634175,48.7840094],[2.6336669,48.7842788],[2.6312352,48.7838002],[2.6307327,48.7840065],[2.6303285,48.7844105],[2.6291895,48.7860141],[2.62847,48.786259],[2.6282083,48.7865852],[2.6276311,48.7864726],[2.6273498,48.7865793],[2.6270378,48.7863612],[2.6262955,48.7863387],[2.6255722,48.7864735],[2.62507,48.7867746],[2.6244141,48.786767],[2.6240894,48.7917395],[2.6260743,48.7917407],[2.6272449,48.7914878],[2.6282701,48.7916395],[2.630425,48.7915794],[2.6314548,48.7917044],[2.6332561,48.7911819],[2.6343608,48.7905652],[2.6351555,48.7908382],[2.6348914,48.791707],[2.6350428,48.795613],[2.6348846,48.7965879],[2.63328,48.7974256],[2.6331608,48.7979269],[2.6329687,48.7979661],[2.6331729,48.7983705],[2.6310551,48.7994668],[2.6300676,48.7999008],[2.6262492,48.800807],[2.6266689,48.8018152],[2.6274754,48.8029108],[2.6222378,48.8046538],[2.6203738,48.8051015],[2.6169738,48.8065022],[2.610149,48.8099886],[2.6067975,48.8137479],[2.6057947,48.8127168],[2.6045233,48.8122052],[2.6029173,48.8146693],[2.6025459,48.8148121],[2.601735,48.8157258],[2.6007987,48.8159708],[2.5994641,48.8149881],[2.5957903,48.8141334],[2.595653,48.8136663],[2.5963309,48.811046],[2.5959645,48.8099318],[2.5943104,48.8085949],[2.5927863,48.8076508],[2.5917419,48.8072594],[2.5932881,48.8067896],[2.594731,48.8065402],[2.5965453,48.8058058],[2.5931596,48.8001483],[2.5921824,48.7995214],[2.5914869,48.797445],[2.592805,48.797424],[2.5928949,48.7975712],[2.595995,48.7969407],[2.5998941,48.7949957],[2.5988868,48.7927175],[2.5977716,48.791155],[2.5958408,48.7898046],[2.5968775,48.7889805],[2.5940696,48.7882119],[2.5951085,48.7848895],[2.5920807,48.785268],[2.5914679,48.7835855],[2.5905209,48.7838404],[2.5899552,48.7837135],[2.5895919,48.7832061],[2.5883103,48.7830655],[2.5887629,48.7816701],[2.5886991,48.7804534],[2.5881176,48.7784767],[2.5854765,48.7789281],[2.5856368,48.7766314],[2.5867181,48.773725],[2.5894499,48.771167],[2.5904138,48.7716401],[2.5921543,48.7711152],[2.5930868,48.7713132],[2.5935732,48.771646],[2.5946393,48.7718841],[2.5953781,48.7722574],[2.596578,48.7722661],[2.5974864,48.7724471],[2.5980472,48.7726644],[2.5979484,48.7732517],[2.6009094,48.7740986],[2.6031812,48.7744351],[2.6046314,48.7743199],[2.6052543,48.7746549],[2.6061247,48.7747924],[2.6070437,48.7746687],[2.6079677,48.7728503],[2.6112704,48.7704949],[2.6120127,48.7696314],[2.6122554,48.7684126],[2.6127812,48.7673531],[2.6126791,48.7668832],[2.6129881,48.7658754],[2.6150415,48.7639023],[2.6157556,48.7625183],[2.6157556,48.7623067],[2.6147204,48.7612033],[2.6149211,48.7610978]]]]}},{"type":"Feature","properties":{"id":"77378","nom":"PRINGY","created":"2006-10-24","updated":"2025-10-27","code_commune":"77378"},"geometry":{"type":"MultiPolygon","coordinates":[[[[2.5421647,48.5049694],[2.5449956,48.5087421],[2.5453076,48.5094427],[2.546349,48.5107109],[2.5463604,48.5110256],[2.5468216,48.5106853],[2.5508705,48.5090839],[2.5509648,48.5094888],[2.5533207,48.511665],[2.5537542,48.5115796],[2.5548711,48.5132046],[2.5555549,48.5146093],[2.5594814,48.5140888],[2.560341,48.5138192],[2.5604256,48.5139694],[2.565743,48.512442],[2.5658522,48.5125342],[2.5661529,48.5124492],[2.566846,48.5135788],[2.5712001,48.5189773],[2.5715726,48.5188431],[2.5722666,48.5197029],[2.5633702,48.5230403],[2.5649585,48.5265499],[2.5643715,48.5266655],[2.5643394,48.5275746],[2.5608102,48.5284854],[2.5606992,48.5276991],[2.5584629,48.527769],[2.5583942,48.5275419],[2.5564427,48.5278298],[2.5569864,48.5299078],[2.5517413,48.5292173],[2.5501785,48.5287238],[2.5493022,48.5282193],[2.5489367,48.5283507],[2.5483349,48.5279638],[2.5468552,48.5277403],[2.5477342,48.5227068],[2.5476761,48.5207295],[2.54512,48.520838],[2.5413265,48.5207645],[2.540474,48.5177526],[2.5362692,48.5173113],[2.5346272,48.5163331],[2.5334694,48.5153865],[2.5320427,48.5151245],[2.5285864,48.515463],[2.5281336,48.5153208],[2.5273837,48.5144308],[2.5273548,48.5133888],[2.528898,48.5092225],[2.5359408,48.5099562],[2.5365126,48.5076451],[2.539909,48.5065475],[2.54215,48.506047],[2.5417006,48.5050988],[2.5421647,48.5049694]]]]}},{"type":"Feature","properties":{"id":"77389","nom":"ROCHETTE(LA)","created":"2001-11-26","updated":"2026-01-07","code_commune":"77389"},"geometry":{"type":"MultiPolygon","coordinates":[[[[2.6735881,48.4870371],[2.6738282,48.4880729],[2.6747269,48.4884156],[2.6725814,48.4913177],[2.6719096,48.4927537],[2.6715597,48.4944053],[2.6715382,48.4969535],[2.6702434,48.5040289],[2.6698774,48.5118913],[2.6703276,48.5175343],[2.6704994,48.5247691],[2.6699888,48.5267827],[2.6639482,48.5254693],[2.6646396,48.5241093],[2.6642229,48.5239147],[2.6600779,48.5245579],[2.6587138,48.5250238],[2.6585313,48.5249095],[2.6576532,48.5255267],[2.6570827,48.5251709],[2.6563496,48.5256107],[2.656032,48.5248795],[2.6561915,48.5243734],[2.6557275,48.5243112],[2.6559023,48.523523],[2.6545028,48.5235892],[2.6544239,48.52384],[2.6532733,48.5236841],[2.6550843,48.5179209],[2.6511012,48.5179993],[2.6515008,48.5149702],[2.6505403,48.5149609],[2.6492106,48.5059723],[2.6457151,48.4999482],[2.6439839,48.4976314],[2.6409505,48.4945603],[2.654148,48.4895873],[2.6542958,48.4897511],[2.6577999,48.4884455],[2.6580985,48.4884615],[2.6610646,48.487446],[2.6624542,48.4875421],[2.6632393,48.4879526],[2.6617386,48.4939392],[2.6620287,48.4959263],[2.6611667,48.5013291],[2.6608103,48.5022719],[2.6645192,48.502095],[2.6652411,48.4991511],[2.6667396,48.4993225],[2.6665076,48.4981186],[2.6667719,48.4978407],[2.66708,48.4965208],[2.6669505,48.4960699],[2.6673886,48.4947731],[2.6677672,48.4945518],[2.6683909,48.4946125],[2.6685817,48.4943256],[2.668926,48.4942826],[2.669617,48.4944907],[2.6700984,48.4928574],[2.6693186,48.4924782],[2.6695828,48.4921779],[2.6703403,48.4922656],[2.6710411,48.4910042],[2.6705443,48.4908485],[2.6711032,48.4898598],[2.6722384,48.488247],[2.6735881,48.4870371]]]]}},{"type":"Feature","properties":{"id":"77390","nom":"ROISSY EN BRIE","created":"2016-11-23","updated":"2026-01-23","code_commune":"77390"},"geometry":{"type":"MultiPolygon","coordinates":[[[[2.6631202,48.7730744],[2.6649037,48.7746323],[2.6664288,48.7737481],[2.6695666,48.7744237],[2.6717458,48.7753779],[2.6690728,48.7790006],[2.6689236,48.7797756],[2.668114,48.7802898],[2.6647282,48.7811202],[2.6649164,48.7820972],[2.6874112,48.7800841],[2.6910702,48.7792223],[2.6956211,48.7789803],[2.7023707,48.7772306],[2.7048423,48.7763762],[2.7052414,48.7774852],[2.7053247,48.778549],[2.7044229,48.7827391],[2.6943753,48.7946846],[2.6936812,48.7947269],[2.6923875,48.7944616],[2.6895963,48.7946122],[2.6884489,48.7943979],[2.680934,48.7948206],[2.6762996,48.8010407],[2.6691846,48.8016665],[2.655018,48.8026089],[2.6552239,48.8062018],[2.6557702,48.8099052],[2.6528896,48.8092168],[2.6491575,48.8087299],[2.6475329,48.8065363],[2.6462466,48.8060205],[2.6419499,48.8058018],[2.6382623,48.807808],[2.6379254,48.8075426],[2.6370523,48.8075608],[2.6348798,48.8065129],[2.6338764,48.8061874],[2.6333501,48.8063227],[2.6324477,48.8058029],[2.6323159,48.8045934],[2.6288703,48.8044859],[2.6281447,48.8046022],[2.6278806,48.804874],[2.6276467,48.8031493],[2.6267332,48.8019267],[2.6261925,48.8008098],[2.6298057,48.7999873],[2.6308659,48.7995691],[2.6330979,48.7983722],[2.6330011,48.7979759],[2.6331435,48.7979996],[2.6332775,48.7974264],[2.6348757,48.7966038],[2.6350582,48.7955715],[2.6348848,48.7917189],[2.6351531,48.7908299],[2.6343678,48.7905568],[2.6331887,48.7911987],[2.6314215,48.7917042],[2.630427,48.7915785],[2.6282591,48.7916289],[2.6272125,48.7914714],[2.6260073,48.7917319],[2.6240949,48.7917251],[2.6244126,48.7867163],[2.6250546,48.7867413],[2.6262811,48.7863291],[2.6282262,48.7865645],[2.628567,48.7862248],[2.6291268,48.7860272],[2.6303285,48.7844105],[2.6312624,48.7838198],[2.6337717,48.7843057],[2.6342543,48.7839534],[2.6353888,48.782412],[2.6365695,48.7791623],[2.6373563,48.7781579],[2.6406381,48.7770378],[2.6404673,48.7766814],[2.6411583,48.7767811],[2.6415044,48.777092],[2.6422221,48.7770896],[2.6450802,48.7765604],[2.6459424,48.7761573],[2.6474483,48.7759081],[2.6492361,48.7762584],[2.6491886,48.7747732],[2.6549644,48.7744048],[2.6550382,48.7730621],[2.6631202,48.7730744]]]]}},{"type":"Feature","properties":{"id":"77394","nom":"RUBELLES","created":"2001-11-29","updated":"2025-10-27","code_commune":"77394"},"geometry":{"type":"MultiPolygon","coordinates":[[[[2.6700211,48.5509658],[2.6736763,48.551861],[2.6752324,48.5527537],[2.6776376,48.5518491],[2.68178,48.5511484],[2.683371,48.5518805],[2.6853017,48.5524556],[2.6872091,48.553656],[2.6873562,48.5556633],[2.6871018,48.5573287],[2.6879677,48.5613884],[2.6878232,48.5617032],[2.6870374,48.56228],[2.6876895,48.5625892],[2.6959943,48.5689673],[2.694336,48.5697587],[2.6943115,48.5702569],[2.6917561,48.5714459],[2.6914154,48.5711357],[2.6879173,48.5722689],[2.6877912,48.5721326],[2.685458,48.5729822],[2.6868695,48.5749586],[2.6873442,48.5748527],[2.6877893,48.5761328],[2.6874008,48.5762315],[2.6876406,48.5766967],[2.6852707,48.5772166],[2.6855241,48.5780319],[2.6866501,48.5785091],[2.6816569,48.5792232],[2.6815646,48.5789066],[2.6745448,48.5799137],[2.67386,48.5778462],[2.6764235,48.577477],[2.6759317,48.5759497],[2.676889,48.5758131],[2.6754563,48.5736795],[2.6739795,48.5737475],[2.6736007,48.5718418],[2.6723759,48.5691969],[2.6748075,48.5684374],[2.6737987,48.5670334],[2.673069,48.5654562],[2.6717608,48.5656903],[2.6696895,48.5618579],[2.6711222,48.5615798],[2.6693658,48.5589391],[2.6685022,48.5591334],[2.666936,48.5588351],[2.6655034,48.5532613],[2.6700211,48.5509658]]]]}},{"type":"Feature","properties":{"id":"77407","nom":"SAINT FARGEAU PONTHIERRY","created":"1999-02-18","updated":"2023-01-10","code_commune":"77407"},"geometry":{"type":"MultiPolygon","coordinates":[[[[2.5085841,48.5083328],[2.5135854,48.5094818],[2.5133203,48.5104005],[2.513496,48.5117266],[2.5145717,48.5119923],[2.5193576,48.5118371],[2.5204732,48.5117211],[2.5207315,48.5114277],[2.5211695,48.5113594],[2.5233236,48.5115341],[2.5252406,48.5119578],[2.5258866,48.5155229],[2.527946,48.5151474],[2.528477,48.5154237],[2.5320951,48.5151159],[2.5334423,48.5153735],[2.5362774,48.5173027],[2.5405376,48.5177662],[2.5413804,48.5208053],[2.545183,48.5208347],[2.5476376,48.5206512],[2.5477689,48.522673],[2.5469274,48.5277694],[2.5482924,48.527976],[2.5489708,48.5283603],[2.5494662,48.5283019],[2.5502771,48.5287658],[2.5519835,48.529274],[2.5570074,48.5299094],[2.5573085,48.5312589],[2.556755,48.5313491],[2.5571131,48.5321318],[2.5606856,48.5315325],[2.5612228,48.5328408],[2.554093,48.5340472],[2.5541694,48.5342768],[2.5502423,48.5348131],[2.5501378,48.5350385],[2.5489561,48.5350615],[2.548555,48.5365593],[2.5488896,48.5372461],[2.5398867,48.5390614],[2.5364025,48.5399684],[2.5353088,48.5404012],[2.534118,48.5410789],[2.5320095,48.5426595],[2.5301216,48.545246],[2.5295831,48.5469515],[2.5298067,48.5492905],[2.5301924,48.5510902],[2.5311683,48.5525855],[2.533097,48.5542148],[2.5359722,48.5562742],[2.5402214,48.5588012],[2.5463124,48.5630764],[2.5474699,48.5642545],[2.5484376,48.5662227],[2.5486005,48.5671355],[2.548171,48.568397],[2.5472238,48.569391],[2.5452422,48.5709999],[2.543322,48.572026],[2.5384806,48.5732095],[2.5357428,48.5735782],[2.5314833,48.5738094],[2.5306698,48.571281],[2.5270615,48.5715109],[2.5257444,48.5714499],[2.5240506,48.5708862],[2.5192313,48.5701946],[2.5201514,48.5685639],[2.5203647,48.5674369],[2.5209549,48.5661726],[2.5204668,48.564477],[2.5201818,48.5644265],[2.5201642,48.5637174],[2.5199442,48.5637126],[2.5198959,48.5626829],[2.5158781,48.5608326],[2.5154339,48.5608202],[2.5147811,48.5596996],[2.512421,48.5568557],[2.5060823,48.551434],[2.5051837,48.5483814],[2.5047724,48.5479365],[2.5036923,48.5475504],[2.5029821,48.5460581],[2.5008723,48.5461535],[2.4996396,48.5465489],[2.4993062,48.5453166],[2.4996577,48.544241],[2.4998428,48.5441721],[2.4995034,48.5428922],[2.5003534,48.5427788],[2.5023279,48.5428319],[2.5050178,48.5432544],[2.5089778,48.5432564],[2.51099,48.5430211],[2.5092213,48.5397263],[2.5074701,48.5380438],[2.508118,48.5377911],[2.5065495,48.5363069],[2.5072924,48.5359209],[2.5060349,48.5349086],[2.5051389,48.5358233],[2.5024129,48.5341691],[2.5054219,48.5327153],[2.5038583,48.53127],[2.5026003,48.5315886],[2.5016059,48.5303637],[2.5011698,48.5294509],[2.5017616,48.5293378],[2.5008858,48.5272381],[2.4980027,48.5275476],[2.497274,48.5253091],[2.4995196,48.5250304],[2.4986302,48.5220342],[2.4979514,48.5219974],[2.4981535,48.5208922],[2.4970167,48.5207318],[2.4978446,48.518821],[2.4975818,48.5188078],[2.497635,48.5172822],[2.4990311,48.5169473],[2.5019517,48.5170499],[2.5023759,48.5165728],[2.5043773,48.5163963],[2.5066479,48.5174316],[2.5072382,48.5173107],[2.5078119,48.5168597],[2.5081206,48.5169699],[2.5088407,48.516659],[2.509024,48.5162136],[2.5085726,48.5160451],[2.5087572,48.514974],[2.5080127,48.5147319],[2.5083174,48.5139332],[2.5071538,48.5136957],[2.509545,48.5093349],[2.5080888,48.5089986],[2.5085841,48.5083328]]]]}},{"type":"Feature","properties":{"id":"77438","nom":"SAINT THIBAULT DES VIGNES","created":"2003-08-22","updated":"2026-02-23","code_commune":"77438"},"geometry":{"type":"MultiPolygon","coordinates":[[[[2.682892,48.849019],[2.6829447,48.8491916],[2.6813256,48.8506502],[2.6794888,48.8515021],[2.6779215,48.8534072],[2.6768845,48.8538502],[2.6762263,48.8538141],[2.6757128,48.8542618],[2.6761318,48.854596],[2.6787531,48.8550419],[2.6773262,48.8569773],[2.6762114,48.857986],[2.6767174,48.8582256],[2.6770306,48.8582137],[2.6775005,48.8585361],[2.6791326,48.858892],[2.679732,48.8589373],[2.6799938,48.8587881],[2.6802349,48.8589709],[2.6808989,48.8588501],[2.6811827,48.8590641],[2.681885,48.85913],[2.6819838,48.8593112],[2.6827918,48.8592724],[2.6827787,48.8591584],[2.6831267,48.8591254],[2.6840234,48.8594913],[2.6840139,48.8601572],[2.685494,48.8600981],[2.6885518,48.8606448],[2.6902111,48.8604876],[2.691166,48.8622001],[2.6920563,48.8624482],[2.6923299,48.8626903],[2.6914518,48.8638281],[2.6909644,48.8653373],[2.6951206,48.8660686],[2.696009,48.866095],[2.6960287,48.8665991],[2.6966749,48.8664944],[2.6963771,48.8693077],[2.6942025,48.8750223],[2.6927933,48.8745993],[2.6917596,48.8745581],[2.6875594,48.8732567],[2.6867751,48.8728451],[2.6861528,48.8720553],[2.6829056,48.8702655],[2.6811098,48.8696086],[2.6794809,48.870931],[2.6745001,48.8758613],[2.674341,48.8765812],[2.6709983,48.8758671],[2.6681489,48.8749544],[2.6657452,48.8747515],[2.663276,48.8747886],[2.6625751,48.8746192],[2.662065,48.8744401],[2.6661237,48.861319],[2.6640074,48.8610857],[2.6629156,48.8599096],[2.6634498,48.8586554],[2.6634312,48.8564451],[2.6620102,48.8559032],[2.6618209,48.8555018],[2.6618735,48.85415],[2.6625916,48.8539105],[2.6638845,48.8537472],[2.6628874,48.8521231],[2.6631062,48.851767],[2.6630368,48.8508453],[2.6626636,48.850097],[2.6650027,48.8503649],[2.6729733,48.8501408],[2.682892,48.849019]]]]}},{"type":"Feature","properties":{"id":"77445","nom":"SAVIGNY-LE-TEMPLE","created":"1997-11-18","updated":"2025-12-19","code_commune":"77445"},"geometry":{"type":"MultiPolygon","coordinates":[[[[2.5798348,48.5594203],[2.5798076,48.5602625],[2.5831514,48.5613668],[2.5836882,48.5607317],[2.5849379,48.5614446],[2.5852061,48.5617527],[2.5848732,48.561848],[2.58523,48.5623485],[2.5859954,48.5632095],[2.5863096,48.5630311],[2.5872078,48.5639779],[2.588663,48.5664298],[2.5904706,48.5676824],[2.5906245,48.5680376],[2.590434,48.5683588],[2.5901237,48.5687875],[2.5894949,48.5690536],[2.5965702,48.5761864],[2.5965659,48.583303],[2.596058,48.5840941],[2.5966711,48.5870293],[2.5968615,48.587044],[2.5985613,48.5898209],[2.5948855,48.5930438],[2.59625,48.5938518],[2.5824385,48.6057241],[2.5789046,48.6063304],[2.5748655,48.6078205],[2.5732821,48.6081897],[2.5698779,48.6086908],[2.5665338,48.6095416],[2.5628955,48.6098516],[2.5609669,48.6098009],[2.5594186,48.6095662],[2.5576797,48.6091668],[2.555646,48.608483],[2.5545656,48.6079492],[2.5538022,48.6078045],[2.5527984,48.6078563],[2.5461615,48.609055],[2.5437786,48.6089497],[2.5424788,48.6087326],[2.5439307,48.6040681],[2.5415171,48.5969436],[2.5433613,48.5975261],[2.5627769,48.590065],[2.5639772,48.5909932],[2.5642663,48.5918699],[2.5683534,48.5909612],[2.5710866,48.5890473],[2.5739996,48.5896093],[2.5742515,48.5899581],[2.5751946,48.5899763],[2.5771489,48.586674],[2.5758628,48.5847998],[2.5758669,48.5846316],[2.5768339,48.5843747],[2.5769884,48.5840495],[2.5758764,48.5828999],[2.5755036,48.5818242],[2.5738163,48.5797364],[2.5725619,48.5789579],[2.5721213,48.5785007],[2.5715951,48.5770081],[2.5719116,48.5766249],[2.5705753,48.5776743],[2.5695744,48.5774103],[2.5683151,48.5764504],[2.5679607,48.5765885],[2.5666069,48.5753698],[2.5663047,48.5754748],[2.5651811,48.5744616],[2.5657577,48.5742677],[2.5651511,48.5735091],[2.5637728,48.5739824],[2.5636134,48.5724766],[2.5637,48.5691769],[2.5645793,48.567476],[2.5637926,48.5673562],[2.5605861,48.5663437],[2.5630068,48.565116],[2.5630276,48.564666],[2.5639176,48.5643115],[2.563205,48.5630781],[2.565317,48.5629668],[2.5655467,48.5633846],[2.5661357,48.5632148],[2.5664829,48.5636154],[2.5663472,48.5637481],[2.5667447,48.5637675],[2.5719734,48.5631252],[2.574013,48.5621267],[2.5748906,48.5614378],[2.5774743,48.560791],[2.5780045,48.5605408],[2.5784523,48.5598436],[2.5798348,48.5594203]]]]}},{"type":"Feature","properties":{"id":"77449","nom":"SERRIS","created":"2006-01-16","updated":"2026-03-05","code_commune":"77449"},"geometry":{"type":"MultiPolygon","coordinates":[[[[2.7864658,48.8280897],[2.7879013,48.8291442],[2.7888613,48.8300964],[2.7898233,48.8305936],[2.7908866,48.8308867],[2.7913869,48.8287788],[2.7931949,48.8298794],[2.7976637,48.8313464],[2.7988632,48.8291752],[2.7996677,48.8282853],[2.8018481,48.8293967],[2.8025165,48.8295772],[2.8014982,48.8312853],[2.8004472,48.8336805],[2.7976872,48.8351149],[2.7967763,48.8362865],[2.7966213,48.8367967],[2.797491,48.8383929],[2.7972763,48.8397739],[2.7944393,48.8430158],[2.7956398,48.8430615],[2.7955347,48.8434014],[2.7977643,48.8441485],[2.7970556,48.850424],[2.7968348,48.8552218],[2.7977508,48.8554505],[2.7984433,48.8561517],[2.7991146,48.857448],[2.8011918,48.8596166],[2.8019758,48.8600514],[2.8004455,48.8617443],[2.8003343,48.8625182],[2.7867029,48.860015],[2.7862377,48.8600825],[2.7863096,48.8608118],[2.7859411,48.8608266],[2.7855544,48.8600773],[2.7837333,48.8601681],[2.7838919,48.8617492],[2.7818008,48.8618751],[2.7805423,48.8616849],[2.7799032,48.860128],[2.778823,48.8588489],[2.7777298,48.8580481],[2.7736659,48.8557541],[2.7720897,48.8542686],[2.7721429,48.8538654],[2.7734462,48.8526068],[2.7740557,48.8510276],[2.7741804,48.8496146],[2.7761116,48.8447281],[2.777862,48.8437404],[2.777641,48.843661],[2.7776118,48.8422186],[2.7749952,48.8421871],[2.7723403,48.8383875],[2.775134,48.8371279],[2.7848996,48.828175],[2.7853765,48.8286991],[2.7864658,48.8280897]]]]}},{"type":"Feature","properties":{"id":"77450","nom":"SERVON","created":"2000-10-03","updated":"2025-10-27","code_commune":"77450"},"geometry":{"type":"MultiPolygon","coordinates":[[[[2.5863626,48.6996331],[2.5874742,48.7017947],[2.5906976,48.7012521],[2.5917864,48.7013447],[2.5924829,48.7016555],[2.5925727,48.7019431],[2.594702,48.7017708],[2.5952217,48.7022781],[2.5971335,48.7013924],[2.5972554,48.7026903],[2.5991881,48.7046482],[2.6013286,48.7061202],[2.6015227,48.7064909],[2.601823,48.7067089],[2.6021007,48.706575],[2.6040635,48.707726],[2.6049234,48.7079335],[2.6053761,48.7074892],[2.6048389,48.7101109],[2.6057013,48.7091026],[2.6123524,48.7115058],[2.612447,48.7114111],[2.6146182,48.7120823],[2.6140405,48.7137931],[2.6127294,48.7154701],[2.6126664,48.7161938],[2.6149966,48.7165623],[2.6149347,48.7168383],[2.6141349,48.7176761],[2.6143296,48.7178071],[2.6129987,48.7189194],[2.6115949,48.7206414],[2.610936,48.720399],[2.6097084,48.7275566],[2.6093544,48.728227],[2.609015,48.7284849],[2.6071267,48.7268096],[2.6059461,48.7262499],[2.6045861,48.7262741],[2.6040026,48.7260593],[2.6037558,48.7261188],[2.6028226,48.7256923],[2.5992626,48.7280009],[2.600137,48.7286186],[2.5965566,48.7308878],[2.5955023,48.730365],[2.5946063,48.7319286],[2.5932597,48.7316026],[2.5930923,48.7320379],[2.5900855,48.7313304],[2.5902029,48.7312544],[2.589293,48.7292176],[2.5884506,48.7290082],[2.5880356,48.7292255],[2.5868241,48.7282147],[2.586912,48.728066],[2.5844781,48.726716],[2.5848004,48.7267623],[2.5826251,48.7240972],[2.582315,48.7241603],[2.5809689,48.7219381],[2.5799104,48.7223063],[2.5795163,48.7225958],[2.5796591,48.722736],[2.5793785,48.7228132],[2.5784616,48.7207792],[2.5774225,48.7210858],[2.5770973,48.7196854],[2.5774612,48.7196473],[2.577304,48.7184629],[2.5767689,48.7167277],[2.5765232,48.716668],[2.5753985,48.7126981],[2.5718185,48.713556],[2.571105,48.711244],[2.5692383,48.7111081],[2.5692501,48.7101572],[2.5687765,48.7102385],[2.5686978,48.7089686],[2.5677766,48.7090014],[2.5685773,48.7072485],[2.5704633,48.7046864],[2.570256,48.7045702],[2.5707719,48.7038964],[2.5700214,48.7034951],[2.5703402,48.7031715],[2.5725189,48.7021205],[2.5743781,48.7007525],[2.5763697,48.7020664],[2.5775644,48.7015914],[2.5863626,48.6996331]]]]}},{"type":"Feature","properties":{"id":"77464","nom":"THORIGNY SUR MARNE","created":"2004-06-25","updated":"2025-12-29","code_commune":"77464"},"geometry":{"type":"MultiPolygon","coordinates":[[[[2.7047423,48.880647],[2.7060317,48.8806667],[2.7089225,48.8812101],[2.7130172,48.8813646],[2.7181373,48.8822625],[2.7224259,48.8828446],[2.7278533,48.8831981],[2.7277527,48.8838845],[2.7290694,48.8843162],[2.7292548,48.8867646],[2.7299603,48.8867147],[2.7297558,48.8906356],[2.7304773,48.8922715],[2.7291232,48.8968883],[2.7289441,48.8968766],[2.7287462,48.8983222],[2.7277902,48.8982977],[2.7278016,48.8981662],[2.7269886,48.8980833],[2.7265521,48.8981651],[2.7265562,48.9001187],[2.72522,48.9001677],[2.7253693,48.9018891],[2.7244291,48.9017728],[2.7244448,48.9028424],[2.7220062,48.9028405],[2.7204156,48.903003],[2.7187601,48.9037003],[2.7173528,48.9049022],[2.7163794,48.9047641],[2.7161263,48.9049978],[2.7157172,48.9047954],[2.7159258,48.9046036],[2.7152968,48.9042328],[2.7149718,48.9045669],[2.7093678,48.9036959],[2.707296,48.9024202],[2.7090843,48.9016008],[2.711574,48.8997263],[2.7095397,48.8991979],[2.7099683,48.8978693],[2.7095054,48.8973768],[2.7089537,48.8971515],[2.7074411,48.8969996],[2.7069399,48.8971393],[2.7064694,48.8968554],[2.706187,48.8962815],[2.7053207,48.8961215],[2.7036334,48.898117],[2.7035293,48.8984793],[2.7027931,48.8984686],[2.700806,48.8999693],[2.6998554,48.8993902],[2.6930208,48.8999184],[2.6930559,48.8981322],[2.6935455,48.8952476],[2.6950602,48.8922209],[2.6958796,48.8917393],[2.695646,48.8905227],[2.6950318,48.889365],[2.6945057,48.8886017],[2.6933634,48.8876942],[2.6950492,48.8867672],[2.6967354,48.8853419],[2.7027731,48.8864447],[2.7031168,48.8848971],[2.7026937,48.8839303],[2.7027996,48.8833499],[2.7042609,48.8816106],[2.7042004,48.8806675],[2.7047423,48.880647]]]]}},{"type":"Feature","properties":{"id":"77468","nom":"TORCY","created":"2004-05-17","updated":"2025-10-27","code_commune":"77468"},"geometry":{"type":"MultiPolygon","coordinates":[[[[2.6657656,48.8323064],[2.6646574,48.8337612],[2.6626552,48.8328001],[2.6617196,48.8335924],[2.66068,48.8349266],[2.6599976,48.836528],[2.6585998,48.8383453],[2.6579823,48.8394776],[2.6580787,48.8404175],[2.6578933,48.8408618],[2.6591239,48.8409704],[2.6584683,48.8428929],[2.6588369,48.8430558],[2.6605565,48.843262],[2.6596787,48.8464971],[2.6603676,48.8465917],[2.6615288,48.8470953],[2.6623353,48.8478458],[2.6625787,48.8487458],[2.6623111,48.8501255],[2.6625362,48.8501144],[2.6629476,48.8507458],[2.6631104,48.8517692],[2.6629677,48.8520836],[2.6623344,48.8523749],[2.6631612,48.8537891],[2.6618769,48.8541659],[2.661831,48.8554909],[2.6620196,48.8559042],[2.663439,48.8564614],[2.6634507,48.858645],[2.6629196,48.8599114],[2.6639989,48.8610258],[2.6648387,48.8614667],[2.6660613,48.8614725],[2.6622231,48.8741784],[2.6617084,48.8742442],[2.6597862,48.8730345],[2.6578069,48.8720403],[2.6567342,48.8718124],[2.655018,48.871091],[2.6531794,48.8700187],[2.6491423,48.8662565],[2.6463937,48.8633341],[2.6442326,48.8620977],[2.6425261,48.8614631],[2.640155,48.859822],[2.6384927,48.8584046],[2.6369814,48.8577209],[2.6360662,48.8574793],[2.6295412,48.8573079],[2.6290844,48.855525],[2.6290538,48.8540401],[2.6299182,48.8517761],[2.6317063,48.8513104],[2.6322632,48.8507862],[2.6319311,48.8500938],[2.6329511,48.8485399],[2.6364581,48.8470444],[2.6382029,48.8450884],[2.6394121,48.843363],[2.6398516,48.843184],[2.6453722,48.8428439],[2.6457168,48.842569],[2.6480671,48.8421945],[2.6485263,48.8419962],[2.6490664,48.8387619],[2.6500304,48.8388718],[2.6501332,48.8381539],[2.6511942,48.8382477],[2.6516062,48.8381165],[2.6523199,48.8373303],[2.652734,48.837311],[2.6529458,48.8371411],[2.6531999,48.8373354],[2.6533858,48.8370496],[2.6538283,48.8370771],[2.6546995,48.8363566],[2.6549762,48.836342],[2.6555975,48.8358722],[2.6557299,48.8353218],[2.6582762,48.832427],[2.6657656,48.8323064]]]]}},{"type":"Feature","properties":{"id":"77479","nom":"VAIRES SUR MARNE","created":"2006-08-21","updated":"2025-10-27","code_commune":"77479"},"geometry":{"type":"MultiPolygon","coordinates":[[[[2.6272697,48.8572998],[2.6358281,48.8574647],[2.6380137,48.8581829],[2.6389459,48.8587379],[2.640193,48.859903],[2.6424278,48.8614854],[2.6445055,48.8622429],[2.6463187,48.8632945],[2.6488598,48.8659904],[2.6535513,48.8702805],[2.6550343,48.8710946],[2.6594085,48.8728754],[2.6610984,48.8740403],[2.6603221,48.8744604],[2.659463,48.8744427],[2.658821,48.8752302],[2.6579707,48.8754177],[2.657114,48.8759298],[2.6570886,48.8762641],[2.6543576,48.8761535],[2.6513938,48.8794567],[2.6520788,48.8827859],[2.6507722,48.8831856],[2.6496161,48.8833165],[2.632682,48.8823455],[2.6324974,48.8806296],[2.6316591,48.8799181],[2.6313694,48.8797185],[2.6279122,48.8786849],[2.6271053,48.8781748],[2.6263568,48.8772385],[2.6257987,48.876862],[2.6253169,48.8759484],[2.6255694,48.8742938],[2.6242703,48.8719514],[2.6240282,48.8710021],[2.6226687,48.8701065],[2.6214305,48.8687126],[2.6209584,48.868648],[2.6195542,48.8689678],[2.6183223,48.8690662],[2.6138532,48.8689633],[2.6136445,48.8688556],[2.613267,48.8676842],[2.6126214,48.8679677],[2.6120749,48.8680116],[2.6121318,48.8666891],[2.6128007,48.8658781],[2.6144792,48.8652017],[2.6148561,48.8642337],[2.6170142,48.8612162],[2.6164515,48.8615572],[2.614777,48.8618925],[2.6137031,48.862517],[2.6103353,48.8636134],[2.6054554,48.8662023],[2.6053598,48.8660663],[2.6061507,48.865532],[2.6057407,48.8649254],[2.6091353,48.863263],[2.6121805,48.860861],[2.6141339,48.8597792],[2.6180032,48.8588813],[2.6246073,48.8582723],[2.6265038,48.8578042],[2.6272697,48.8572998]]]]}},{"type":"Feature","properties":{"id":"77487","nom":"VAUX-LE-PENIL","created":"2001-10-25","updated":"2026-01-22","code_commune":"77487"},"geometry":{"type":"MultiPolygon","coordinates":[[[[2.7239644,48.5064024],[2.7261079,48.5077963],[2.7274969,48.5081116],[2.7289609,48.5079207],[2.7306868,48.5089962],[2.7306879,48.5094318],[2.7309965,48.5096554],[2.7312965,48.5104136],[2.731221,48.511117],[2.7315923,48.5115946],[2.7314431,48.511839],[2.7325916,48.5128281],[2.7334886,48.5142903],[2.7315568,48.5146265],[2.7317502,48.5193514],[2.7298666,48.5193557],[2.727724,48.5184514],[2.7271411,48.5184256],[2.7267219,48.5190106],[2.7267047,48.5199],[2.7261833,48.52093],[2.7244807,48.5206854],[2.7246403,48.5250866],[2.7112653,48.5277679],[2.7113624,48.528231],[2.7111317,48.528247],[2.7116606,48.5307097],[2.7119096,48.5306793],[2.7124025,48.5329862],[2.7122128,48.5330359],[2.7127124,48.5349707],[2.7048573,48.5361527],[2.7052001,48.5370973],[2.7036122,48.5373683],[2.7039523,48.5386221],[2.6990548,48.5392574],[2.6965421,48.5399616],[2.6974561,48.5408663],[2.6974399,48.5419147],[2.6898914,48.5419608],[2.6784566,48.541355],[2.678228,48.5400339],[2.6761696,48.5368728],[2.6739527,48.5377233],[2.6696408,48.5386855],[2.6694579,48.5380669],[2.6684786,48.5379207],[2.6670928,48.5387699],[2.6664345,48.538773],[2.6634404,48.5360304],[2.6636185,48.5357043],[2.6662657,48.5337719],[2.6692961,48.5310227],[2.6679046,48.5305737],[2.6690776,48.5292727],[2.6698762,48.5278556],[2.670472,48.5259667],[2.6707463,48.523948],[2.6703592,48.5205122],[2.6700061,48.5131095],[2.6716084,48.51285],[2.67237,48.5129454],[2.6723655,48.5149416],[2.6754756,48.515306],[2.6745801,48.5162725],[2.6762117,48.5163931],[2.6786222,48.5168083],[2.6821275,48.5170093],[2.6823512,48.5161826],[2.6832255,48.5163542],[2.6838453,48.5168889],[2.684983,48.5173939],[2.6875299,48.517429],[2.6895361,48.5172117],[2.6888784,48.5163572],[2.6920938,48.514897],[2.6917321,48.5145115],[2.6935048,48.5133546],[2.6941339,48.5137311],[2.6952572,48.5118164],[2.6975382,48.5103354],[2.7019545,48.5111881],[2.7026847,48.5118501],[2.7024548,48.5125914],[2.7039534,48.5128351],[2.7051683,48.5089529],[2.7058943,48.5086564],[2.7076798,48.5089696],[2.7089392,48.5087813],[2.7092848,48.5084572],[2.7106178,48.5079136],[2.7112142,48.5067672],[2.7119801,48.5067591],[2.7127296,48.5072991],[2.7135731,48.5075396],[2.7137391,48.507962],[2.7127515,48.5085884],[2.7150801,48.5103494],[2.7154114,48.5094886],[2.7172095,48.5081675],[2.7173675,48.5077639],[2.7180074,48.5075919],[2.7184198,48.507303],[2.7196581,48.5071319],[2.7199593,48.5069454],[2.7211369,48.5069552],[2.7226719,48.5066666],[2.7230969,48.5064591],[2.7239644,48.5064024]]]]}},{"type":"Feature","properties":{"id":"77495","nom":"VERT-SAINT-DENIS","created":"1997-09-12","updated":"2026-04-01","code_commune":"77495"},"geometry":{"type":"MultiPolygon","coordinates":[[[[2.6100403,48.5351123],[2.6114601,48.5368263],[2.6107978,48.5389455],[2.6111283,48.5396083],[2.6096102,48.5409392],[2.6110745,48.5424422],[2.6177392,48.5470449],[2.6210121,48.546662],[2.621164,48.546247],[2.6238206,48.546174],[2.6240354,48.548466],[2.6225225,48.5499004],[2.6225755,48.5503473],[2.6228249,48.5505615],[2.6237035,48.5508138],[2.6269879,48.5510726],[2.6281398,48.5513962],[2.6293902,48.5532131],[2.628556,48.5535537],[2.6349479,48.5559042],[2.6364735,48.5572884],[2.6374573,48.5577961],[2.6391686,48.5592915],[2.6446365,48.5587121],[2.6465524,48.5582602],[2.64541,48.5607368],[2.6492593,48.5607642],[2.6533001,48.5604395],[2.6534194,48.5611052],[2.653868,48.5615185],[2.6550557,48.5649828],[2.6532952,48.5654433],[2.6517138,48.566122],[2.6507113,48.5677144],[2.6505777,48.568644],[2.6523463,48.5695985],[2.6533946,48.5695277],[2.6542874,48.5696537],[2.6552391,48.5700004],[2.6553994,48.5703153],[2.6552545,48.5705417],[2.6538541,48.5712173],[2.6548503,48.5722716],[2.6552016,48.5722284],[2.6567575,48.5725459],[2.6511871,48.5742266],[2.6519385,48.5770196],[2.6530841,48.5785563],[2.6537309,48.5803776],[2.6554307,48.5802369],[2.6566285,48.5835147],[2.6551259,48.5836639],[2.6536945,48.5835643],[2.6536496,48.5876182],[2.6508411,48.5879505],[2.6523775,48.591617],[2.6465216,48.5926207],[2.6446122,48.5934736],[2.642202,48.5918062],[2.6373149,48.5936545],[2.6338625,48.5954149],[2.6331271,48.5955562],[2.6314986,48.595411],[2.6293856,48.5948499],[2.6149032,48.5947804],[2.613514,48.5934704],[2.6137505,48.5933202],[2.6131133,48.5924512],[2.6097257,48.5944761],[2.6063096,48.5934618],[2.6054868,48.5937693],[2.6051144,48.5929592],[2.6005655,48.5901277],[2.6124187,48.5799507],[2.6091263,48.5719343],[2.6076191,48.5673934],[2.6088374,48.5642218],[2.6104494,48.5646513],[2.6104888,48.5633766],[2.610137,48.5620134],[2.6091913,48.5624014],[2.608255,48.5587613],[2.6076446,48.5588652],[2.6074959,48.5583155],[2.6066794,48.5584545],[2.606272,48.5567189],[2.6051183,48.5539863],[2.5965014,48.5452719],[2.6009798,48.5451295],[2.6003257,48.5443558],[2.6015466,48.5441235],[2.60306,48.5434677],[2.6046801,48.5411381],[2.6053549,48.5394013],[2.6059506,48.5387554],[2.6082232,48.5372594],[2.6100403,48.5351123]]]]}},{"type":"Feature","properties":{"id":"77514","nom":"VILLEPARISIS","created":"2016-04-26","updated":"2026-01-20","code_commune":"77514"},"geometry":{"type":"MultiPolygon","coordinates":[[[[2.6144171,48.9246609],[2.616619,48.9250052],[2.6168598,48.926163],[2.6165756,48.927318],[2.6171784,48.9274685],[2.618486,48.928243],[2.6217262,48.9283106],[2.6238961,48.9289476],[2.624733,48.9293764],[2.6249938,48.9291473],[2.6254357,48.9293633],[2.6257569,48.9289191],[2.629021,48.931604],[2.6293029,48.932253],[2.6313101,48.9319398],[2.631429,48.9321169],[2.6321392,48.9321257],[2.6345835,48.9314742],[2.6360366,48.9315448],[2.6364672,48.9329727],[2.6360762,48.933181],[2.6364196,48.9340456],[2.636785,48.9340165],[2.6370453,48.9353323],[2.6356706,48.9354276],[2.6355888,48.9355351],[2.6360317,48.9384231],[2.635126,48.938473],[2.6354741,48.9388915],[2.6355798,48.9398365],[2.6361098,48.9408895],[2.6358499,48.9417579],[2.6367823,48.9443994],[2.6394482,48.9460842],[2.6399571,48.9473845],[2.6423888,48.9486963],[2.6413825,48.9522699],[2.6441051,48.9536384],[2.6375572,48.9540171],[2.6371027,48.9540633],[2.6370576,48.9542796],[2.6209366,48.9528375],[2.6184324,48.9524465],[2.6181125,48.9532842],[2.615222,48.9555849],[2.6154657,48.9565937],[2.6152451,48.9571011],[2.6135285,48.9560368],[2.6115523,48.95512],[2.606732,48.9538436],[2.6062079,48.9535291],[2.6058482,48.9534532],[2.6057929,48.9535696],[2.5914126,48.9503103],[2.5924734,48.9483084],[2.5934174,48.9475186],[2.5937496,48.9469295],[2.5936471,48.9452661],[2.5959177,48.9386003],[2.5977115,48.938817],[2.5977143,48.9380442],[2.6016222,48.9384501],[2.6015223,48.9377852],[2.6033119,48.9377239],[2.6026568,48.9359012],[2.6021834,48.9352219],[2.602591,48.9323602],[2.6029867,48.9314701],[2.6029614,48.9309893],[2.6024603,48.9303224],[2.6029708,48.9288341],[2.603025,48.9275294],[2.6047952,48.9279462],[2.6053453,48.9258535],[2.6094399,48.9260403],[2.6088215,48.9248236],[2.6144171,48.9246609]]]]}},{"type":"Feature","properties":{"id":"78005","nom":"ACHERES","created":"2005-04-19","updated":"2025-11-06","code_commune":"78005"},"geometry":{"type":"MultiPolygon","coordinates":[[[[2.0700434,48.9462856],[2.0707949,48.9466178],[2.0718915,48.947548],[2.0764121,48.9530565],[2.0752037,48.9581896],[2.0741185,48.9609874],[2.0737283,48.964583],[2.077163,48.9680135],[2.0844862,48.9722626],[2.089429,48.9746945],[2.0845474,48.9852138],[2.1071365,48.9819499],[2.1098335,48.9817172],[2.1141082,48.9827927],[2.1143561,48.9855256],[2.1217836,48.9872529],[2.1298645,48.9871143],[2.1420498,48.986329],[2.1443118,48.9859647],[2.1517462,48.9839625],[2.1552089,48.9827899],[2.1597219,48.9809717],[2.1648187,48.9782121],[2.1681622,48.9758042],[2.1702396,48.9738465],[2.172165,48.9690568],[2.1730461,48.9641008],[2.1782769,48.9637489],[2.1792102,48.9655674],[2.1783387,48.9667835],[2.177418,48.9673961],[2.1775628,48.9681191],[2.1774132,48.9689083],[2.1767686,48.9695164],[2.1760362,48.9710863],[2.1760133,48.9728739],[2.1741654,48.9748498],[2.1736892,48.9756368],[2.1714641,48.9774931],[2.1707816,48.9786037],[2.1686547,48.9797172],[2.1672748,48.9812237],[2.1656365,48.9822193],[2.1638618,48.982649],[2.1610194,48.983929],[2.1576275,48.9851346],[2.1554703,48.9860914],[2.154299,48.9863222],[2.1491214,48.9868106],[2.1439207,48.9881295],[2.1402202,48.9885683],[2.1303145,48.9890627],[2.1276983,48.989393],[2.1259844,48.9888329],[2.1227717,48.9888138],[2.1196869,48.9891693],[2.1125413,48.9887302],[2.1105348,48.9892291],[2.1092036,48.9890382],[2.1072551,48.9890654],[2.104063,48.9886218],[2.1005097,48.9886934],[2.0940168,48.9883929],[2.0887244,48.9879554],[2.0850961,48.9879197],[2.085142,48.9873048],[2.0849002,48.9870678],[2.084071,48.9870361],[2.0818579,48.9863642],[2.0811184,48.9864384],[2.0800608,48.9860998],[2.0773612,48.9856463],[2.076202,48.9852317],[2.0736255,48.9846835],[2.0724339,48.9842042],[2.071519,48.9835245],[2.0705367,48.9830735],[2.0697849,48.9824015],[2.0695869,48.9812643],[2.0678234,48.9800637],[2.0661681,48.9792299],[2.0649926,48.978067],[2.0648952,48.9775222],[2.0647382,48.977646],[2.0641892,48.9770049],[2.0636155,48.9766565],[2.0637823,48.9765841],[2.0609219,48.9754239],[2.0604914,48.975072],[2.0597129,48.9733717],[2.0567847,48.9707313],[2.0561322,48.9699481],[2.0546695,48.9699614],[2.0549519,48.9686539],[2.0547468,48.9679601],[2.0521995,48.9651985],[2.0493347,48.9606134],[2.0492444,48.9568186],[2.0503783,48.9568181],[2.0503929,48.9570433],[2.0514014,48.9563746],[2.0521616,48.9552177],[2.0528982,48.954525],[2.056574,48.9532079],[2.0583034,48.9521604],[2.0619961,48.9509207],[2.0617928,48.9505625],[2.0623003,48.9502182],[2.0700434,48.9462856]]]]}},{"type":"Feature","properties":{"id":"78015","nom":"ANDRESY","created":"2005-04-29","updated":"2025-11-24","code_commune":"78015"},"geometry":{"type":"MultiPolygon","coordinates":[[[[2.0487031,48.959451],[2.0508716,48.96337],[2.053742,48.9670614],[2.0541676,48.9679558],[2.0543437,48.969857],[2.0560989,48.9698795],[2.0593753,48.9729373],[2.0606287,48.9752093],[2.0609956,48.975473],[2.0629771,48.9761327],[2.0644125,48.9770222],[2.065136,48.9781853],[2.0660283,48.9790576],[2.0682012,48.9802252],[2.0695323,48.9812255],[2.0697411,48.9815624],[2.0697076,48.9823231],[2.0704799,48.9830669],[2.0714419,48.9834869],[2.0727357,48.9843435],[2.0741784,48.9848115],[2.0740146,48.985045],[2.0738509,48.9850067],[2.0728387,48.9864015],[2.0718437,48.9865094],[2.0712211,48.9871652],[2.0723054,48.9906045],[2.0722983,48.9919309],[2.0718686,48.9933884],[2.0665344,48.9931617],[2.0666139,48.9915214],[2.0678463,48.9914195],[2.0675202,48.9905238],[2.0666073,48.990701],[2.0664482,48.9903868],[2.0653794,48.9905421],[2.0654795,48.9910458],[2.0624556,48.9914091],[2.062742,48.9928108],[2.0617013,48.9924732],[2.0580765,48.9924007],[2.0559671,48.9926312],[2.0536882,48.9924939],[2.0499387,48.9912575],[2.0464777,48.9903658],[2.045853,48.9930791],[2.0450723,48.9937616],[2.0446943,48.9945357],[2.04521,48.9954907],[2.0450901,48.9966717],[2.0426431,48.9968961],[2.0412255,48.996774],[2.0377736,48.9961821],[2.0346028,48.995363],[2.0295893,48.9957226],[2.0248774,48.9956146],[2.0271961,48.9887322],[2.0283861,48.988125],[2.0343254,48.9858667],[2.0341294,48.9839694],[2.0386372,48.9843074],[2.0416766,48.9842631],[2.04318,48.9844758],[2.045882,48.9834466],[2.046959,48.9833449],[2.0448154,48.9819874],[2.0426038,48.9818291],[2.0431437,48.9808037],[2.043095,48.9805592],[2.0427513,48.9804827],[2.0430804,48.978943],[2.0416454,48.978684],[2.0399174,48.9780975],[2.041654,48.9772244],[2.0442874,48.976297],[2.0435129,48.9762187],[2.0421932,48.9743764],[2.0405721,48.9701106],[2.0401787,48.9680243],[2.0388844,48.9672905],[2.0387321,48.9665677],[2.0347028,48.9660514],[2.033527,48.9657701],[2.0352879,48.9615214],[2.0370608,48.961578],[2.0370627,48.9620133],[2.0394673,48.9621405],[2.0399649,48.9623533],[2.0408872,48.9622879],[2.0423801,48.9619331],[2.0451797,48.9616663],[2.0456131,48.9636019],[2.046524,48.9635319],[2.0469044,48.9615607],[2.0487031,48.959451]]]]}},{"type":"Feature","properties":{"id":"78031","nom":"AUFFREVILLE-BRASSEUIL","created":"2006-03-23","updated":"2025-10-27","code_commune":"78031"},"geometry":{"type":"MultiPolygon","coordinates":[[[[1.6987196,48.9436306],[1.7012414,48.9472715],[1.7033911,48.9489333],[1.7053159,48.9474754],[1.707163,48.9467438],[1.7077338,48.9473457],[1.7100482,48.9489261],[1.7110072,48.950139],[1.7110311,48.9510315],[1.7117435,48.9507691],[1.7127696,48.9515759],[1.7140343,48.9531838],[1.7144122,48.953095],[1.7145165,48.9532936],[1.7153328,48.953086],[1.7154184,48.9538348],[1.7145483,48.9540792],[1.7153583,48.9549733],[1.7164686,48.9591502],[1.7186343,48.9587918],[1.7193722,48.9603421],[1.718911,48.9626127],[1.7181395,48.9624332],[1.7168988,48.9625165],[1.716744,48.961874],[1.7130474,48.9625754],[1.7129297,48.9623368],[1.7115312,48.9625292],[1.7114564,48.9622434],[1.7102048,48.962547],[1.7099968,48.9621996],[1.7102635,48.9609452],[1.7082862,48.9610811],[1.7082227,48.9609245],[1.7063183,48.9610926],[1.7075566,48.9635339],[1.7070542,48.9636971],[1.7073887,48.9643846],[1.7071137,48.9644185],[1.7071472,48.964609],[1.7050879,48.9649223],[1.7046499,48.9641121],[1.7026665,48.9644998],[1.7020997,48.962961],[1.6996323,48.9602081],[1.6992688,48.9569098],[1.6989142,48.9558375],[1.6954608,48.9532471],[1.6919212,48.9480865],[1.694279,48.9470782],[1.6934507,48.9454895],[1.6959345,48.9446953],[1.6965872,48.9442809],[1.6976539,48.944081],[1.6976025,48.9438433],[1.6987196,48.9436306]]]]}},{"type":"Feature","properties":{"id":"78073","nom":"BOIS D ARCY","created":"2007-04-23","updated":"2025-10-27","code_commune":"78073"},"geometry":{"type":"MultiPolygon","coordinates":[[[[2.0283188,48.7966621],[2.0311862,48.7967476],[2.0326626,48.7969458],[2.0422901,48.7990756],[2.0419662,48.7993027],[2.0427911,48.7992057],[2.0427687,48.7991104],[2.0501095,48.7983232],[2.0518142,48.8009655],[2.0473349,48.8039268],[2.0460388,48.8042467],[2.045594,48.8031781],[2.0442476,48.8034356],[2.0433401,48.8032776],[2.0429769,48.8033854],[2.0421094,48.804173],[2.0412167,48.8045732],[2.0414162,48.8050103],[2.040885,48.8052803],[2.0404899,48.8047496],[2.0361976,48.8058359],[2.0362781,48.8062454],[2.0355321,48.8062155],[2.0365942,48.8079318],[2.0343631,48.8085683],[2.0319919,48.8087561],[2.0321235,48.80899],[2.0307606,48.8092053],[2.0308586,48.8093929],[2.0300634,48.8095628],[2.0299482,48.809342],[2.0284557,48.8096113],[2.0285235,48.8102502],[2.0283373,48.8103151],[2.0282416,48.8101279],[2.028006,48.8101022],[2.0262469,48.8106681],[2.0260881,48.8113005],[2.0245888,48.8119405],[2.0236683,48.8112185],[2.0228111,48.8115559],[2.0226528,48.8118467],[2.0220172,48.8119568],[2.0215899,48.8114786],[2.0208467,48.8115595],[2.0191654,48.8127571],[2.0125969,48.815361],[2.0124859,48.8151163],[2.0075446,48.8130421],[2.0024913,48.8144304],[1.9969046,48.8130277],[1.9949809,48.8067146],[1.9947639,48.8066116],[1.9949198,48.8064773],[1.9929281,48.79992],[1.9941604,48.799251],[2.0111851,48.7979181],[2.020957,48.7969798],[2.0283188,48.7966621]]]]}},{"type":"Feature","properties":{"id":"78092","nom":"BOUGIVAL","created":"2009-08-27","updated":"2021-12-14","code_commune":"78092"},"geometry":{"type":"MultiPolygon","coordinates":[[[[2.1223401,48.8509262],[2.1238065,48.8512803],[2.1269904,48.8512611],[2.1282515,48.8531551],[2.1286177,48.8534401],[2.1309968,48.8541384],[2.1324731,48.8551706],[2.1335891,48.8554708],[2.1344738,48.8561131],[2.134518,48.8563209],[2.1347326,48.856264],[2.1377462,48.857244],[2.1372559,48.8556225],[2.1381712,48.8552061],[2.1400919,48.8547301],[2.140514,48.8559626],[2.1416083,48.8558341],[2.1417974,48.8561246],[2.1428349,48.8590062],[2.1438287,48.8608172],[2.1437218,48.8613917],[2.1451982,48.8610478],[2.1460819,48.8604659],[2.1468203,48.8615682],[2.1462655,48.862105],[2.1460886,48.862574],[2.1471685,48.8632486],[2.1476669,48.8631759],[2.1481599,48.863587],[2.1483771,48.8635787],[2.1501924,48.8629745],[2.1512709,48.8638333],[2.152863,48.8633549],[2.1541538,48.8649487],[2.1546984,48.8664866],[2.1554431,48.8669646],[2.156576,48.8684452],[2.1572521,48.8688703],[2.1573805,48.8692601],[2.1572216,48.8696966],[2.1521792,48.8682397],[2.1484714,48.8684388],[2.1480189,48.8692996],[2.1492245,48.869948],[2.1503056,48.8707716],[2.1488088,48.8716728],[2.1468442,48.8711328],[2.145172,48.8704587],[2.1446422,48.8709397],[2.1416143,48.8702582],[2.1356178,48.8702146],[2.1333216,48.8704305],[2.1308724,48.8709272],[2.1282107,48.8720904],[2.1243188,48.874394],[2.12343,48.8739317],[2.1228292,48.8738611],[2.1223083,48.8735087],[2.1239489,48.872355],[2.1230266,48.8716901],[2.1223107,48.8707912],[2.1263559,48.8690301],[2.129477,48.8671351],[2.1312339,48.867265],[2.1314072,48.865658],[2.1318368,48.864591],[2.1322693,48.8645754],[2.1332779,48.8641931],[2.1340163,48.8630721],[2.1326635,48.8625296],[2.131387,48.8615226],[2.128252,48.8605397],[2.1260651,48.8590037],[2.1248955,48.8575808],[2.1249114,48.8573904],[2.1272154,48.8565741],[2.1213486,48.8530835],[2.1218286,48.8517053],[2.1223401,48.8509262]]]]}},{"type":"Feature","properties":{"id":"78117","nom":"BUC","created":"2007-05-21","updated":"2026-01-14","code_commune":"78117"},"geometry":{"type":"MultiPolygon","coordinates":[[[[2.1236401,48.7541922],[2.1241453,48.7553618],[2.1276152,48.7603518],[2.1306468,48.7633371],[2.1325893,48.7659428],[2.1343574,48.7668365],[2.1374345,48.7694349],[2.1378549,48.7695883],[2.1392832,48.769554],[2.1403402,48.7701566],[2.1411334,48.7708515],[2.1410605,48.7717043],[2.1442676,48.7708159],[2.1455388,48.7707029],[2.1470109,48.7719083],[2.1474945,48.7774461],[2.1471175,48.7812474],[2.14873,48.7855026],[2.1476869,48.7894083],[2.1477948,48.7896933],[2.1468098,48.7907876],[2.145951,48.7914174],[2.1406929,48.7929333],[2.1388983,48.7883908],[2.1356955,48.790092],[2.1356715,48.7898495],[2.1337962,48.7883978],[2.1335303,48.7877577],[2.1332801,48.787787],[2.1332246,48.7876364],[2.1329231,48.7877595],[2.1285613,48.7830544],[2.1244796,48.7799341],[2.1177486,48.780603],[2.1155266,48.7792264],[2.112326,48.7806405],[2.111279,48.7806288],[2.106524,48.7796209],[2.1056421,48.7808671],[2.1031173,48.7714286],[2.1034704,48.7717466],[2.1061543,48.77194],[2.1066691,48.7718428],[2.1035112,48.7717143],[2.1028279,48.7711432],[2.1051645,48.7708498],[2.1083665,48.7701717],[2.1052109,48.7707466],[2.1009781,48.764736],[2.1026168,48.764506],[2.101468,48.7620771],[2.1022119,48.7620043],[2.1021529,48.7591543],[2.1013276,48.7563428],[2.1065027,48.7576003],[2.106464,48.7574008],[2.1073415,48.7573788],[2.1105884,48.7580268],[2.1123865,48.7578544],[2.1142205,48.7579026],[2.1165619,48.7567104],[2.1230087,48.7553933],[2.1232186,48.7543062],[2.1236401,48.7541922]]]]}},{"type":"Feature","properties":{"id":"78118","nom":"BUCHELAY","created":"2011-11-02","updated":"2025-10-27","code_commune":"78118"},"geometry":{"type":"MultiPolygon","coordinates":[[[[1.6637344,48.9698414],[1.6661649,48.9706015],[1.6666463,48.9711648],[1.6667793,48.9706305],[1.6677889,48.9707989],[1.6693109,48.9732245],[1.6704494,48.9740053],[1.6713652,48.9750864],[1.6722708,48.9746773],[1.6725263,48.9747171],[1.6751046,48.9757782],[1.6770948,48.9769629],[1.6784006,48.9773299],[1.6797159,48.9781812],[1.681564,48.9782473],[1.6835127,48.9786705],[1.6859571,48.97862],[1.6865631,48.9805543],[1.6896488,48.9807593],[1.6904136,48.9818696],[1.6911391,48.9817101],[1.6923756,48.9830735],[1.6927601,48.9829015],[1.6943323,48.9838519],[1.6962977,48.9855777],[1.6968152,48.9855387],[1.6961375,48.9861088],[1.6952861,48.9865328],[1.6958643,48.9873795],[1.6974464,48.9859954],[1.7006086,48.9877197],[1.7018503,48.9893235],[1.6962048,48.9886497],[1.6961973,48.9890408],[1.6915656,48.9891807],[1.6856631,48.9910418],[1.680706,48.9929786],[1.6787399,48.9935017],[1.6757635,48.9945929],[1.6731663,48.9952238],[1.6729467,48.9948906],[1.669048,48.9956755],[1.6688907,48.9954838],[1.6667229,48.9962417],[1.6639942,48.9949316],[1.6610462,48.9898139],[1.6585266,48.9859278],[1.6557061,48.9822904],[1.6550852,48.9821374],[1.6550583,48.9817752],[1.6552884,48.9810301],[1.6551826,48.9794168],[1.6554156,48.9789796],[1.6558024,48.9786013],[1.6593958,48.9769009],[1.6608729,48.9757448],[1.6613241,48.9750417],[1.6615143,48.9735795],[1.6623274,48.9712667],[1.6630034,48.9702542],[1.6637344,48.9698414]]]]}},{"type":"Feature","properties":{"id":"78123","nom":"CARRIERES SOUS POISSY","created":"2012-03-07","updated":"2026-01-15","code_commune":"78123"},"geometry":{"type":"MultiPolygon","coordinates":[[[[2.0211986,48.9303783],[2.0241905,48.93053],[2.0254329,48.9307247],[2.0310872,48.9334911],[2.0343054,48.9344749],[2.0362147,48.9344037],[2.0367381,48.934603],[2.0397553,48.9374424],[2.0400394,48.9380422],[2.0418227,48.9399287],[2.0438884,48.9447861],[2.0451424,48.9447262],[2.0463115,48.9454543],[2.0469911,48.9465375],[2.0477785,48.9486016],[2.0474869,48.9492298],[2.0481096,48.9508113],[2.0488668,48.955261],[2.0487424,48.9594153],[2.0470161,48.9613565],[2.0466986,48.9626214],[2.046564,48.9620441],[2.0466982,48.9626223],[2.046524,48.9635319],[2.0456574,48.9636174],[2.0451797,48.9616663],[2.0423801,48.9619331],[2.0408872,48.9622879],[2.0399649,48.9623533],[2.0394673,48.9621405],[2.0370627,48.9620133],[2.0370608,48.961578],[2.0352879,48.9615214],[2.0363803,48.9589009],[2.0246158,48.9591703],[2.0250261,48.9572626],[2.0237059,48.9568413],[2.0202426,48.9551878],[2.0218723,48.9529618],[2.0150322,48.9505827],[2.0163607,48.9488998],[2.0091949,48.9477871],[2.0119505,48.9424283],[2.0034382,48.9414313],[2.0052002,48.9381199],[2.0060241,48.9369501],[2.0089419,48.9343448],[2.01229,48.9324077],[2.0150076,48.9313599],[2.0173678,48.9307979],[2.019408,48.9304763],[2.0211986,48.9303783]]]]}},{"type":"Feature","properties":{"id":"78124","nom":"CARRIERES SUR SEINE","created":"2004-07-07","updated":"2025-11-18","code_commune":"78124"},"geometry":{"type":"MultiPolygon","coordinates":[[[[2.1744428,48.8990832],[2.176842,48.9004339],[2.1803485,48.9017622],[2.1832607,48.9026054],[2.1878477,48.9035638],[2.1936802,48.9051049],[2.196661,48.9070495],[2.2004545,48.9086772],[2.1982661,48.9120227],[2.2003109,48.912916],[2.2006315,48.9132661],[2.2038585,48.9145323],[2.2008196,48.9180057],[2.1991987,48.9189823],[2.1954992,48.9168836],[2.1952719,48.9170704],[2.1932915,48.9162993],[2.1919823,48.9182045],[2.1876443,48.9172101],[2.1868478,48.9186072],[2.1818729,48.9174112],[2.1778272,48.9159843],[2.1755512,48.9178126],[2.1702935,48.9242051],[2.1701452,48.9248097],[2.1682335,48.9265176],[2.1667333,48.9256708],[2.1666009,48.9250172],[2.1656302,48.9235231],[2.1660569,48.9228318],[2.1608862,48.9203004],[2.1594828,48.9193058],[2.1631235,48.9171432],[2.1604867,48.9151878],[2.1585556,48.9141194],[2.1616905,48.9117696],[2.162956,48.9102578],[2.1599584,48.9091264],[2.1661026,48.9045502],[2.1655913,48.9042002],[2.1668335,48.9034694],[2.1671795,48.9037218],[2.1744428,48.8990832]]]]}},{"type":"Feature","properties":{"id":"78126","nom":"CELLE-SAINT-CLOUD (LA)","created":"2016-04-27","updated":"2025-10-27","code_commune":"78126"},"geometry":{"type":"MultiPolygon","coordinates":[[[[2.1290121,48.8351072],[2.1338057,48.8355017],[2.1441557,48.8368832],[2.145861,48.836896],[2.1462848,48.8384676],[2.1457181,48.83944],[2.1457215,48.8417927],[2.1474088,48.843222],[2.1488423,48.8450019],[2.149381,48.8459733],[2.1498263,48.8462459],[2.151051,48.8480889],[2.1516368,48.8484003],[2.1518255,48.8486891],[2.1533585,48.8487862],[2.1571919,48.8476788],[2.1599078,48.8475513],[2.1593398,48.8481452],[2.15907,48.8493177],[2.1545133,48.8526276],[2.1545144,48.8527842],[2.1543137,48.8527734],[2.1541282,48.8533855],[2.1507827,48.8561226],[2.1513147,48.8565064],[2.1500832,48.8569837],[2.1503208,48.8580302],[2.1506945,48.8582062],[2.1510104,48.8581619],[2.1515368,48.859112],[2.150125,48.859535],[2.1511575,48.860566],[2.1532875,48.8614083],[2.153081,48.861986],[2.1532655,48.8625022],[2.1549468,48.8637687],[2.1537672,48.864464],[2.1528568,48.8633529],[2.1512679,48.8638299],[2.1501923,48.8629715],[2.1483788,48.8635767],[2.1481582,48.863586],[2.1476651,48.8631742],[2.1471545,48.8632458],[2.1460851,48.862573],[2.1462611,48.8621018],[2.1468104,48.8615715],[2.1460723,48.860468],[2.1452413,48.8610361],[2.1436582,48.861412],[2.1437881,48.8607538],[2.1428479,48.8590376],[2.141787,48.8561052],[2.1415974,48.8558296],[2.1405112,48.8559599],[2.1400751,48.8546866],[2.1372586,48.8556429],[2.1378059,48.8572748],[2.1359154,48.8566808],[2.1346062,48.8562209],[2.1336114,48.8555024],[2.1324384,48.8550941],[2.131075,48.8541612],[2.1284985,48.8533823],[2.1269588,48.8512267],[2.1237248,48.8512599],[2.1222776,48.8508969],[2.1224038,48.8507292],[2.1206932,48.8499597],[2.1205402,48.849571],[2.1206938,48.8490685],[2.1200964,48.8484223],[2.1200282,48.8478019],[2.1196974,48.8475497],[2.1183571,48.8476544],[2.1176112,48.8483579],[2.1159131,48.8488148],[2.1103473,48.8500623],[2.1084485,48.8502057],[2.1107179,48.8403849],[2.1119857,48.8408758],[2.1142848,48.8405042],[2.1156073,48.8402644],[2.116345,48.8399405],[2.1173701,48.8398168],[2.1172971,48.8395555],[2.1182982,48.8391658],[2.1198294,48.8388607],[2.118993,48.8368447],[2.1207813,48.8364162],[2.120598,48.8361066],[2.1261943,48.8351547],[2.1290121,48.8351072]]]]}},{"type":"Feature","properties":{"id":"78133","nom":"CHAMBOURCY","created":"2008-05-13","updated":"2025-11-03","code_commune":"78133"},"geometry":{"type":"MultiPolygon","coordinates":[[[[2.0373087,48.8775622],[2.0461508,48.8923549],[2.0496998,48.8912302],[2.0499058,48.8913277],[2.0495917,48.8929304],[2.0498368,48.8938169],[2.0497683,48.8944003],[2.0502168,48.8949752],[2.0538051,48.8976748],[2.0542056,48.8975389],[2.0543719,48.8977941],[2.0540898,48.8981067],[2.0522862,48.8995744],[2.0527649,48.9008009],[2.0549598,48.9043697],[2.0532153,48.9051168],[2.0538578,48.9071231],[2.0527787,48.9076118],[2.0419127,48.9156527],[2.0398281,48.9170139],[2.039556,48.9164842],[2.0307259,48.9170097],[2.0295828,48.9159095],[2.0270477,48.9126078],[2.0292909,48.9120799],[2.027784,48.9092091],[2.0273209,48.9093043],[2.0270193,48.9083878],[2.0274876,48.9057857],[2.028403,48.9057644],[2.0281487,48.9051696],[2.0280987,48.9039006],[2.0286741,48.9040051],[2.0287865,48.9037681],[2.029454,48.9039041],[2.0299818,48.9026208],[2.030048,48.9011923],[2.0305114,48.9011995],[2.0303903,48.9005765],[2.0302341,48.9005928],[2.029185,48.8984953],[2.0271471,48.8977391],[2.0260936,48.8971588],[2.0272416,48.8966049],[2.0284066,48.8953041],[2.0264735,48.8943869],[2.0245608,48.8939808],[2.0219806,48.8928696],[2.0214656,48.892816],[2.0200164,48.8930847],[2.0185018,48.8930135],[2.0180828,48.8931151],[2.0168981,48.8940049],[2.0133177,48.8961061],[2.0125799,48.8962576],[2.0104412,48.8958328],[2.0078787,48.8946121],[2.0042922,48.8939155],[2.0030981,48.8932549],[2.0022648,48.8932241],[2.0016458,48.8921462],[1.9985197,48.8914588],[2.0097791,48.8864837],[2.0170399,48.8836458],[2.0232788,48.8816398],[2.0373087,48.8775622]]]]}},{"type":"Feature","properties":{"id":"78138","nom":"CHANTELOUP-LES-VIGNES","created":"2012-06-13","updated":"2025-12-19","code_commune":"78138"},"geometry":{"type":"MultiPolygon","coordinates":[[[[2.0363803,48.9589009],[2.033527,48.9657701],[2.0347028,48.9660514],[2.0387321,48.9665677],[2.0388844,48.9672905],[2.0401787,48.9680243],[2.0405721,48.9701106],[2.0421932,48.9743764],[2.0435129,48.9762187],[2.0442874,48.976297],[2.041654,48.9772244],[2.0399174,48.9780975],[2.0416454,48.978684],[2.0430804,48.978943],[2.0427513,48.9804827],[2.0430892,48.9805491],[2.0431437,48.9808037],[2.0426038,48.9818291],[2.0448154,48.9819874],[2.046959,48.9833449],[2.045882,48.9834466],[2.04318,48.9844758],[2.0416766,48.9842631],[2.0386372,48.9843074],[2.0338996,48.9839687],[2.0341272,48.9839702],[2.034649,48.9858953],[2.0275487,48.9888492],[2.0259902,48.996125],[2.0210145,48.9946477],[2.0240366,48.990974],[2.026377,48.9851388],[2.026719,48.9832365],[2.0253037,48.9825907],[2.0234676,48.9830996],[2.0231447,48.9820416],[2.0233844,48.9819998],[2.0230575,48.9808445],[2.0232107,48.980819],[2.022912,48.9801505],[2.0227817,48.9787676],[2.0230192,48.9787287],[2.0227946,48.9781611],[2.0222683,48.9780727],[2.0223385,48.9775721],[2.0245936,48.9774186],[2.0240968,48.976303],[2.0239691,48.9752886],[2.0237998,48.9752911],[2.0237271,48.9743736],[2.0236597,48.9727628],[2.0245385,48.9727529],[2.0241013,48.9703708],[2.0265044,48.9702161],[2.0263261,48.9678829],[2.0266184,48.9678993],[2.0267453,48.9669616],[2.0266485,48.9651841],[2.0272588,48.9637719],[2.0279005,48.9611532],[2.0281707,48.9611693],[2.0282002,48.960841],[2.0284101,48.9608272],[2.0282579,48.9596268],[2.0286401,48.9595209],[2.028634,48.9593877],[2.0283861,48.9594025],[2.0283566,48.9590712],[2.0363803,48.9589009]]]]}},{"type":"Feature","properties":{"id":"78140","nom":"CHAPET","created":"2003-01-24","updated":"2025-10-27","code_commune":"78140"},"geometry":{"type":"MultiPolygon","coordinates":[[[[1.9480905,48.9527557],[1.9518718,48.9551187],[1.9533466,48.955673],[1.9546022,48.9564684],[1.9557771,48.9567496],[1.9557709,48.9575313],[1.9554833,48.9580638],[1.9549724,48.9586423],[1.954077,48.9589453],[1.9517177,48.9623627],[1.9516117,48.9663842],[1.9512023,48.969285],[1.9521649,48.9696216],[1.953801,48.9697971],[1.9516996,48.9732772],[1.9519177,48.9760769],[1.9497547,48.9796278],[1.9393504,48.9806775],[1.9389116,48.9809961],[1.9378128,48.9812564],[1.9339316,48.9828914],[1.9316396,48.9835514],[1.9321338,48.9759736],[1.9284375,48.9762061],[1.9246286,48.9766376],[1.9246099,48.9764323],[1.9241783,48.9761608],[1.923299,48.9759436],[1.9223487,48.9751089],[1.9231035,48.974784],[1.9236211,48.974353],[1.9241072,48.9708796],[1.92278,48.9708413],[1.9229021,48.9688647],[1.9206297,48.9686364],[1.9237163,48.9641345],[1.9242424,48.9626517],[1.9239684,48.9616295],[1.926575,48.9619374],[1.9271601,48.9606019],[1.9276259,48.960518],[1.9278683,48.9590819],[1.9312265,48.9594419],[1.9321518,48.9561129],[1.9323535,48.9560254],[1.9339423,48.9574761],[1.9456074,48.9578939],[1.9480905,48.9527557]]]]}},{"type":"Feature","properties":{"id":"78146","nom":"CHATOU","created":"2002-07-04","updated":"2025-10-27","code_commune":"78146"},"geometry":{"type":"MultiPolygon","coordinates":[[[[2.15825,48.880557],[2.1589213,48.8808921],[2.1617149,48.8817141],[2.16302,48.8825731],[2.1635196,48.8835429],[2.1635751,48.8843745],[2.162965,48.8872009],[2.1631637,48.8880096],[2.1638358,48.8891838],[2.164518,48.8900441],[2.1663444,48.8917149],[2.1674839,48.8941056],[2.1680478,48.8948217],[2.170406,48.8966505],[2.1744438,48.8990881],[2.1671393,48.903753],[2.1667862,48.9034932],[2.1655864,48.9041995],[2.1660974,48.9045503],[2.161192,48.9081368],[2.1592136,48.9070535],[2.1587285,48.9067507],[2.1588679,48.9066183],[2.1584301,48.9064286],[2.1580665,48.9067778],[2.1565153,48.9060706],[2.156148,48.9060382],[2.1557995,48.9063565],[2.1525923,48.9048215],[2.1523223,48.9050798],[2.1507498,48.9043891],[2.1502994,48.9057501],[2.1495976,48.9054581],[2.1499008,48.9049444],[2.1496981,48.9048594],[2.147624,48.9041299],[2.1474536,48.9043454],[2.1470819,48.9041946],[2.1469907,48.9046589],[2.1435462,48.9029706],[2.1405479,48.9075985],[2.1395408,48.9099012],[2.1403772,48.9098458],[2.1404382,48.9106001],[2.1377096,48.9110474],[2.1358098,48.9112003],[2.1319987,48.9120954],[2.1260298,48.9075925],[2.1313543,48.9058661],[2.1336471,48.9096219],[2.1338234,48.9096383],[2.1452271,48.8926419],[2.1486312,48.8932219],[2.1504273,48.8917227],[2.1501611,48.8911509],[2.1439089,48.8923167],[2.1434089,48.8920481],[2.1435536,48.8890016],[2.1479316,48.8882155],[2.1459518,48.8860493],[2.1449507,48.8833874],[2.15825,48.880557]]]]}},{"type":"Feature","properties":{"id":"78158","nom":"LE CHESNAY-ROCQUENCOURT","created":"2003-02-04","updated":"2026-04-10","code_commune":"78158"},"geometry":{"type":"MultiPolygon","coordinates":[[[[2.1359455,48.8140256],[2.1367693,48.8184299],[2.1377909,48.8191187],[2.1378862,48.8210202],[2.1400864,48.824262],[2.1427477,48.8255738],[2.1442479,48.8268404],[2.1468481,48.8281156],[2.1484989,48.8285845],[2.1459351,48.8358571],[2.1458369,48.8368994],[2.1442121,48.836892],[2.1338634,48.8354896],[2.1290624,48.8351283],[2.1261896,48.8351543],[2.1205654,48.8361171],[2.1191475,48.8340314],[2.1208164,48.8363915],[2.1190123,48.8368385],[2.1198246,48.8388695],[2.1183058,48.8391941],[2.1155899,48.8402805],[2.1143004,48.8405188],[2.1120081,48.8408987],[2.1107393,48.840416],[2.1106053,48.8409955],[2.1099472,48.8409487],[2.1098762,48.8412012],[2.1053888,48.8418255],[2.1051139,48.842422],[2.1029631,48.8431024],[2.1013319,48.8382742],[2.0967495,48.8385732],[2.0957626,48.8376209],[2.0954823,48.8367566],[2.0949048,48.8362275],[2.0964323,48.8355996],[2.0963676,48.8354631],[2.0891328,48.826476],[2.092036,48.8232315],[2.0957416,48.8254789],[2.1025792,48.8234471],[2.1043198,48.8244035],[2.1055184,48.8258517],[2.1068811,48.8267414],[2.1126043,48.8286416],[2.1134884,48.8287069],[2.1126153,48.8286104],[2.114508,48.8207831],[2.1140891,48.8206365],[2.1150966,48.8204837],[2.1285089,48.8155366],[2.1288825,48.8156244],[2.1290469,48.8159097],[2.1295425,48.8157832],[2.1293742,48.8155024],[2.12953,48.8150476],[2.1359455,48.8140256]]]]}},{"type":"Feature","properties":{"id":"78160","nom":"CHEVREUSE","created":"2016-01-14","updated":"2025-10-27","code_commune":"78160"},"geometry":{"type":"MultiPolygon","coordinates":[[[[2.0426608,48.6800972],[2.0437333,48.6818918],[2.0432407,48.6823926],[2.0422361,48.6826027],[2.0423915,48.6835521],[2.0430704,48.6834798],[2.0442876,48.6856281],[2.0453384,48.685795],[2.0458027,48.6865682],[2.0456777,48.6875334],[2.0495838,48.6878264],[2.0526388,48.6871387],[2.0530713,48.6873758],[2.0533121,48.6871902],[2.0554351,48.6868308],[2.0576881,48.6871426],[2.0581943,48.6870665],[2.0585581,48.6877776],[2.0536924,48.6964286],[2.0537082,48.696733],[2.0539759,48.6975211],[2.0557805,48.6987142],[2.0558714,48.6997674],[2.0563799,48.7009151],[2.0554523,48.7023998],[2.0555629,48.7041788],[2.0582817,48.7041129],[2.0591274,48.7042483],[2.0603547,48.7040763],[2.0604473,48.7045873],[2.0606645,48.7046396],[2.0603419,48.7063506],[2.0592885,48.7062823],[2.0591996,48.7063878],[2.0608299,48.7072024],[2.0615518,48.7080983],[2.0627031,48.7090567],[2.0632644,48.7100892],[2.0633716,48.712817],[2.0626572,48.7144876],[2.0621199,48.7165226],[2.0647954,48.7165764],[2.0645511,48.7170815],[2.0669166,48.717589],[2.0664673,48.7181222],[2.0658873,48.718355],[2.0660178,48.7184644],[2.0655632,48.7189742],[2.0652416,48.7190858],[2.065314,48.7199482],[2.0650639,48.7207279],[2.0641131,48.7213894],[2.0632466,48.7216278],[2.0637626,48.7219368],[2.0619308,48.7235365],[2.0600119,48.7242424],[2.0590421,48.7237466],[2.0584012,48.7236727],[2.0572749,48.7245816],[2.0557375,48.7236418],[2.05565,48.7227561],[2.0559168,48.7223082],[2.0556436,48.7217389],[2.0549866,48.721851],[2.0542956,48.7225121],[2.0514979,48.7236887],[2.0513499,48.7240128],[2.0498107,48.723538],[2.0492093,48.7224984],[2.0484415,48.7226779],[2.0453446,48.7228401],[2.0448117,48.7222487],[2.0443951,48.7228318],[2.0443502,48.7233477],[2.0445606,48.7237457],[2.0439358,48.7238603],[2.043674,48.7235968],[2.0426338,48.7238752],[2.042635,48.7246603],[2.0415936,48.7254052],[2.0411687,48.7253382],[2.041134,48.7261532],[2.0401604,48.7261188],[2.0385322,48.7264499],[2.0380378,48.7259134],[2.0377459,48.7259353],[2.0378063,48.7266281],[2.0368093,48.7264994],[2.0358494,48.726862],[2.0353575,48.7268811],[2.035136,48.7259173],[2.0340639,48.7258323],[2.0309392,48.7242199],[2.0313289,48.7230062],[2.029194,48.7220719],[2.0158026,48.7244045],[2.0165528,48.7241075],[2.0152228,48.7235209],[2.0142851,48.7219445],[2.013971,48.7206806],[2.0134603,48.7199788],[2.0118532,48.7208579],[2.0088983,48.721329],[2.0088676,48.7211544],[2.0083233,48.7212166],[2.0082369,48.72092],[2.0057866,48.7205868],[2.0040998,48.7205921],[2.0029647,48.7200876],[2.0029621,48.7199219],[2.0024337,48.720079],[2.0019036,48.7131081],[2.003573,48.7127606],[2.0077498,48.713387],[2.0083941,48.712395],[2.008837,48.7112266],[2.0093195,48.7107779],[2.0117272,48.7097485],[2.0125612,48.7096474],[2.012246,48.7093527],[2.0158374,48.7084763],[2.0172238,48.7077365],[2.0177771,48.7073998],[2.017346,48.7066697],[2.0180347,48.7065253],[2.0178897,48.7061836],[2.0186851,48.7060537],[2.0185177,48.7054377],[2.0202081,48.7053492],[2.0221998,48.704531],[2.0238471,48.7044522],[2.0242531,48.7020359],[2.0245177,48.7020487],[2.024734,48.7012783],[2.0235245,48.7009986],[2.0233968,48.7001609],[2.022554,48.7003354],[2.0226338,48.6997806],[2.0222524,48.6997985],[2.021519,48.6968825],[2.0207646,48.6965541],[2.0218353,48.6958398],[2.0231106,48.695515],[2.025067,48.6946988],[2.0258437,48.6940919],[2.0259068,48.6930011],[2.026445,48.6921456],[2.0266633,48.6911333],[2.0277907,48.6899177],[2.0279248,48.6887211],[2.0288059,48.6873356],[2.0287328,48.6863061],[2.0292128,48.6839634],[2.0296576,48.6830452],[2.03104,48.6824272],[2.0323044,48.6821567],[2.0335269,48.6827004],[2.0360934,48.6827382],[2.0385669,48.6813765],[2.0383056,48.6809469],[2.0377883,48.680614],[2.0377084,48.6802935],[2.0426608,48.6800972]]]]}},{"type":"Feature","properties":{"id":"78165","nom":"CLAYES-SOUS-BOIS (LES)","created":"2003-08-11","updated":"2017-09-29","code_commune":"78165"},"geometry":{"type":"MultiPolygon","coordinates":[[[[1.9930923,48.7986484],[1.9946718,48.7988959],[1.9929654,48.7999051],[1.9949762,48.8066465],[1.9948298,48.8067826],[1.9950272,48.8068495],[1.9968863,48.8130378],[2.0002512,48.8138374],[2.000464,48.8161748],[1.9990104,48.8163947],[1.9999552,48.8179988],[1.9986562,48.8183246],[1.9995358,48.8199481],[1.9946016,48.8212848],[1.9970014,48.8244633],[1.9984493,48.8268169],[1.9961149,48.827285],[1.9935168,48.8286456],[1.9944951,48.8289944],[1.9876492,48.8310678],[1.9835091,48.832899],[1.9835343,48.8334113],[1.9777529,48.8338538],[1.9722984,48.8348305],[1.9700308,48.8347368],[1.969611,48.8330809],[1.9693968,48.8306206],[1.9686105,48.82738],[1.9674647,48.8251484],[1.9665636,48.8225448],[1.9665513,48.8216998],[1.9669721,48.8208341],[1.9685059,48.8191114],[1.9696622,48.817146],[1.9702485,48.8168439],[1.9715665,48.8166121],[1.9724961,48.8156118],[1.9738915,48.8146697],[1.9717529,48.8143693],[1.9718531,48.8139932],[1.9731641,48.8131044],[1.9744424,48.8125598],[1.9736266,48.8111872],[1.9732355,48.8097784],[1.9754286,48.8103583],[1.9751603,48.8093109],[1.9762812,48.8091461],[1.979247,48.8076498],[1.9818914,48.8049251],[1.9839783,48.8046232],[1.9846628,48.8036918],[1.9862641,48.8025071],[1.9860485,48.8020045],[1.9866525,48.8003878],[1.9863912,48.8004317],[1.9864495,48.7994031],[1.9930923,48.7986484]]]]}},{"type":"Feature","properties":{"id":"78168","nom":"COIGNIERES","created":"2015-08-18","updated":"2025-10-27","code_commune":"78168"},"geometry":{"type":"MultiPolygon","coordinates":[[[[1.919029,48.7330793],[1.9199381,48.7335742],[1.9214425,48.7358775],[1.9241224,48.739382],[1.9258272,48.7371336],[1.9267271,48.737396],[1.9266122,48.737463],[1.927725,48.7386242],[1.9274826,48.7387327],[1.9279398,48.739249],[1.9278453,48.7393403],[1.9307212,48.7403415],[1.9323144,48.7402422],[1.93229,48.7410194],[1.9326137,48.7416699],[1.9324702,48.7418093],[1.9330418,48.7422655],[1.9345681,48.7429244],[1.9345898,48.7438139],[1.9349648,48.7440815],[1.934511,48.7442655],[1.93496,48.7447431],[1.9342325,48.7451166],[1.9344212,48.7453587],[1.9354,48.7457541],[1.9356873,48.7461019],[1.9360122,48.7460513],[1.9361975,48.74659],[1.9355615,48.7466758],[1.9365075,48.7474971],[1.9372704,48.7484701],[1.9358537,48.7491958],[1.9342334,48.7504285],[1.9329727,48.7511177],[1.9378507,48.7533594],[1.9428887,48.7550868],[1.9427215,48.7551812],[1.9415938,48.7549217],[1.9414021,48.7551924],[1.9423222,48.7557383],[1.9389819,48.7573213],[1.9349965,48.7594872],[1.932705,48.7604574],[1.9289675,48.7568553],[1.9290902,48.756796],[1.9158292,48.7578643],[1.906808,48.7655632],[1.900552,48.7677225],[1.9007931,48.7674008],[1.9017166,48.766856],[1.9007429,48.7661333],[1.9039109,48.7652563],[1.9022633,48.7649819],[1.9004199,48.7652181],[1.8986396,48.765908],[1.8974295,48.7659432],[1.8963419,48.7655234],[1.8944384,48.7653419],[1.8931788,48.7648854],[1.8930935,48.7645204],[1.8934003,48.7642661],[1.8932486,48.7635588],[1.8934662,48.7635821],[1.8932653,48.7631303],[1.8925215,48.7624303],[1.8930405,48.7620073],[1.8930926,48.7615474],[1.8937879,48.760494],[1.893925,48.7591005],[1.8942558,48.7587571],[1.8946325,48.7571193],[1.8942515,48.7557395],[1.8927823,48.7548091],[1.8927675,48.7532143],[1.8932737,48.7524909],[1.8951285,48.7517833],[1.8955104,48.7513765],[1.8955843,48.75054],[1.8953803,48.7498302],[1.8963296,48.7483179],[1.8961251,48.7471116],[1.8964325,48.7466548],[1.8976821,48.7456334],[1.8973522,48.7446253],[1.8967512,48.7444443],[1.8956736,48.7437693],[1.8956852,48.7427262],[1.896293,48.7420715],[1.8971264,48.7418069],[1.897336,48.7414725],[1.8984048,48.7408027],[1.9000922,48.7403777],[1.9009914,48.739913],[1.9019782,48.7396352],[1.9034372,48.7382565],[1.905568,48.7379795],[1.9070564,48.7369785],[1.9073961,48.7371161],[1.9079282,48.7368055],[1.9080504,48.7366611],[1.9065655,48.7353771],[1.9085827,48.7347499],[1.9095816,48.7346856],[1.91538,48.7331869],[1.919029,48.7330793]]]]}},{"type":"Feature","properties":{"id":"78172","nom":"CONFLANS SAINTE HONORINE","created":"2005-11-24","updated":"2025-11-27","code_commune":"78172"},"geometry":{"type":"MultiPolygon","coordinates":[[[[2.0741659,48.9847989],[2.0764081,48.9852489],[2.0793192,48.9860951],[2.0799712,48.9860825],[2.0811418,48.9864413],[2.081863,48.9863554],[2.0835797,48.9869299],[2.0851201,48.9871143],[2.0853407,48.9872861],[2.0851637,48.9879596],[2.0877924,48.9878182],[2.1006671,48.9885998],[2.1039608,48.988553],[2.1069133,48.9889272],[2.1090348,48.9889188],[2.1102708,48.9891106],[2.1123545,48.988622],[2.1192742,48.989085],[2.1220557,48.988769],[2.1254992,48.9887495],[2.1269995,48.989275],[2.125703,48.9899043],[2.1245792,48.9910294],[2.1236364,48.9916435],[2.1240043,48.9935839],[2.1206817,48.9932936],[2.1209522,48.9949669],[2.1235509,49.0036418],[2.1271302,49.009678],[2.1266782,49.0121887],[2.1212649,49.0183281],[2.1138143,49.0125818],[2.1106133,49.0103498],[2.1102356,49.0087553],[2.105716,49.009487],[2.1015366,49.0105571],[2.0973821,49.0113321],[2.0957104,49.0119135],[2.0926608,49.0125728],[2.0849578,49.0146196],[2.0827051,49.0094704],[2.0786341,49.0074562],[2.0747388,49.0065087],[2.0753531,49.0033913],[2.0753125,49.0021243],[2.0735328,49.0017493],[2.0727858,49.0018456],[2.0715836,49.0017198],[2.0720033,49.0005607],[2.07219,48.9988871],[2.0721358,48.9978739],[2.0714145,48.9949163],[2.0721312,48.9927183],[2.0723432,48.9912528],[2.0722098,48.9901268],[2.0713435,48.9874557],[2.0722335,48.9874435],[2.0713485,48.9874449],[2.0712481,48.9870777],[2.0713939,48.9867532],[2.0718971,48.9864141],[2.0728663,48.9863668],[2.0738406,48.9850022],[2.0740011,48.9850295],[2.0741659,48.9847989]]]]}},{"type":"Feature","properties":{"id":"78190","nom":"CROISSY SUR SEINE","created":"2004-01-05","updated":"2026-02-02","code_commune":"78190"},"geometry":{"type":"MultiPolygon","coordinates":[[[[2.1357809,48.870202],[2.1415466,48.8702784],[2.144634,48.8709362],[2.1451673,48.8704532],[2.146825,48.8711256],[2.1488015,48.8716679],[2.1502979,48.8707814],[2.1526928,48.8730566],[2.1575733,48.8798705],[2.1583088,48.8805804],[2.1514889,48.8819233],[2.1450051,48.8834129],[2.1349318,48.8853649],[2.1300173,48.8758989],[2.1199623,48.8850932],[2.1181777,48.8907911],[2.1102678,48.8874429],[2.111345,48.8869468],[2.1139271,48.8843128],[2.1163066,48.8811115],[2.1199638,48.8779784],[2.1220751,48.8764657],[2.124455,48.8743216],[2.1282144,48.8720878],[2.1309091,48.8709192],[2.1333747,48.8704204],[2.1357809,48.870202]]]]}},{"type":"Feature","properties":{"id":"78208","nom":"ELANCOURT","created":"2003-08-19","updated":"2026-02-02","code_commune":"78208"},"geometry":{"type":"MultiPolygon","coordinates":[[[[1.9734703,48.7537035],[1.9771087,48.7579542],[1.9802159,48.7622429],[1.9769867,48.7628441],[1.9732452,48.7643431],[1.9709083,48.7655407],[1.9740502,48.7680601],[1.9758007,48.7697698],[1.9765902,48.7708246],[1.977652,48.7731129],[1.977604,48.7738253],[1.9761868,48.7744113],[1.9766377,48.7750018],[1.9763302,48.7751267],[1.976715,48.7751558],[1.9747335,48.7756401],[1.9749647,48.77618],[1.9745998,48.7767984],[1.974705,48.7770891],[1.9741886,48.7776713],[1.9738857,48.7775971],[1.9735893,48.7779286],[1.9736008,48.7780698],[1.9739004,48.7781343],[1.9726985,48.7795627],[1.9726215,48.7816195],[1.9709849,48.7821692],[1.9724109,48.7832926],[1.9720499,48.7836488],[1.9704095,48.7842626],[1.9706125,48.7844342],[1.9692808,48.7850818],[1.971732,48.7872082],[1.9710871,48.7874302],[1.9730076,48.7890685],[1.9719836,48.7895239],[1.9721495,48.7898132],[1.9722629,48.7899102],[1.9758059,48.788826],[1.9776281,48.7910956],[1.977249,48.7915383],[1.9859301,48.7996416],[1.9802776,48.8003087],[1.9758066,48.8005594],[1.9715171,48.8005076],[1.9673822,48.8001069],[1.961752,48.7934718],[1.961028,48.792004],[1.9632753,48.791479],[1.9629698,48.791123],[1.9625204,48.7912298],[1.9619404,48.7902762],[1.9617335,48.7904062],[1.9612214,48.7895852],[1.9603798,48.7898054],[1.9600508,48.7901067],[1.9595264,48.7890908],[1.9580242,48.7887085],[1.958268,48.7880571],[1.9569898,48.7880984],[1.9565917,48.7882483],[1.9564873,48.7881175],[1.9561476,48.7883579],[1.9554705,48.7883471],[1.9552571,48.7886255],[1.9548917,48.7884728],[1.9552268,48.7887431],[1.955029,48.7889542],[1.9540915,48.7897439],[1.953038,48.7902474],[1.9521149,48.789042],[1.9499301,48.7899422],[1.9472569,48.7901743],[1.9455324,48.7908722],[1.9442365,48.7908413],[1.9412449,48.7915999],[1.9411006,48.7906545],[1.9401014,48.7905097],[1.9402908,48.7904807],[1.9400958,48.7893059],[1.9408533,48.7892054],[1.9398779,48.7867382],[1.9396041,48.7844704],[1.9381667,48.784719],[1.9389116,48.782611],[1.9364581,48.7800078],[1.9367559,48.7795966],[1.9385569,48.7782655],[1.9394347,48.7768902],[1.9397293,48.7760817],[1.9395888,48.7755457],[1.939104,48.7752878],[1.9390743,48.7751119],[1.9393895,48.7747705],[1.9398504,48.7746706],[1.9401976,48.7748781],[1.940497,48.7742057],[1.9421416,48.7732664],[1.9411849,48.7727232],[1.9436217,48.7714293],[1.9442432,48.7707223],[1.9452973,48.7705411],[1.9457545,48.7702199],[1.945646,48.7701057],[1.9473146,48.7693722],[1.9461081,48.7681083],[1.9465288,48.7679189],[1.9460139,48.7676284],[1.9464502,48.7674196],[1.946173,48.7671376],[1.9458598,48.767183],[1.9446566,48.7661248],[1.9458521,48.7660891],[1.9461871,48.7658915],[1.9484636,48.7654923],[1.9487123,48.7656857],[1.949925,48.7653591],[1.9526451,48.765186],[1.9552635,48.7645807],[1.9544355,48.7635932],[1.9547138,48.7633725],[1.9534277,48.7614287],[1.9534436,48.7610856],[1.9530894,48.7609996],[1.9519606,48.7598003],[1.9520595,48.7596699],[1.9573431,48.7603355],[1.9576931,48.7605639],[1.9606968,48.7610126],[1.9672733,48.7633942],[1.9671159,48.7625351],[1.9668382,48.7624206],[1.9681095,48.755858],[1.9690786,48.7553913],[1.9707942,48.7551279],[1.9714414,48.7540617],[1.9734703,48.7537035]]]]}},{"type":"Feature","properties":{"id":"78224","nom":"ETANG-LA-VILLE (L )","created":"2002-07-31","updated":"2025-10-27","code_commune":"78224"},"geometry":{"type":"MultiPolygon","coordinates":[[[[2.0703962,48.8545307],[2.0721307,48.8568119],[2.0689744,48.8607566],[2.0752234,48.8607519],[2.0786897,48.8624259],[2.0784043,48.8626011],[2.0788034,48.8628435],[2.0775699,48.8636949],[2.0776327,48.8638409],[2.0769794,48.8643734],[2.0768738,48.8647548],[2.076325,48.8650254],[2.0750876,48.865249],[2.0754816,48.8657371],[2.0769398,48.8665233],[2.0773021,48.866552],[2.0791023,48.8680189],[2.0789163,48.8690108],[2.0792194,48.8693517],[2.0788712,48.8695627],[2.0789751,48.8699557],[2.0799502,48.8703907],[2.0796617,48.8707654],[2.0809257,48.8710424],[2.0795295,48.8717717],[2.0779632,48.8729603],[2.0780451,48.8738589],[2.0772798,48.8734978],[2.0756796,48.8744486],[2.0749519,48.8738411],[2.0739734,48.8742091],[2.0721214,48.8745938],[2.0702178,48.8754678],[2.06912,48.8745964],[2.0685669,48.8735901],[2.0674062,48.8722752],[2.0651049,48.8729692],[2.0639822,48.8737943],[2.0660615,48.8757744],[2.0663208,48.8763811],[2.0669718,48.8769139],[2.0691551,48.8779778],[2.0702898,48.8787335],[2.0691003,48.8795633],[2.0648917,48.8782969],[2.062607,48.8783907],[2.0600882,48.8800791],[2.0507571,48.8771201],[2.0446619,48.8734023],[2.0400077,48.8713913],[2.0378447,48.8688195],[2.0362547,48.867825],[2.0451771,48.8631527],[2.06005,48.8548336],[2.0703962,48.8545307]]]]}},{"type":"Feature","properties":{"id":"78227","nom":"EVECQUEMONT","created":"2015-11-09","updated":"2025-10-27","code_commune":"78227"},"geometry":{"type":"MultiPolygon","coordinates":[[[[1.9286985,49.0095374],[1.9349296,49.0105937],[1.9358988,49.0105949],[1.9359428,49.0100006],[1.9364426,49.0099679],[1.9390924,49.0099896],[1.9409498,49.010242],[1.9416746,49.0100949],[1.9427576,49.0101217],[1.9426046,49.0107499],[1.9427521,49.0108703],[1.9447668,49.0109169],[1.9456696,49.0110724],[1.945631,49.0118513],[1.9473732,49.0116415],[1.9487796,49.0112877],[1.9490313,49.0110206],[1.9494896,49.0109524],[1.9493814,49.0118678],[1.949105,49.0121696],[1.9525099,49.0118424],[1.9527725,49.0132966],[1.953327,49.0131923],[1.9537439,49.0145698],[1.9542678,49.0145594],[1.9548263,49.0142443],[1.954995,49.0153942],[1.954054,49.0167238],[1.956211,49.0166596],[1.9562959,49.0174822],[1.9531823,49.0180659],[1.9531835,49.0184014],[1.9526066,49.0184452],[1.9526516,49.0186714],[1.9565459,49.0195657],[1.958982,49.0198935],[1.9554372,49.0231822],[1.9548983,49.024759],[1.9495047,49.0242828],[1.9490767,49.025852],[1.9487158,49.0258246],[1.9484119,49.0265355],[1.9467586,49.0265268],[1.946092,49.0263434],[1.9453974,49.0257177],[1.9444778,49.0237799],[1.9425409,49.0240444],[1.9410371,49.0235295],[1.9392844,49.022449],[1.9376559,49.0218564],[1.9384013,49.020689],[1.9354698,49.0198853],[1.933258,49.0183133],[1.9336973,49.0179991],[1.9305334,49.0170722],[1.9241025,49.0158986],[1.9227841,49.0154278],[1.9213998,49.0161971],[1.9206029,49.0153687],[1.9200697,49.0156001],[1.9191794,49.014626],[1.9265844,49.013782],[1.9269258,49.01238],[1.9303337,49.0134193],[1.9316533,49.0136329],[1.9314029,49.0121476],[1.9312414,49.0121292],[1.9312549,49.0113533],[1.9285399,49.0102972],[1.9286985,49.0095374]]]]}},{"type":"Feature","properties":{"id":"78239","nom":"FOLLAINVILLE-DENNEMONT","created":"2011-11-02","updated":"2025-10-27","code_commune":"78239"},"geometry":{"type":"MultiPolygon","coordinates":[[[[1.7083555,49.0082992],[1.7098321,49.0097841],[1.7116022,49.0112195],[1.7127597,49.0106824],[1.7138271,49.0118111],[1.7155169,49.0115025],[1.7161737,49.0121962],[1.7176526,49.0114202],[1.7237192,49.0135687],[1.7241037,49.014548],[1.7262076,49.0136539],[1.7266617,49.0145323],[1.730041,49.0155267],[1.7307114,49.0206423],[1.7306015,49.0224085],[1.7308438,49.0242976],[1.731066,49.0252329],[1.7323796,49.0278359],[1.731184,49.0327016],[1.731351,49.0347401],[1.732942,49.0379076],[1.7326177,49.0388167],[1.7326084,49.0396161],[1.7331354,49.0410774],[1.7327167,49.0423355],[1.7326196,49.0436276],[1.7327962,49.0441398],[1.7335823,49.0449434],[1.7345283,49.0463728],[1.7355226,49.0487157],[1.7334535,49.0495229],[1.7318369,49.0505127],[1.7182915,49.0416221],[1.7186705,49.03948],[1.7182924,49.0367921],[1.7183552,49.0362491],[1.7188485,49.0353822],[1.718524,49.034489],[1.7178716,49.0335728],[1.7178043,49.0329812],[1.7156899,49.0331382],[1.7141124,49.0334436],[1.7122968,49.0305681],[1.7103032,49.029144],[1.7052187,49.027358],[1.7039078,49.028604],[1.7031038,49.0289768],[1.7019266,49.0299542],[1.7015265,49.0297057],[1.7001134,49.0305899],[1.6983812,49.0320906],[1.6956515,49.0309452],[1.6936772,49.0289075],[1.6922571,49.028167],[1.6912588,49.0270921],[1.6898396,49.0264513],[1.687989,49.0247531],[1.686162,49.0234066],[1.6846168,49.0226264],[1.6852492,49.022257],[1.6849047,49.0218832],[1.6840261,49.0196598],[1.6832254,49.0189069],[1.6829581,49.0189928],[1.6823157,49.0181914],[1.6816266,49.0184258],[1.6812485,49.017816],[1.6780825,49.018336],[1.6746317,49.0192611],[1.6729511,49.017239],[1.6737032,49.0146475],[1.6738512,49.0124287],[1.6741725,49.0120128],[1.674455,49.0109113],[1.6699162,49.0105516],[1.6700514,49.0099816],[1.6697773,49.0099497],[1.6702776,49.0082209],[1.6801226,49.0091408],[1.6869378,49.0095982],[1.6925699,49.0092475],[1.7034483,49.0098316],[1.7045215,49.0096043],[1.7083555,49.0082992]]]]}},{"type":"Feature","properties":{"id":"78242","nom":"FONTENAY LE FLEURY","created":"2007-07-17","updated":"2026-01-28","code_commune":"78242"},"geometry":{"type":"MultiPolygon","coordinates":[[[[2.0456313,48.8031242],[2.0460837,48.8041659],[2.0473332,48.8039162],[2.0484172,48.8032257],[2.0492413,48.8039683],[2.0496478,48.8048239],[2.0506428,48.8055646],[2.0509648,48.8054764],[2.0526263,48.8069155],[2.0551146,48.8107102],[2.0579399,48.8131443],[2.0568162,48.8135977],[2.0578636,48.8144468],[2.0567001,48.8154389],[2.0571908,48.8159087],[2.060508,48.8170135],[2.0638426,48.8193076],[2.0645308,48.8192877],[2.0676643,48.8200088],[2.0682003,48.8204382],[2.0688864,48.8203596],[2.0686986,48.8217989],[2.0701767,48.8222777],[2.0707716,48.8230305],[2.0688189,48.8240801],[2.0651058,48.8250246],[2.0651204,48.8266712],[2.0619995,48.8298345],[2.0610146,48.8297185],[2.0597485,48.8293295],[2.0526792,48.8307549],[2.0521232,48.8278909],[2.0513133,48.8264923],[2.0480319,48.8273567],[2.0466255,48.8247207],[2.0372026,48.8272006],[2.0360545,48.8266597],[2.034986,48.8259613],[2.0339923,48.8250188],[2.0328456,48.8230971],[2.032403,48.8229318],[2.0316936,48.8220874],[2.0285182,48.8171808],[2.0275645,48.8162576],[2.0265164,48.8132222],[2.0248052,48.8118467],[2.0260864,48.8112843],[2.0262251,48.8106669],[2.0278079,48.8101204],[2.0286395,48.8102181],[2.0283784,48.8096125],[2.0299425,48.8093495],[2.0300825,48.80952],[2.0308471,48.8093956],[2.0307817,48.8092087],[2.0321534,48.8089844],[2.0320548,48.8087893],[2.0336901,48.808569],[2.0365885,48.8079177],[2.0355191,48.8062004],[2.0362796,48.8062454],[2.0362095,48.8058966],[2.0404916,48.8047512],[2.0408847,48.8052774],[2.0414164,48.8050054],[2.04122,48.8045638],[2.0421075,48.8041751],[2.042975,48.8033836],[2.0435017,48.8032623],[2.0441335,48.8033954],[2.0456313,48.8031242]]]]}},{"type":"Feature","properties":{"id":"78261","nom":"GAILLON SUR MONTCIENT","created":"2015-11-09","updated":"2025-10-27","code_commune":"78261"},"geometry":{"type":"MultiPolygon","coordinates":[[[[1.9061022,49.0117656],[1.9071596,49.0122022],[1.9066859,49.0126834],[1.9069886,49.0132804],[1.9063258,49.0142404],[1.9067828,49.0184064],[1.9049353,49.0256512],[1.9059371,49.0285848],[1.9111076,49.0388276],[1.9140987,49.0457924],[1.9119551,49.0464252],[1.9083878,49.048092],[1.9057023,49.0471325],[1.9065411,49.0461161],[1.9034069,49.0447839],[1.9007988,49.0434125],[1.9017947,49.0422052],[1.8911258,49.0393252],[1.8941881,49.0372813],[1.8907623,49.0362647],[1.8872119,49.0355329],[1.8833125,49.0337277],[1.8845763,49.0313457],[1.8821621,49.0283896],[1.8816237,49.0256717],[1.881672,49.0195153],[1.8830413,49.0194358],[1.8852726,49.0184817],[1.8888199,49.0181476],[1.8898312,49.0178313],[1.890225,49.0174181],[1.8928579,49.0188422],[1.8937168,49.0183851],[1.8947839,49.018175],[1.8955538,49.0178244],[1.8965299,49.0184786],[1.8971313,49.017961],[1.8978434,49.017648],[1.8990887,49.0164111],[1.8990236,49.0153666],[1.8994574,49.0148403],[1.8991929,49.0144748],[1.8997157,49.014016],[1.9010266,49.0143251],[1.9030533,49.0124183],[1.9052745,49.0120829],[1.9054075,49.0119348],[1.9057028,49.0120774],[1.9061022,49.0117656]]]]}},{"type":"Feature","properties":{"id":"78267","nom":"GARGENVILLE","created":"2015-02-24","updated":"2025-10-27","code_commune":"78267"},"geometry":{"type":"MultiPolygon","coordinates":[[[[1.7988403,48.9693185],[1.8023226,48.9696891],[1.8066408,48.9709454],[1.8111975,48.9720629],[1.8124781,48.9725993],[1.8135875,48.9744569],[1.8144457,48.9752789],[1.8166868,48.9758351],[1.8177802,48.9758122],[1.817556,48.9753228],[1.818208,48.9757013],[1.8194044,48.9760807],[1.8239023,48.9770753],[1.8276125,48.9788971],[1.8278544,48.9790496],[1.827524,48.9794276],[1.8291387,48.9801746],[1.8281584,48.9812222],[1.8200478,48.9781239],[1.8195354,48.9781963],[1.8194441,48.9784717],[1.8198313,48.9790876],[1.8252371,48.9863384],[1.828112,48.9888142],[1.8277255,48.994288],[1.8281298,48.9948584],[1.8274231,48.9972319],[1.8275215,48.9994278],[1.826302,49.0025687],[1.8185108,49.0068924],[1.819188,49.0081665],[1.8191951,49.0095667],[1.8189645,49.0102007],[1.8195961,49.0111963],[1.8204819,49.0118559],[1.8193085,49.0118813],[1.8176187,49.0122251],[1.8163896,49.0123033],[1.8188911,49.0145393],[1.8178518,49.0141484],[1.815731,49.0137349],[1.8114215,49.013605],[1.8111586,49.0132109],[1.8090665,49.0135545],[1.8069742,49.0142064],[1.8040483,49.0155952],[1.8031986,49.0163003],[1.8020425,49.0169097],[1.8004327,49.0183125],[1.7987918,49.01713],[1.7995349,49.013727],[1.7991486,49.0126096],[1.7990283,49.0113508],[1.7981352,49.010652],[1.797624,49.008629],[1.7993627,49.0032977],[1.7998276,49.000674],[1.7997012,48.9955833],[1.7999068,48.9940667],[1.8008655,48.9905264],[1.8008344,48.9897256],[1.8015664,48.9861873],[1.8015839,48.9826446],[1.8010296,48.9826441],[1.8008811,48.9809196],[1.7988167,48.9807677],[1.7988158,48.9806479],[1.7953089,48.9806466],[1.7949782,48.9722183],[1.7955709,48.9711466],[1.7939627,48.969915],[1.7988403,48.9693185]]]]}},{"type":"Feature","properties":{"id":"78297","nom":"GUYANCOURT","created":"2002-12-11","updated":"2026-02-03","code_commune":"78297"},"geometry":{"type":"MultiPolygon","coordinates":[[[[2.0884067,48.7525785],[2.0897906,48.7542986],[2.0914742,48.7536835],[2.091834,48.7542699],[2.0920741,48.755525],[2.0949046,48.7556012],[2.0976997,48.7563738],[2.0991066,48.7563468],[2.1004067,48.7561058],[2.1013391,48.7563333],[2.1021669,48.7591549],[2.1022202,48.7620058],[2.1014784,48.7620783],[2.1026074,48.7645102],[2.10096,48.7647408],[2.1053094,48.7708786],[2.1034173,48.771018],[2.1028753,48.7711771],[2.1055788,48.7808189],[2.103211,48.7801107],[2.1001634,48.7809232],[2.0916187,48.7822114],[2.0842905,48.7846742],[2.082935,48.788563],[2.0777575,48.7893001],[2.0767004,48.7888478],[2.0743778,48.7886849],[2.0699521,48.7891336],[2.0700421,48.7898754],[2.0647624,48.7907124],[2.0637208,48.7916926],[2.0629303,48.791989],[2.053774,48.79425],[2.0520688,48.791378],[2.0520772,48.7910253],[2.0483891,48.7890515],[2.0502837,48.7874017],[2.0464052,48.7854768],[2.0483703,48.7837583],[2.0468485,48.7830792],[2.0465692,48.7818136],[2.0432344,48.7801568],[2.0466189,48.7771067],[2.0458981,48.7757073],[2.0461389,48.7746766],[2.0456484,48.7738609],[2.0558817,48.7709884],[2.0544359,48.7689557],[2.053832,48.767548],[2.0629872,48.7637578],[2.0610196,48.7624019],[2.0618082,48.761527],[2.0632423,48.761148],[2.0635237,48.7603129],[2.0642087,48.7601356],[2.0633321,48.7575566],[2.0662146,48.7572709],[2.07405,48.7552858],[2.0776597,48.7540728],[2.0850499,48.7535154],[2.0884067,48.7525785]]]]}},{"type":"Feature","properties":{"id":"78299","nom":"HARDRICOURT","created":"2016-01-08","updated":"2025-10-27","code_commune":"78299"},"geometry":{"type":"MultiPolygon","coordinates":[[[[1.8882007,48.9984185],[1.891137,48.9995187],[1.8944175,49.0009751],[1.8975092,49.0015458],[1.9045084,49.0033122],[1.904242,49.0037442],[1.9053925,49.0040935],[1.9045783,49.0063438],[1.9026544,49.0095729],[1.9014052,49.0112326],[1.8997965,49.0139466],[1.8990813,49.0144188],[1.8993486,49.0148198],[1.8989002,49.0153854],[1.8989633,49.0164069],[1.8977379,49.0176408],[1.8970325,49.0179597],[1.8964163,49.0185191],[1.8955174,49.0178313],[1.8946428,49.0182083],[1.8936903,49.0183927],[1.8928353,49.0188379],[1.8903781,49.0174973],[1.8899308,49.0179291],[1.8897825,49.0178479],[1.8886735,49.0181645],[1.8853294,49.0184721],[1.8829021,49.0195023],[1.8795404,49.0199354],[1.8786697,49.0199087],[1.877668,49.0194354],[1.8753922,49.0171573],[1.8736005,49.0179168],[1.8705498,49.0196089],[1.8693738,49.0186338],[1.8679773,49.0166825],[1.8676634,49.0168516],[1.865953,49.0158848],[1.8631927,49.0146361],[1.8614659,49.0140299],[1.8652298,49.0137362],[1.8695746,49.012969],[1.8742881,49.0127697],[1.8795147,49.012776],[1.8804282,49.0097761],[1.8835855,49.0101081],[1.8831558,49.0091081],[1.8841236,49.0091354],[1.8849989,49.0059165],[1.8858767,49.0060255],[1.8859665,49.0056822],[1.8870743,49.0058201],[1.8874029,49.0039559],[1.8873468,49.0030275],[1.8879953,49.0018179],[1.8875868,49.0013004],[1.8877838,49.0012744],[1.8878024,49.0007784],[1.8870909,49.0005342],[1.8876761,48.9996389],[1.8873205,48.9995326],[1.8882007,48.9984185]]]]}},{"type":"Feature","properties":{"id":"78311","nom":"HOUILLES","created":"2005-12-12","updated":"2026-04-30","code_commune":"78311"},"geometry":{"type":"MultiPolygon","coordinates":[[[[2.1778075,48.9159864],[2.1818176,48.9174061],[2.1868375,48.9186012],[2.1876441,48.9172065],[2.1919788,48.9182043],[2.1931747,48.9162658],[2.1952727,48.9170751],[2.1954955,48.9168856],[2.2023855,48.920971],[2.2051268,48.9220177],[2.2043059,48.9236115],[2.2046229,48.9237069],[2.2039829,48.9250829],[2.2045752,48.9252592],[2.2030459,48.9273787],[2.203697,48.9275794],[2.2024845,48.9292231],[2.2028073,48.9293202],[2.2022151,48.930221],[2.2025241,48.930326],[2.199257,48.9353292],[2.1989855,48.9352035],[2.1983908,48.9356452],[2.1982544,48.9355831],[2.1981309,48.9358102],[2.1975446,48.9358475],[2.1963149,48.9362243],[2.196302,48.9360224],[2.1891638,48.9361361],[2.1868742,48.9365496],[2.1848282,48.9371652],[2.1770695,48.9349078],[2.1777548,48.9345543],[2.1764602,48.9334024],[2.1760123,48.9337257],[2.1746375,48.932378],[2.1741972,48.9325649],[2.1723895,48.930546],[2.1698782,48.9291523],[2.1705663,48.9286836],[2.1679498,48.9267285],[2.1701135,48.9248473],[2.1702811,48.9241972],[2.1755449,48.9178138],[2.1778075,48.9159864]]]]}},{"type":"Feature","properties":{"id":"78314","nom":"ISSOU","created":"2016-01-05","updated":"2025-10-27","code_commune":"78314"},"geometry":{"type":"MultiPolygon","coordinates":[[[[1.7855419,48.9693951],[1.7901878,48.970561],[1.7954488,48.9716066],[1.7950414,48.9722962],[1.7952454,48.9807258],[1.7952485,48.9806241],[1.7988222,48.9806185],[1.7988222,48.9807448],[1.8009107,48.9808985],[1.8010343,48.9826487],[1.8015906,48.9826408],[1.801563,48.9862284],[1.8008329,48.9897461],[1.8008779,48.9904812],[1.7998253,48.9946732],[1.7998292,49.00066],[1.7993512,49.0034003],[1.7977814,49.0085832],[1.797146,49.0059018],[1.7970201,49.0038018],[1.7955838,49.0020321],[1.7949369,49.0007812],[1.795306,49.0017689],[1.7927884,49.0001567],[1.7901153,48.9988916],[1.7882873,48.9984422],[1.7847706,48.998096],[1.782811,48.9976404],[1.7827116,48.9977944],[1.7814802,48.9973207],[1.7811731,48.9970622],[1.7814107,48.9968675],[1.7800332,48.9961166],[1.7791595,48.9953236],[1.7783633,48.9956478],[1.7770935,48.9939768],[1.7773882,48.9935217],[1.7771492,48.9923527],[1.7773402,48.9919115],[1.7761018,48.9915238],[1.7764353,48.9910794],[1.7763597,48.9906736],[1.7750113,48.9875163],[1.7738614,48.9862733],[1.7723951,48.983851],[1.7711569,48.982273],[1.7748106,48.9811465],[1.7773492,48.9806166],[1.7819298,48.9793093],[1.784915,48.9787338],[1.7858519,48.978678],[1.7853286,48.9713853],[1.7855419,48.9693951]]]]}},{"type":"Feature","properties":{"id":"78321","nom":"JOUARS-PONTCHARTRAIN","created":"2015-01-07","updated":"2025-12-12","code_commune":"78321"},"geometry":{"type":"MultiPolygon","coordinates":[[[[1.8935442,48.7650639],[1.8948182,48.7656926],[1.8965402,48.7658364],[1.8978622,48.7663046],[1.8995162,48.7660809],[1.9006527,48.7656054],[1.902563,48.7652818],[1.9041406,48.7654103],[1.901107,48.7662969],[1.9025134,48.7675712],[1.9013291,48.767994],[1.9006507,48.7685543],[1.8993567,48.7705198],[1.8973633,48.7721936],[1.8971541,48.773133],[1.8976661,48.7750808],[1.8974225,48.775969],[1.8962562,48.7776948],[1.894677,48.7788336],[1.8948722,48.7788616],[1.8958426,48.7801637],[1.9036044,48.7803187],[1.90369,48.7808567],[1.9094577,48.7856755],[1.9117142,48.7853647],[1.9149567,48.7840147],[1.9171577,48.7839391],[1.917104,48.7831005],[1.9186121,48.781674],[1.9200644,48.7809509],[1.921761,48.7786886],[1.9218027,48.7789051],[1.9225163,48.7792262],[1.9226335,48.7797268],[1.9234205,48.7800463],[1.9247643,48.781211],[1.9249936,48.7818304],[1.927261,48.7821248],[1.927957,48.7824202],[1.9277696,48.782612],[1.9279451,48.7827724],[1.9290143,48.7831276],[1.9292664,48.7828872],[1.9303745,48.7832317],[1.9318628,48.7832137],[1.9327354,48.7830076],[1.9336665,48.782449],[1.934116,48.780828],[1.9351541,48.7805905],[1.9364953,48.779719],[1.9364185,48.7800518],[1.938973,48.782712],[1.9381595,48.7847167],[1.9395884,48.7844773],[1.9398658,48.7867344],[1.9408375,48.7892075],[1.9400227,48.7892994],[1.9402298,48.7904943],[1.9398536,48.7904856],[1.9410131,48.790695],[1.9411703,48.7916214],[1.9402097,48.7914522],[1.9374188,48.7916492],[1.935052,48.7919943],[1.9356368,48.7970693],[1.9256262,48.7975137],[1.9146747,48.8025474],[1.9135744,48.8036767],[1.9106734,48.8043701],[1.9095009,48.8044321],[1.9082035,48.804097],[1.9071704,48.8040905],[1.9030656,48.8064166],[1.9008107,48.808602],[1.9004925,48.8094133],[1.8999525,48.8096281],[1.8988062,48.8097236],[1.8952569,48.8086791],[1.8939383,48.8087481],[1.8935523,48.8075522],[1.8940446,48.8058678],[1.8938952,48.8051034],[1.8931635,48.8052736],[1.8898299,48.8066876],[1.8895241,48.8059761],[1.8869164,48.8058366],[1.8851364,48.8051907],[1.8861128,48.8040601],[1.8854114,48.7974032],[1.8876285,48.7972666],[1.8869944,48.7924768],[1.8881196,48.7924884],[1.8889658,48.792323],[1.8894378,48.7921012],[1.8897339,48.7916591],[1.8881437,48.7878278],[1.8870197,48.7856736],[1.8867885,48.7845365],[1.8872351,48.7836185],[1.8859167,48.7818414],[1.8860838,48.7814255],[1.8864032,48.7812374],[1.8860662,48.7801152],[1.8861374,48.779624],[1.8866932,48.7792286],[1.8869879,48.7791936],[1.8880215,48.7780768],[1.8888994,48.7760775],[1.8895605,48.7761793],[1.8899598,48.7759752],[1.8895252,48.7754605],[1.8898954,48.7732326],[1.8897384,48.7725846],[1.889874,48.7721722],[1.8895757,48.7712825],[1.8896587,48.7705936],[1.8902628,48.7705195],[1.8909342,48.7708604],[1.8912133,48.7706385],[1.892003,48.7685262],[1.8924484,48.7681115],[1.8923672,48.7674389],[1.8925764,48.7666581],[1.8931373,48.7659445],[1.8930011,48.7653558],[1.8931985,48.7654673],[1.8935442,48.7650639]]]]}},{"type":"Feature","properties":{"id":"78322","nom":"JOUY EN JOSAS","created":"2007-07-17","updated":"2025-12-04","code_commune":"78322"},"geometry":{"type":"MultiPolygon","coordinates":[[[[2.1387873,48.7432342],[2.1366084,48.7455826],[2.1367881,48.7460408],[2.1371799,48.7463306],[2.1378717,48.7461039],[2.1380956,48.7463343],[2.1390202,48.7460089],[2.1412173,48.7460707],[2.1415527,48.745891],[2.1415331,48.7464545],[2.1411495,48.7467583],[2.1417224,48.7479178],[2.1430131,48.7490077],[2.1442715,48.7496288],[2.1456704,48.7507135],[2.1464597,48.7511285],[2.1467753,48.7509214],[2.1481491,48.7515551],[2.1495652,48.7524703],[2.1502763,48.7529881],[2.1506535,48.7536823],[2.1517146,48.7546936],[2.1526731,48.7543557],[2.1533031,48.7538264],[2.1535498,48.7532337],[2.1568798,48.7523456],[2.1563561,48.7517569],[2.1612106,48.7501417],[2.1668636,48.7559037],[2.1680528,48.7566742],[2.1723858,48.7567547],[2.173269,48.7577692],[2.1743574,48.7573673],[2.1770574,48.7578645],[2.1807675,48.7587772],[2.1861954,48.7539626],[2.1881018,48.7539204],[2.1893628,48.7542603],[2.189521,48.7541595],[2.1897455,48.7545005],[2.190919,48.7553288],[2.1901857,48.7568338],[2.1907351,48.7574596],[2.1919272,48.7581552],[2.192477,48.7595705],[2.1932062,48.760373],[2.1925727,48.7602737],[2.1908683,48.7605539],[2.1912568,48.7614559],[2.1916216,48.7613294],[2.1920066,48.7622],[2.1930026,48.7635471],[2.1919754,48.7637226],[2.1916515,48.763929],[2.1928981,48.7646125],[2.191653,48.7665375],[2.1915809,48.7685563],[2.1903637,48.771128],[2.1892628,48.7717955],[2.1866831,48.7723218],[2.1861049,48.772625],[2.1890998,48.7740666],[2.1904538,48.775219],[2.1861099,48.7750463],[2.1832779,48.7747042],[2.1754986,48.7807662],[2.1635283,48.7816185],[2.1593358,48.7832441],[2.1512271,48.7869923],[2.1482296,48.7874418],[2.14873,48.7855026],[2.1470288,48.7811189],[2.1474945,48.7774461],[2.1470109,48.7719083],[2.1457128,48.7707317],[2.1465336,48.770604],[2.1473211,48.771063],[2.1477276,48.7703096],[2.1502329,48.7692192],[2.151436,48.7689147],[2.1497393,48.7659879],[2.1534498,48.76524],[2.1546996,48.7651613],[2.1561226,48.7646127],[2.1568112,48.7641587],[2.1580891,48.7637901],[2.1591671,48.7636931],[2.1590232,48.7633268],[2.1557147,48.7633078],[2.155285,48.7631864],[2.1538064,48.7633345],[2.1534679,48.7611317],[2.1524732,48.7605076],[2.1502817,48.7598138],[2.1434109,48.7587486],[2.1411388,48.7577729],[2.1377555,48.7555615],[2.1354176,48.7551011],[2.1324874,48.7550544],[2.1286825,48.7532795],[2.1286895,48.7530753],[2.1309439,48.7512416],[2.1291928,48.7505635],[2.1324212,48.7482161],[2.130202,48.7456004],[2.1387873,48.7432342]]]]}},{"type":"Feature","properties":{"id":"78327","nom":"JUZIERS","created":"2015-10-23","updated":"2025-10-30","code_commune":"78327"},"geometry":{"type":"MultiPolygon","coordinates":[[[[1.8199193,48.9779566],[1.8258433,48.9803299],[1.8353976,48.9844374],[1.8382076,48.9845597],[1.8418787,48.985048],[1.8440695,48.9856296],[1.8467076,48.9866962],[1.8482725,48.9871207],[1.8494964,48.9872899],[1.8541352,48.9874682],[1.8649229,48.9897068],[1.8638323,48.9913941],[1.8649386,48.9916908],[1.8645203,48.9924297],[1.8637069,48.9921556],[1.8630717,48.9933971],[1.8645011,48.9937187],[1.8641229,48.9943586],[1.864371,48.9944835],[1.8641687,48.9950644],[1.8654232,48.9953518],[1.864213,48.9962394],[1.8634009,48.9960093],[1.8638479,48.9956375],[1.8632621,48.9953004],[1.8604122,48.9948323],[1.8604375,48.9954116],[1.8623851,48.9956628],[1.8620127,48.9966731],[1.861364,48.9975058],[1.8607937,48.9974339],[1.8597377,48.9976176],[1.8584163,49.002434],[1.8572118,49.0037216],[1.8552611,49.0053324],[1.8530211,49.0079735],[1.8517627,49.0097666],[1.8510787,49.0102386],[1.8490891,49.0106178],[1.8512301,49.0101992],[1.8503805,49.0133888],[1.8503926,49.0142183],[1.8513156,49.0143668],[1.8513636,49.0155888],[1.8511941,49.0157953],[1.8505962,49.01599],[1.8516451,49.0166686],[1.8499436,49.0173639],[1.8493466,49.0165828],[1.8499258,49.0173753],[1.8484178,49.018083],[1.8459895,49.0195918],[1.8446954,49.0199834],[1.8437275,49.019001],[1.8426396,49.0194376],[1.8429424,49.019748],[1.840988,49.0199009],[1.8409894,49.0200313],[1.8361045,49.0195278],[1.8344376,49.0191801],[1.8332401,49.0192767],[1.8333705,49.0195116],[1.8315549,49.0201752],[1.8316706,49.0183246],[1.8307504,49.0162853],[1.8307473,49.0150524],[1.8299287,49.0141344],[1.8314151,49.0119058],[1.8304334,49.0119813],[1.8272444,49.0126556],[1.8259436,49.0127634],[1.8248453,49.0121745],[1.821904,49.0118105],[1.8205076,49.0118265],[1.8193331,49.010799],[1.8190209,49.0101345],[1.8192423,49.0096106],[1.8192645,49.0082066],[1.8185831,49.0068858],[1.8263272,49.002568],[1.8274203,48.9991734],[1.8274598,48.9971739],[1.8281434,48.9948336],[1.827743,48.9942746],[1.8281045,48.988808],[1.8252264,48.9863144],[1.8194683,48.9785193],[1.8199193,48.9779566]]]]}},{"type":"Feature","properties":{"id":"78335","nom":"LIMAY","created":"2015-09-01","updated":"2026-01-28","code_commune":"78335"},"geometry":{"type":"MultiPolygon","coordinates":[[[[1.7522224,48.9675581],[1.7535625,48.9685171],[1.7541646,48.9686437],[1.7534175,48.9699764],[1.7499871,48.9708581],[1.7542286,48.9766244],[1.7535447,48.9768502],[1.7558116,48.9800915],[1.755398,48.9802728],[1.7575663,48.9825787],[1.7589402,48.9846343],[1.7645377,48.994053],[1.7638867,48.9943088],[1.7639218,48.9957476],[1.7640714,48.995744],[1.7640709,48.9960345],[1.7643887,48.9960531],[1.7640483,48.9973399],[1.7648599,48.9979194],[1.7632706,48.9987015],[1.764679,48.9996743],[1.7596822,49.0031334],[1.7598624,49.0032761],[1.7597544,49.0034485],[1.7577109,49.0042711],[1.7581755,49.0046186],[1.7554077,49.0060916],[1.7506289,49.0073141],[1.739102,49.012716],[1.7300206,49.0154846],[1.726848,49.0146379],[1.7263606,49.0136571],[1.7241507,49.0146263],[1.7237516,49.0135955],[1.7176351,49.0114472],[1.7161831,49.0122264],[1.7154353,49.0115625],[1.7138444,49.0118571],[1.7126937,49.0106828],[1.7116459,49.0112754],[1.7098215,49.0097817],[1.7083911,49.0083209],[1.7104148,49.0073272],[1.7154468,49.0039936],[1.7177959,49.0022436],[1.7205135,48.999748],[1.7223972,48.9958332],[1.7259163,48.9920872],[1.7245958,48.9915861],[1.7251172,48.9908522],[1.7238846,48.9908502],[1.7249909,48.98973],[1.72618,48.9876629],[1.7252074,48.9873826],[1.7269839,48.9853222],[1.7279611,48.9837902],[1.7286149,48.9821482],[1.7298354,48.9805138],[1.7310161,48.9793514],[1.732959,48.9780161],[1.7342959,48.9768468],[1.740221,48.9726134],[1.7447623,48.9702881],[1.7506853,48.9678208],[1.7522224,48.9675581]]]]}},{"type":"Feature","properties":{"id":"78343","nom":"LOGES-EN-JOSAS (LES)","created":"2007-05-23","updated":"2025-10-27","code_commune":"78343"},"geometry":{"type":"MultiPolygon","coordinates":[[[[2.1240555,48.7513044],[2.126959,48.7518707],[2.1284705,48.7527176],[2.1286825,48.7532795],[2.1324874,48.7550544],[2.1357498,48.7551078],[2.1377555,48.7555615],[2.1389607,48.7565376],[2.1408176,48.7576412],[2.1433197,48.7586694],[2.1501323,48.7597624],[2.1523622,48.7604465],[2.1534679,48.7611317],[2.1538064,48.7633345],[2.155285,48.7631864],[2.1557147,48.7633078],[2.1590232,48.7633268],[2.1591255,48.7637453],[2.1580891,48.7637901],[2.1568112,48.7641587],[2.1561292,48.7646094],[2.1546996,48.7651613],[2.1534498,48.76524],[2.1497393,48.7659879],[2.151436,48.7689147],[2.1502329,48.7692192],[2.1477276,48.7703096],[2.1473211,48.771063],[2.1464663,48.770634],[2.1442676,48.7708159],[2.1411768,48.7716601],[2.1410154,48.7718274],[2.1411334,48.7708515],[2.1403402,48.7701566],[2.1392832,48.769554],[2.1378874,48.7696207],[2.1372069,48.7693988],[2.1343574,48.7668365],[2.1325893,48.7659428],[2.1306468,48.7633371],[2.1276152,48.7603518],[2.1241453,48.7553618],[2.1236401,48.7541922],[2.1232186,48.7543062],[2.1232971,48.7532226],[2.1244555,48.7522962],[2.1245136,48.7520449],[2.1240159,48.7515897],[2.1240555,48.7513044]]]]}},{"type":"Feature","properties":{"id":"78350","nom":"LOUVECIENNES","created":"2005-09-09","updated":"2026-01-26","code_commune":"78350"},"geometry":{"type":"MultiPolygon","coordinates":[[[[2.1098703,48.8411414],[2.1105615,48.8411919],[2.1084857,48.8503066],[2.1104052,48.8500996],[2.1159092,48.8488461],[2.1176817,48.848367],[2.1184641,48.8476456],[2.1192806,48.8475114],[2.1198388,48.8475748],[2.1200939,48.8477795],[2.1201714,48.848433],[2.1207495,48.8491245],[2.1205983,48.8496084],[2.1207527,48.8499953],[2.122425,48.8507616],[2.1218068,48.8516794],[2.1213044,48.8530897],[2.1271571,48.8565958],[2.1246422,48.8574761],[2.1253553,48.8579894],[2.1261653,48.859092],[2.1279555,48.8603423],[2.1314882,48.8616003],[2.1326417,48.8625134],[2.1339099,48.8630669],[2.1332704,48.8641845],[2.1322713,48.8645412],[2.1318984,48.8645082],[2.1314524,48.8655474],[2.1312483,48.8672589],[2.1295726,48.8671203],[2.1272463,48.8683652],[2.1263384,48.8690323],[2.1222837,48.8708098],[2.1230201,48.8717055],[2.1231436,48.8716554],[2.1238681,48.8723721],[2.1222875,48.8735195],[2.1243296,48.8743914],[2.119837,48.8781549],[2.1179062,48.8770619],[2.1163015,48.8769756],[2.114477,48.8754278],[2.1132961,48.8747532],[2.1130156,48.8746521],[2.1119312,48.8747267],[2.1085192,48.872087],[2.108793,48.8719925],[2.1082699,48.8714857],[2.109417,48.8709779],[2.1081848,48.8701579],[2.107667,48.8696397],[2.1079608,48.8695292],[2.1075792,48.8691398],[2.1070005,48.8689248],[2.1076942,48.8681948],[2.1056632,48.8676072],[2.1054767,48.8670788],[2.1056934,48.8670329],[2.105633,48.8668702],[2.1060967,48.8668102],[2.105553,48.8647312],[2.1053437,48.8645165],[2.1038062,48.8640177],[2.1058407,48.8617087],[2.1075507,48.8543953],[2.0984228,48.8535162],[2.0959389,48.8545948],[2.0954749,48.8544669],[2.0950627,48.8545472],[2.0924327,48.846509],[2.1051158,48.8424171],[2.1053437,48.8418874],[2.1098703,48.8411414]]]]}},{"type":"Feature","properties":{"id":"78354","nom":"MAGNANVILLE","created":"2005-01-24","updated":"2026-02-02","code_commune":"78354"},"geometry":{"type":"MultiPolygon","coordinates":[[[[1.6942278,48.9652729],[1.6955965,48.9669136],[1.6988693,48.9722986],[1.7005159,48.9736476],[1.7004424,48.9740118],[1.6997936,48.9743057],[1.6976171,48.9743036],[1.6981437,48.9757949],[1.6993262,48.9776568],[1.7000644,48.979327],[1.6937438,48.9787764],[1.6848694,48.9785806],[1.6835127,48.9786705],[1.6817728,48.9782875],[1.6797159,48.9781812],[1.6784006,48.9773299],[1.6770948,48.9769629],[1.6751046,48.9757782],[1.6725753,48.9747242],[1.6722708,48.9746773],[1.6713652,48.9750864],[1.670465,48.9740362],[1.6692608,48.9732017],[1.6677889,48.9707989],[1.6667793,48.9706305],[1.6666463,48.9711648],[1.6658937,48.9701904],[1.6670838,48.9687478],[1.6721269,48.9653666],[1.6734165,48.9641048],[1.674452,48.9614633],[1.6754184,48.9618613],[1.6769119,48.9605327],[1.6794477,48.9609316],[1.6805514,48.9612715],[1.682214,48.9600884],[1.6820329,48.9597468],[1.6856883,48.958147],[1.6916525,48.9577288],[1.6979803,48.957657],[1.6994285,48.957918],[1.6996597,48.9601392],[1.701783,48.9624881],[1.7024885,48.9636441],[1.7006725,48.9640436],[1.7006125,48.9638956],[1.6973506,48.9646836],[1.697181,48.9644749],[1.6942278,48.9652729]]]]}},{"type":"Feature","properties":{"id":"78356","nom":"MAGNY-LES-HAMEAUX","created":"2003-08-19","updated":"2026-01-28","code_commune":"78356"},"geometry":{"type":"MultiPolygon","coordinates":[[[[2.0732003,48.71376],[2.0756891,48.7151393],[2.0769095,48.7163501],[2.0795121,48.7182034],[2.083248,48.7212454],[2.0853737,48.7207833],[2.0866009,48.7202748],[2.0906042,48.7193784],[2.0959914,48.7174345],[2.1000366,48.7153873],[2.1034478,48.7146809],[2.1037739,48.7148042],[2.1041107,48.7157519],[2.1055288,48.7165582],[2.1062496,48.7188844],[2.1060713,48.7193626],[2.1051186,48.720085],[2.1051622,48.7209449],[2.1039288,48.7228445],[2.098617,48.7244125],[2.0975566,48.7244826],[2.0960207,48.7242493],[2.0953413,48.7243872],[2.0943631,48.7247735],[2.0931169,48.7259964],[2.0940618,48.7265632],[2.0930671,48.7272291],[2.0897311,48.727619],[2.0897559,48.727889],[2.0877859,48.728358],[2.0876218,48.7282076],[2.0856284,48.7280719],[2.0844584,48.7282058],[2.0812427,48.7301817],[2.0821924,48.7311848],[2.0816122,48.7315582],[2.0823224,48.732378],[2.0845063,48.7336721],[2.0865906,48.7343909],[2.0855587,48.7349944],[2.0845645,48.7358768],[2.0842744,48.7358854],[2.0844717,48.7371844],[2.0840135,48.737374],[2.0837946,48.7377599],[2.0823333,48.7383445],[2.0817459,48.7390902],[2.0835315,48.7395147],[2.083681,48.7400761],[2.0854284,48.7403957],[2.0856575,48.7407737],[2.0855678,48.7411625],[2.0866709,48.7412322],[2.0870076,48.7409524],[2.0866001,48.7430585],[2.0871521,48.7440794],[2.0866626,48.7442873],[2.0880464,48.7454579],[2.0855141,48.746554],[2.0865104,48.7475236],[2.084859,48.7488213],[2.0828669,48.7499309],[2.080861,48.7514076],[2.0786419,48.753475],[2.0785353,48.7539787],[2.07796,48.7539831],[2.0738101,48.7553347],[2.0716119,48.7557885],[2.0714624,48.7559343],[2.0684362,48.7567051],[2.0659172,48.7534308],[2.0646167,48.7538685],[2.0636496,48.7523821],[2.0620757,48.7528095],[2.0606017,48.7509453],[2.05941,48.7513979],[2.0577401,48.751705],[2.0575927,48.7517767],[2.0577478,48.7521494],[2.054032,48.7525106],[2.0507613,48.7522591],[2.0505773,48.7520397],[2.0496668,48.7521661],[2.0489483,48.751079],[2.0450282,48.7515391],[2.0446362,48.7503004],[2.0429361,48.7503834],[2.0419104,48.7505218],[2.0416233,48.7515174],[2.0412699,48.7518119],[2.0413956,48.753294],[2.0405626,48.7535666],[2.0410925,48.7542133],[2.0402157,48.7540172],[2.038382,48.7542563],[2.037519,48.7538536],[2.0367072,48.7540882],[2.0367683,48.7542021],[2.0345753,48.7546727],[2.0331057,48.7548238],[2.0319356,48.7555324],[2.0305778,48.7560406],[2.0260921,48.7557799],[2.0236655,48.7562405],[2.021825,48.7574712],[2.0212793,48.7585658],[2.0204983,48.7590421],[2.0186595,48.75962],[2.0176561,48.7594069],[2.0164029,48.7599186],[2.0137002,48.7606005],[2.0127122,48.7605936],[2.0124465,48.7608083],[2.0125283,48.7609223],[2.0117219,48.7613485],[2.0112267,48.7619968],[2.0108551,48.7617807],[2.0103465,48.7618247],[1.9970713,48.7528513],[1.9935059,48.749167],[1.992463,48.7487458],[1.992229,48.7480574],[1.9949228,48.7480965],[1.9966031,48.7474704],[2.0029239,48.7467475],[2.0045536,48.7471101],[2.0055065,48.7469548],[2.0078082,48.7456981],[2.0103343,48.7454902],[2.0112831,48.744973],[2.0118455,48.744178],[2.0139443,48.7433477],[2.0141193,48.7435595],[2.017389,48.7424228],[2.0184386,48.7406973],[2.0195992,48.7418284],[2.0205163,48.7411571],[2.0224299,48.7404899],[2.025446,48.7378388],[2.0262901,48.7382692],[2.027801,48.7366503],[2.0280829,48.7367837],[2.0294062,48.7353639],[2.0362457,48.7313017],[2.0375544,48.7311701],[2.0403138,48.7313321],[2.0452391,48.7328239],[2.0467838,48.7310087],[2.0469023,48.7314241],[2.0477127,48.7313032],[2.0490338,48.7318655],[2.053769,48.7320171],[2.0544788,48.7324273],[2.0560444,48.7329276],[2.0582189,48.732631],[2.0582023,48.7318254],[2.0603505,48.7317133],[2.06163,48.7309663],[2.0617686,48.7304954],[2.0615943,48.7295157],[2.0620008,48.7293425],[2.0616128,48.7289427],[2.0627025,48.7288399],[2.0640206,48.727983],[2.0650275,48.7285863],[2.0664736,48.7275934],[2.0692022,48.7263344],[2.0705579,48.7254258],[2.0704836,48.7252348],[2.0727302,48.7242955],[2.0730559,48.7239768],[2.0725222,48.7236273],[2.0718044,48.7227143],[2.0713322,48.7209741],[2.0727086,48.7183111],[2.0723501,48.7174242],[2.0728671,48.7161061],[2.0728105,48.7153524],[2.0732003,48.71376]]]]}},{"type":"Feature","properties":{"id":"78358","nom":"MAISONS-LAFFITTE","created":"2007-05-21","updated":"2026-01-16","code_commune":"78358"},"geometry":{"type":"MultiPolygon","coordinates":[[[[2.1426033,48.9351916],[2.1439449,48.936356],[2.1466095,48.9382102],[2.1520148,48.9404122],[2.1592603,48.9453839],[2.1686462,48.9504256],[2.1741746,48.9541845],[2.1753846,48.9553785],[2.1773802,48.9578727],[2.1779915,48.9589269],[2.1781824,48.9608121],[2.1777711,48.9630722],[2.1781442,48.9638304],[2.1464599,48.9652772],[2.1429268,48.9592987],[2.1407964,48.957799],[2.138498,48.9589989],[2.1365599,48.9574613],[2.1361165,48.9576814],[2.1355406,48.9571991],[2.1347665,48.9575908],[2.1343811,48.9574245],[2.1342604,48.9571148],[2.1349639,48.9567412],[2.1344479,48.9563411],[2.1344129,48.956125],[2.1347483,48.9560341],[2.133724,48.9552452],[2.1350889,48.9543941],[2.13525,48.9540066],[2.1328666,48.9516043],[2.13135,48.9496685],[2.1322596,48.9493762],[2.1319583,48.9476951],[2.1304733,48.9467738],[2.1299356,48.9455012],[2.1283398,48.9438799],[2.1283755,48.9433993],[2.13106,48.943701],[2.130598,48.9429498],[2.1318782,48.9424082],[2.1368401,48.9391526],[2.1399494,48.9368231],[2.1426033,48.9351916]]]]}},{"type":"Feature","properties":{"id":"78361","nom":"MANTES-LA JOLIE","created":"2012-01-23","updated":"2026-05-11","code_commune":"78361"},"geometry":{"type":"MultiPolygon","coordinates":[[[[1.7209549,48.9821251],[1.7214945,48.982356],[1.7229141,48.9835322],[1.7242394,48.9840576],[1.7248218,48.984621],[1.7259788,48.9841849],[1.7259942,48.9845066],[1.7263894,48.9846144],[1.7250702,48.9861804],[1.72655,48.9868973],[1.7264686,48.9871861],[1.7249177,48.9898066],[1.7239477,48.990795],[1.7251781,48.990823],[1.7246732,48.9915991],[1.7263372,48.9921899],[1.7261362,48.9926471],[1.7249195,48.9942037],[1.7230351,48.9961004],[1.7221242,48.9987444],[1.7204418,49.0009697],[1.7183328,49.0027317],[1.7149348,49.0050635],[1.712775,49.006354],[1.7125187,49.0058245],[1.7100681,49.0074595],[1.7077717,49.00855],[1.7034483,49.0098316],[1.6925699,49.0092475],[1.6869378,49.0095982],[1.6801226,49.0091408],[1.6702776,49.0082209],[1.6582001,49.0063774],[1.6562421,48.9967851],[1.6639942,48.9949316],[1.6667229,48.9962417],[1.6688907,48.9954838],[1.669048,48.9956755],[1.6729467,48.9948906],[1.6731663,48.9952238],[1.6757635,48.9945929],[1.6762154,48.9943163],[1.6814598,48.9926861],[1.6856631,48.9910418],[1.6915656,48.9891807],[1.6961973,48.9890408],[1.6960801,48.9886502],[1.6964875,48.988657],[1.6987082,48.9890299],[1.7034837,48.9895129],[1.7061548,48.9883256],[1.7124137,48.9848422],[1.7143357,48.9839654],[1.7164218,48.9831329],[1.718757,48.9825061],[1.7209549,48.9821251]]]]}},{"type":"Feature","properties":{"id":"78362","nom":"MANTES-LA-VILLE","created":"2012-01-27","updated":"2026-03-12","code_commune":"78362"},"geometry":{"type":"MultiPolygon","coordinates":[[[[1.70831,48.9609376],[1.7083253,48.9610889],[1.7102456,48.9609848],[1.7100073,48.9622178],[1.7102442,48.9625569],[1.7114936,48.9622214],[1.711571,48.9625049],[1.7129787,48.9623422],[1.7130866,48.9625717],[1.7167414,48.9618959],[1.7169003,48.9625355],[1.7181479,48.9624292],[1.7189601,48.9625996],[1.7192583,48.961416],[1.719692,48.9623905],[1.7194893,48.963867],[1.7225248,48.963061],[1.7235996,48.9629709],[1.7237055,48.965082],[1.7264651,48.965114],[1.7263625,48.9661628],[1.7304058,48.9664327],[1.7303501,48.9667609],[1.730772,48.9667945],[1.7300442,48.9690382],[1.7308977,48.9704138],[1.731458,48.9723463],[1.7313594,48.9725496],[1.7316961,48.9724508],[1.7317703,48.9726162],[1.7318522,48.9736815],[1.7334876,48.9737116],[1.7337301,48.9747612],[1.7338527,48.9746458],[1.7339816,48.9749556],[1.7343806,48.9749356],[1.7328521,48.9778027],[1.7299067,48.9801058],[1.7291759,48.9810336],[1.7271733,48.9848274],[1.7259944,48.9845066],[1.7259788,48.9841847],[1.7248219,48.9846209],[1.7242357,48.984061],[1.7229101,48.9835349],[1.7214911,48.9823573],[1.7209539,48.9821212],[1.7193321,48.9823832],[1.7164183,48.9831276],[1.7129967,48.9845456],[1.7061592,48.9883296],[1.7034745,48.9895138],[1.7018459,48.9893243],[1.7006103,48.9877226],[1.6974477,48.9859997],[1.6958778,48.9873799],[1.6952861,48.9865328],[1.6961368,48.9861091],[1.6968152,48.9855387],[1.6962985,48.9855779],[1.6939447,48.9835701],[1.6927252,48.9829134],[1.6923725,48.9830758],[1.6911391,48.9817101],[1.6903852,48.9818434],[1.6896476,48.9807612],[1.6865544,48.9805494],[1.6859066,48.9786021],[1.6962919,48.9789154],[1.7000841,48.9793253],[1.6981383,48.9757834],[1.6976193,48.9743203],[1.6998036,48.9743078],[1.7004743,48.9740042],[1.7005769,48.9737312],[1.6987945,48.972252],[1.6967006,48.9685981],[1.694225,48.9652717],[1.6972324,48.9644519],[1.6974312,48.9646828],[1.7005976,48.9639003],[1.7006686,48.9640683],[1.7024971,48.9636754],[1.7026869,48.9644764],[1.7046409,48.9641244],[1.7050968,48.9649352],[1.7071404,48.9646274],[1.7070963,48.9644349],[1.7073676,48.9643811],[1.7070567,48.9636941],[1.7075743,48.9635313],[1.7063974,48.9610684],[1.70831,48.9609376]]]]}},{"type":"Feature","properties":{"id":"78367","nom":"MAREIL-MARLY","created":"2011-01-27","updated":"2025-10-28","code_commune":"78367"},"geometry":{"type":"MultiPolygon","coordinates":[[[[2.0673966,48.8722776],[2.0686721,48.8736559],[2.06903,48.8744788],[2.0702032,48.875445],[2.0721586,48.8745908],[2.073997,48.8742143],[2.0749581,48.8738518],[2.075673,48.8744583],[2.0772928,48.873507],[2.079327,48.8752194],[2.090295,48.8830799],[2.0921215,48.884568],[2.0923149,48.8855264],[2.092039,48.8859658],[2.0918541,48.8860931],[2.0898882,48.8854005],[2.0880123,48.884494],[2.0859635,48.8839237],[2.0847527,48.8844492],[2.0831474,48.8855892],[2.0789216,48.8872039],[2.0784803,48.8874375],[2.0787128,48.8877042],[2.0703012,48.8866672],[2.0726275,48.8853677],[2.0713753,48.8848542],[2.0703165,48.884205],[2.070475,48.8840501],[2.0691906,48.8824856],[2.0677593,48.8812639],[2.0626839,48.8784001],[2.0649911,48.8782591],[2.0692823,48.8795293],[2.0704017,48.8787305],[2.0670703,48.8769239],[2.066441,48.8764351],[2.0661506,48.8757974],[2.0639565,48.8737797],[2.065074,48.8729379],[2.0673966,48.8722776]]]]}},{"type":"Feature","properties":{"id":"78372","nom":"MARLY-LE-ROI","created":"2002-03-01","updated":"2025-12-09","code_commune":"78372"},"geometry":{"type":"MultiPolygon","coordinates":[[[[2.0925923,48.8465647],[2.0952337,48.8545326],[2.0959226,48.8546159],[2.098328,48.8535981],[2.1071204,48.8544329],[2.1072125,48.8542898],[2.1075038,48.8543318],[2.1058404,48.8615806],[2.1037745,48.8640012],[2.1052284,48.8644534],[2.1055701,48.8646932],[2.106125,48.8668192],[2.1056238,48.8668884],[2.1056923,48.8670277],[2.1054869,48.8670703],[2.1056741,48.8676045],[2.1077345,48.8682074],[2.1070103,48.8689266],[2.1076022,48.8691374],[2.1079889,48.8695188],[2.1077189,48.8696349],[2.1082613,48.870228],[2.1094005,48.8709882],[2.1083004,48.8715278],[2.1087862,48.8719985],[2.1085219,48.8720925],[2.1093691,48.8727438],[2.1083612,48.8730697],[2.107258,48.8731189],[2.1065539,48.8728282],[2.105382,48.8719408],[2.1043001,48.8718153],[2.1028888,48.8721387],[2.1017376,48.8731001],[2.1016174,48.8739274],[2.1020962,48.8747499],[2.1052893,48.8767606],[2.103885,48.8775604],[2.1054789,48.8785157],[2.1059711,48.8793129],[2.1067644,48.8797593],[2.1046816,48.8812136],[2.1030655,48.8838218],[2.1029173,48.8847245],[2.1022898,48.8854648],[2.1011017,48.8853387],[2.098749,48.8834259],[2.0975114,48.8811857],[2.0971135,48.8786512],[2.0967455,48.877679],[2.0947261,48.8789072],[2.0940162,48.878418],[2.0913778,48.8803823],[2.0905436,48.8797304],[2.088543,48.8787782],[2.0866315,48.8770247],[2.085639,48.8776298],[2.085277,48.8773521],[2.0841321,48.8786746],[2.0795862,48.8754072],[2.0778126,48.8739537],[2.0777307,48.8737011],[2.0780333,48.8729299],[2.0795166,48.8717859],[2.0809265,48.8710318],[2.0796595,48.870758],[2.0799499,48.8703804],[2.0789703,48.8699666],[2.0788752,48.8695602],[2.0792221,48.8693499],[2.0789296,48.8690725],[2.0791547,48.8682245],[2.0789244,48.8678735],[2.077276,48.8664894],[2.0769271,48.866515],[2.0755204,48.8657657],[2.0751067,48.8653144],[2.0763366,48.8650311],[2.0768643,48.8647627],[2.0775824,48.8636919],[2.0787986,48.8628471],[2.0784027,48.8626],[2.0786868,48.8624285],[2.0752628,48.8608046],[2.0690091,48.8608063],[2.0721494,48.8569499],[2.0703883,48.8546421],[2.0828375,48.8542719],[2.0831261,48.854098],[2.0830737,48.8532663],[2.0804548,48.850909],[2.0847303,48.8500282],[2.0884932,48.8478803],[2.0925923,48.8465647]]]]}},{"type":"Feature","properties":{"id":"78382","nom":"MAURECOURT","created":"2016-02-10","updated":"2025-10-27","code_commune":"78382"},"geometry":{"type":"MultiPolygon","coordinates":[[[[2.0664473,48.9904128],[2.0666026,48.9906997],[2.0675241,48.9905205],[2.0678414,48.9914234],[2.0666322,48.9915234],[2.0665428,48.9931419],[2.0718637,48.9933693],[2.0714017,48.9950725],[2.0721508,48.9981087],[2.0720152,49.0005188],[2.071191,49.0024338],[2.0696707,49.0042802],[2.0675847,49.0061849],[2.0642838,49.0083751],[2.0594863,49.0062995],[2.0574458,49.0057572],[2.0575367,49.0056075],[2.057058,49.0054204],[2.0543603,49.0050423],[2.053006,49.0043763],[2.051092,49.0037939],[2.0498397,49.003115],[2.0498401,49.00262],[2.0470707,49.0020608],[2.0427369,49.0005886],[2.0415917,49.0013422],[2.0359165,49.0016829],[2.0287608,49.0016616],[2.0265748,49.0008938],[2.0258071,49.0003942],[2.0259595,48.9997608],[2.0236634,48.9979246],[2.0243701,48.9960937],[2.0248555,48.9956314],[2.0296844,48.9957294],[2.0327314,48.9955881],[2.0344798,48.9953615],[2.0379401,48.9962176],[2.0412338,48.9967766],[2.0426942,48.9968973],[2.0450743,48.9966696],[2.0451896,48.9954395],[2.0446869,48.9945483],[2.0450226,48.9937974],[2.0458369,48.99309],[2.046475,48.990377],[2.0501955,48.9913274],[2.0536933,48.9924958],[2.055886,48.9926278],[2.0581106,48.9923859],[2.061509,48.9924644],[2.0622693,48.992569],[2.0627486,48.9928218],[2.0624611,48.9914627],[2.0654917,48.9910424],[2.0653849,48.990538],[2.0664473,48.9904128]]]]}},{"type":"Feature","properties":{"id":"78383","nom":"MAUREPAS","created":"2007-01-23","updated":"2025-10-27","code_commune":"78383"},"geometry":{"type":"MultiPolygon","coordinates":[[[[1.9403619,48.7567781],[1.9429124,48.7575774],[1.952174,48.759501],[1.9519606,48.7598003],[1.9530958,48.76101],[1.9534641,48.7610844],[1.9534393,48.7614395],[1.9547334,48.7633777],[1.9544717,48.7635726],[1.9553381,48.7645498],[1.9528822,48.7651145],[1.9499994,48.7653543],[1.9490629,48.7654954],[1.9487043,48.7656839],[1.9484605,48.7654913],[1.946186,48.7658926],[1.9458503,48.7660902],[1.9446599,48.7661229],[1.9458609,48.7671878],[1.9461719,48.7671383],[1.946453,48.7674207],[1.9460121,48.7676318],[1.9465256,48.7679215],[1.9461018,48.768111],[1.9473804,48.7694406],[1.9457198,48.7701862],[1.9458632,48.7703365],[1.9442469,48.7707244],[1.9436208,48.7714301],[1.9411868,48.7727233],[1.9421421,48.773267],[1.9406366,48.7740883],[1.9401995,48.7748758],[1.9398507,48.7746699],[1.9393924,48.774769],[1.9390743,48.7751109],[1.9391126,48.7752889],[1.939597,48.7755506],[1.9397397,48.7760856],[1.938703,48.7781691],[1.9353473,48.7804726],[1.9341131,48.7808109],[1.9337035,48.7823193],[1.9327055,48.7829209],[1.931773,48.783102],[1.9305605,48.7830877],[1.9293444,48.7826932],[1.9290566,48.7829322],[1.9280651,48.7825397],[1.927902,48.7823617],[1.9280427,48.7822013],[1.927351,48.7819255],[1.9251871,48.781489],[1.9248786,48.780869],[1.9240169,48.7804627],[1.9234706,48.77991],[1.9225153,48.779552],[1.9224438,48.7791316],[1.9216001,48.7788507],[1.9200951,48.7808578],[1.9186028,48.7816306],[1.9171129,48.7831175],[1.9171572,48.7839462],[1.914993,48.7840163],[1.9116798,48.7853853],[1.9094664,48.7856835],[1.9036773,48.7808535],[1.90357,48.7803177],[1.8957627,48.7801851],[1.8948199,48.7788346],[1.8963551,48.7775695],[1.8975335,48.7756547],[1.8976176,48.7748834],[1.8971312,48.7731538],[1.8975091,48.7719538],[1.8992603,48.7705997],[1.9004726,48.7687366],[1.9012726,48.7679762],[1.9072401,48.7656244],[1.9159821,48.7578592],[1.9292006,48.7567862],[1.9327941,48.760488],[1.9403619,48.7567781]]]]}},{"type":"Feature","properties":{"id":"78384","nom":"MEDAN","created":"2016-04-11","updated":"2025-12-10","code_commune":"78384"},"geometry":{"type":"MultiPolygon","coordinates":[[[[1.9696984,48.9447786],[1.9723086,48.9448612],[1.9724732,48.9457371],[1.9783018,48.9455385],[1.9782923,48.9459512],[1.9800543,48.948395],[1.9801831,48.94963],[1.9815174,48.9494617],[1.9819955,48.9492548],[1.982947,48.9483126],[1.984234,48.948937],[1.9853046,48.9487408],[1.9863041,48.9495085],[1.9886603,48.9483079],[1.988292,48.947517],[1.9889828,48.9474179],[1.9888341,48.947114],[1.9906168,48.9467874],[1.9913768,48.9483123],[1.9928333,48.9485214],[1.9928667,48.9479],[1.9938269,48.9479601],[1.9939498,48.9488752],[1.9963111,48.9489374],[1.9972146,48.9490422],[1.997247,48.9492873],[1.9989096,48.9493948],[1.9990752,48.9513348],[2.0010621,48.9513414],[2.0009143,48.9538625],[2.0010722,48.9538761],[2.0010623,48.9541131],[2.0024716,48.9541462],[2.0023596,48.9571287],[2.0007054,48.9571212],[2.0002749,48.9572046],[2.0003749,48.9574614],[1.9992038,48.9574859],[1.9994092,48.9579183],[1.9981724,48.9584566],[1.9975986,48.9588969],[1.9964423,48.9607109],[1.9961928,48.9615716],[1.9960718,48.9627521],[1.9964002,48.9648627],[1.9958341,48.9670534],[1.9936297,48.9666428],[1.9938709,48.9661253],[1.9918529,48.9655368],[1.9916697,48.965685],[1.9903855,48.9646261],[1.9895488,48.9636678],[1.9872437,48.9620577],[1.9844336,48.9608859],[1.9797285,48.9584582],[1.9797817,48.959094],[1.9752765,48.9564095],[1.9772769,48.9548455],[1.9767364,48.954275],[1.97649,48.9543982],[1.9755777,48.953433],[1.9745059,48.9518789],[1.9739601,48.9518171],[1.9732212,48.9496536],[1.9725906,48.9497797],[1.9726874,48.9500573],[1.9723943,48.9500884],[1.9706063,48.948053],[1.9693856,48.9460908],[1.9696984,48.9447786]]]]}},{"type":"Feature","properties":{"id":"78396","nom":"MESNIL-LE-ROI (LE)","created":"2002-01-25","updated":"2026-04-20","code_commune":"78396"},"geometry":{"type":"MultiPolygon","coordinates":[[[[2.1133739,48.9061711],[2.1145112,48.9095984],[2.1163456,48.9127136],[2.1216449,48.9198495],[2.1214413,48.9199196],[2.1238792,48.9225895],[2.1270788,48.9254074],[2.1331546,48.9294558],[2.1394087,48.9330719],[2.1426018,48.9351875],[2.1314798,48.9426075],[2.1305619,48.9429141],[2.1310322,48.943672],[2.1265733,48.9430859],[2.1224286,48.9422776],[2.1220473,48.9417501],[2.1219092,48.9408991],[2.1207375,48.9403467],[2.120609,48.9396639],[2.1202168,48.9392823],[2.1203745,48.9386614],[2.1202335,48.9368446],[2.1226727,48.9366624],[2.1230263,48.9364628],[2.122419,48.9363193],[2.1211815,48.9354064],[2.119484,48.9348012],[2.1239475,48.9330298],[2.120186,48.9289168],[2.118732,48.9280813],[2.1186046,48.9273938],[2.1141762,48.9275975],[2.1136008,48.9249219],[2.11408,48.9244238],[2.114585,48.9244524],[2.1147136,48.9243353],[2.1142888,48.9239641],[2.1145714,48.9232558],[2.1131579,48.9230248],[2.1132458,48.9227033],[2.1096238,48.9221527],[2.1094087,48.9218868],[2.1088103,48.9217072],[2.1090171,48.9213909],[2.1088644,48.9213451],[2.1104037,48.9188698],[2.110028,48.9181287],[2.1095608,48.9179198],[2.1093485,48.9179652],[2.1043078,48.9077923],[2.1050079,48.9076426],[2.1051174,48.9077527],[2.1052406,48.9070373],[2.1058391,48.9071392],[2.1063369,48.9077216],[2.1084808,48.9074963],[2.1133739,48.9061711]]]]}},{"type":"Feature","properties":{"id":"78397","nom":"MESNIL-SAINT-DENIS (LE)","created":"2013-01-22","updated":"2025-10-27","code_commune":"78397"},"geometry":{"type":"MultiPolygon","coordinates":[[[[1.9716362,48.7205718],[1.972056,48.7213304],[1.9735994,48.7219049],[1.9744456,48.723504],[1.9749561,48.7238617],[1.9763045,48.7238082],[1.9770993,48.7235505],[1.9796753,48.7244408],[1.9803997,48.7242585],[1.9815722,48.7247273],[1.9818401,48.7250847],[1.9813478,48.7261361],[1.9812244,48.7270884],[1.981612,48.7277874],[1.9820386,48.7280756],[1.984771,48.7289022],[1.9885765,48.7289518],[1.9885125,48.7300678],[1.9895029,48.73147],[1.9866464,48.732249],[1.9875943,48.7338906],[1.9841566,48.734854],[1.9856326,48.736426],[1.9859245,48.7362741],[1.9878338,48.739046],[1.9879825,48.7389996],[1.9877809,48.7393038],[1.9879674,48.7396309],[1.9897283,48.7408118],[1.9908375,48.7412699],[1.989437,48.7425108],[1.9880722,48.7426358],[1.9880855,48.7464217],[1.9914109,48.7473381],[1.992053,48.747931],[1.9909812,48.7482572],[1.9883084,48.7498406],[1.9869148,48.7503163],[1.9853767,48.751496],[1.9834684,48.7521602],[1.9820569,48.7523177],[1.9798693,48.7528482],[1.9778468,48.7527809],[1.9740526,48.7533511],[1.9736361,48.7534719],[1.9734949,48.7537148],[1.9714445,48.7540766],[1.970805,48.7551384],[1.9693053,48.7553328],[1.9678873,48.7560683],[1.9677844,48.7560016],[1.9675685,48.7566341],[1.9670805,48.7569127],[1.9667897,48.7568481],[1.9667403,48.7566128],[1.9658796,48.7566124],[1.9658188,48.7563222],[1.9643001,48.7567704],[1.9612818,48.756917],[1.960292,48.7567318],[1.9587942,48.7558683],[1.9570611,48.7569283],[1.956957,48.7560712],[1.9561169,48.7554692],[1.9555966,48.7528907],[1.9570188,48.7525031],[1.9598205,48.7505994],[1.9594318,48.7503202],[1.9607743,48.7491038],[1.9594084,48.7480466],[1.9572302,48.7491838],[1.953842,48.7461258],[1.9516668,48.7471396],[1.9482809,48.7505801],[1.9475661,48.7509786],[1.944171,48.7468385],[1.9403595,48.7469686],[1.9370808,48.7482779],[1.9355345,48.7467428],[1.9361921,48.7466653],[1.93601,48.7460884],[1.9356977,48.746163],[1.9354225,48.7458007],[1.9352635,48.7458525],[1.9343896,48.745403],[1.9342041,48.7451559],[1.934967,48.7447944],[1.9344931,48.7442956],[1.9349529,48.7441062],[1.9345775,48.7438389],[1.9346338,48.7430592],[1.9331163,48.7423579],[1.9324301,48.7418445],[1.9325793,48.7416972],[1.9321877,48.7402421],[1.9319521,48.7401994],[1.932149,48.7400066],[1.9328133,48.7400895],[1.9342449,48.7391653],[1.9348704,48.7378618],[1.935519,48.737352],[1.9369007,48.7373262],[1.9394943,48.7362683],[1.9398164,48.7364866],[1.9405736,48.7364267],[1.9410635,48.7367775],[1.9415052,48.7365232],[1.9421566,48.7351657],[1.943173,48.7344032],[1.9447704,48.734085],[1.944998,48.7342821],[1.9465552,48.7334371],[1.948307,48.7329521],[1.9489536,48.7330179],[1.9493576,48.7328207],[1.9504348,48.7330487],[1.9507628,48.7332118],[1.9508999,48.7336622],[1.9531493,48.7357882],[1.9538162,48.7358805],[1.9550178,48.7364634],[1.9574105,48.7372611],[1.958373,48.7371149],[1.9579906,48.7366154],[1.9646349,48.7342007],[1.9649952,48.7317127],[1.9646673,48.7293331],[1.9647384,48.7273099],[1.9635189,48.7253552],[1.9650314,48.7256017],[1.9666908,48.725102],[1.9682073,48.7238633],[1.9688473,48.7235315],[1.9688263,48.7232408],[1.9684582,48.723076],[1.9683812,48.722619],[1.9695475,48.7223908],[1.9698011,48.7215609],[1.9701466,48.7211663],[1.9716362,48.7205718]]]]}},{"type":"Feature","properties":{"id":"78401","nom":"MEULAN-EN-YVELINES","created":"2015-10-20","updated":"2025-11-17","code_commune":"78401"},"geometry":{"type":"MultiPolygon","coordinates":[[[[1.8811026,48.9939266],[1.8904688,48.9962025],[1.8976093,48.9973167],[1.9002461,48.99799],[1.9013221,48.9984778],[1.9091563,49.000371],[1.9108387,49.0011328],[1.9145904,49.0016844],[1.9186827,49.002539],[1.9216934,49.003407],[1.9328446,49.0059986],[1.9371075,49.0066131],[1.9366129,49.0089748],[1.9363886,49.0089597],[1.9362447,49.01024],[1.9359761,49.0102553],[1.9358871,49.0108268],[1.9344527,49.0107533],[1.9288267,49.0097693],[1.9285864,49.0102794],[1.9289209,49.0106279],[1.9305022,49.0111543],[1.9312971,49.0115818],[1.9316179,49.013737],[1.9305807,49.0135629],[1.9270215,49.0124892],[1.9267042,49.01397],[1.9196136,49.0147647],[1.9194884,49.0148137],[1.9199212,49.0153682],[1.9198321,49.0155107],[1.9179207,49.0154783],[1.9155269,49.0147751],[1.916365,49.0154677],[1.9164259,49.0158978],[1.9155216,49.0163792],[1.9146797,49.0162113],[1.9138232,49.0165659],[1.9127195,49.0155764],[1.9121882,49.0147202],[1.9111935,49.014227],[1.9096071,49.0129179],[1.9085044,49.0112985],[1.9082076,49.0111161],[1.9071671,49.0121501],[1.9062713,49.0117442],[1.9058368,49.0120498],[1.9054509,49.0118283],[1.9048188,49.012075],[1.9030764,49.0123461],[1.9019376,49.0132543],[1.9009705,49.0143441],[1.8996839,49.0139906],[1.904534,49.0064103],[1.9054072,49.0040692],[1.9040806,49.0036636],[1.9029232,49.002933],[1.8941275,49.0008795],[1.890275,48.9992164],[1.8877396,48.9984801],[1.8841171,48.9970643],[1.88261,48.9966626],[1.8809463,48.9945216],[1.8811026,48.9939266]]]]}},{"type":"Feature","properties":{"id":"78403","nom":"MEZY-SUR-SEINE","created":"2015-10-20","updated":"2025-12-29","code_commune":"78403"},"geometry":{"type":"MultiPolygon","coordinates":[[[[1.8649148,48.9897139],[1.871698,48.9915564],[1.8773744,48.9925943],[1.8807459,48.9937309],[1.8815602,48.9965035],[1.8817977,48.9964206],[1.883854,48.9968882],[1.8864188,48.9979745],[1.8880513,48.9984481],[1.8873679,48.9995695],[1.8877101,48.9996713],[1.8871843,49.0005566],[1.8878636,49.000831],[1.88787,49.0013209],[1.8876742,49.0013222],[1.8880495,49.0018423],[1.8873438,49.0031291],[1.88742,49.0038717],[1.8870872,49.0058229],[1.885978,49.0056856],[1.8858747,49.0060307],[1.8850122,49.005925],[1.8841251,49.0091301],[1.8831537,49.0091046],[1.8835886,49.0101028],[1.8834254,49.010177],[1.8804223,49.0097617],[1.8795214,49.0127722],[1.8720967,49.0128074],[1.8695351,49.01297],[1.8652227,49.0137345],[1.8626998,49.013967],[1.8590787,49.0138753],[1.8585235,49.0140187],[1.8572897,49.0147621],[1.8522508,49.0163301],[1.8516253,49.0166711],[1.8506119,49.0159761],[1.8513314,49.0156571],[1.8512985,49.0143671],[1.8503917,49.0142253],[1.8512464,49.0101914],[1.8523653,49.0090961],[1.8532385,49.0076191],[1.8551558,49.0054832],[1.8572524,49.0037111],[1.8584599,49.0024053],[1.8597246,48.9976563],[1.8607854,48.9974537],[1.8615702,48.9975563],[1.8613875,48.9974794],[1.8620232,48.9966857],[1.8623499,48.9956599],[1.8604117,48.9954035],[1.8604283,48.9948427],[1.8632696,48.9953006],[1.8638629,48.9956391],[1.8634037,48.9960051],[1.8642407,48.9962467],[1.8654472,48.9953475],[1.8641964,48.9950667],[1.8643867,48.9944564],[1.8641569,48.9943303],[1.8645015,48.9937219],[1.8630668,48.9934032],[1.8637064,48.9921373],[1.8645149,48.9924251],[1.8649434,48.9916901],[1.8638324,48.9913916],[1.8649148,48.9897139]]]]}},{"type":"Feature","properties":{"id":"78418","nom":"MONTESSON","created":"2009-12-14","updated":"2025-10-27","code_commune":"78418"},"geometry":{"type":"MultiPolygon","coordinates":[[[[2.143541,48.9029817],[2.1469288,48.9046324],[2.1469575,48.9047689],[2.1471402,48.9042167],[2.1474714,48.9043472],[2.1477456,48.9041794],[2.1498984,48.9049413],[2.1495918,48.9054537],[2.1502419,48.905739],[2.1508178,48.9044138],[2.152325,48.9050541],[2.1526574,48.9048487],[2.1557939,48.9063554],[2.1561465,48.9060395],[2.1565049,48.9060714],[2.1580677,48.9067805],[2.1584283,48.9064304],[2.158858,48.9066205],[2.1587162,48.9067503],[2.1592139,48.9070622],[2.1611867,48.9081403],[2.1599782,48.9091172],[2.1629417,48.9102677],[2.1616918,48.9117665],[2.1585834,48.9141276],[2.1605345,48.9152188],[2.1631279,48.9171253],[2.1594879,48.9193027],[2.1608608,48.9203286],[2.1560325,48.923287],[2.1566751,48.9244241],[2.156673,48.9256473],[2.1530155,48.9276225],[2.1508309,48.9290244],[2.1473192,48.9316557],[2.1469227,48.9315618],[2.1469783,48.931886],[2.1424161,48.9351],[2.1369955,48.9314376],[2.1320247,48.9287032],[2.1298702,48.9272813],[2.1262239,48.9247874],[2.1245227,48.9231065],[2.1207016,48.9187368],[2.1169511,48.913432],[2.1142183,48.9086249],[2.1151811,48.908298],[2.1141595,48.908498],[2.11295,48.9054253],[2.1201348,48.9030299],[2.1257817,48.907678],[2.1261084,48.9076522],[2.1319398,48.9121087],[2.135828,48.9111966],[2.1378017,48.9110328],[2.1404748,48.9105859],[2.1403731,48.9098406],[2.1395442,48.9098894],[2.1406744,48.9073874],[2.143541,48.9029817]]]]}},{"type":"Feature","properties":{"id":"78423","nom":"MONTIGNY LE BRETONNEUX","created":"2002-12-06","updated":"2022-03-25","code_commune":"78423"},"geometry":{"type":"MultiPolygon","coordinates":[[[[2.0256176,48.7558419],[2.0260331,48.7576703],[2.0272262,48.7594952],[2.0271952,48.7602082],[2.0283833,48.7601597],[2.0285349,48.7599024],[2.0293696,48.7607623],[2.0326513,48.7605588],[2.0327505,48.7612676],[2.0349028,48.7611291],[2.0348993,48.7618482],[2.0377066,48.7617433],[2.0390249,48.763952],[2.0391741,48.7640922],[2.0397649,48.7639712],[2.0403568,48.764566],[2.0398759,48.764752],[2.0405366,48.7653792],[2.0408771,48.7652106],[2.0419616,48.7663492],[2.0423713,48.7662414],[2.0428458,48.766716],[2.0457665,48.7655065],[2.049655,48.7694397],[2.0503697,48.7692061],[2.0506283,48.7688878],[2.0538329,48.7675566],[2.0545071,48.769075],[2.0558843,48.7709878],[2.0456649,48.7738595],[2.0461574,48.7746836],[2.0459038,48.7757171],[2.0466445,48.777124],[2.0432602,48.7801568],[2.0465753,48.7818065],[2.0468624,48.7830776],[2.0483634,48.7837474],[2.0464061,48.785474],[2.0502883,48.7874006],[2.0483828,48.7890527],[2.0522339,48.7911145],[2.0522393,48.7914028],[2.0520706,48.7913216],[2.0518439,48.7917965],[2.0530637,48.7937049],[2.0524803,48.7936556],[2.0521523,48.7937882],[2.05182,48.7943984],[2.0520235,48.7951891],[2.0532391,48.7948873],[2.0526074,48.7966593],[2.0531639,48.7979622],[2.0430538,48.7991742],[2.0420451,48.799114],[2.0327389,48.7969868],[2.0293767,48.7966649],[2.0223072,48.7968702],[2.0108573,48.7980117],[1.9943911,48.7993135],[1.9981894,48.7973467],[1.9994651,48.7974729],[1.9988845,48.7943907],[2.0066499,48.7938597],[2.0102706,48.7903752],[2.0121715,48.7901525],[2.0136954,48.7905885],[2.0172441,48.7908095],[2.0190009,48.7905859],[2.0235695,48.7845364],[2.0240304,48.7836328],[2.0220556,48.7829755],[2.023823,48.7793892],[2.0195329,48.7782279],[2.0143772,48.7764803],[2.0110259,48.7755812],[2.0136442,48.7734525],[2.0135247,48.7733354],[2.0136955,48.7732543],[2.0125339,48.7720841],[2.0143091,48.7715856],[2.0101838,48.7691815],[2.0086203,48.7685944],[2.0070445,48.7671659],[2.0076823,48.7666334],[2.0072899,48.7662438],[2.0086078,48.7657654],[2.0072578,48.7636537],[2.0113551,48.7621063],[2.0110601,48.7618778],[2.0113341,48.7619134],[2.0117534,48.7612726],[2.0123821,48.7609427],[2.0123124,48.760813],[2.012642,48.760588],[2.013702,48.760563],[2.0163411,48.7599485],[2.0172649,48.7596582],[2.017481,48.7594236],[2.0179459,48.7593686],[2.0186528,48.7596133],[2.0200448,48.7591901],[2.0211454,48.75866],[2.0216923,48.7576309],[2.0232785,48.7563634],[2.0256176,48.7558419]]]]}},{"type":"Feature","properties":{"id":"78440","nom":"MUREAUX (LES)","created":"2007-08-03","updated":"2025-10-27","code_commune":"78440"},"geometry":{"type":"MultiPolygon","coordinates":[[[[1.9206589,48.968677],[1.9228875,48.9688506],[1.9227646,48.9708081],[1.9241085,48.9708542],[1.9236115,48.9743503],[1.9230351,48.9748076],[1.9223458,48.9750041],[1.9231961,48.9758846],[1.9242152,48.9761627],[1.9246439,48.9766002],[1.9322353,48.9763433],[1.9316236,48.9835659],[1.9341357,48.9828028],[1.9355007,48.9821444],[1.9367437,48.9817946],[1.9377056,48.9812566],[1.9388344,48.9809854],[1.9394805,48.9822824],[1.9421441,48.9919625],[1.9455247,49.001661],[1.9465969,49.0066436],[1.9434044,49.006787],[1.9405268,49.0067231],[1.937102,49.0065007],[1.9321389,49.005827],[1.9245428,49.0040051],[1.9216268,49.0030814],[1.9159763,49.0018629],[1.9101237,49.0009132],[1.908278,49.0000713],[1.9019781,48.998624],[1.8978596,48.9972891],[1.8954254,48.9968213],[1.8910549,48.9965519],[1.8883012,48.9960695],[1.8869085,48.9957169],[1.8796521,48.9931331],[1.8758327,48.9921668],[1.8772384,48.9897181],[1.8781646,48.9873764],[1.8769381,48.9816993],[1.886647,48.9792469],[1.8895478,48.9757731],[1.8924881,48.9776352],[1.8935855,48.9785171],[1.895323,48.9803621],[1.8955417,48.979908],[1.8978302,48.980236],[1.8978318,48.9792592],[1.8991501,48.9792361],[1.8987387,48.9783556],[1.9015501,48.9784008],[1.9063569,48.9789881],[1.9064789,48.9779974],[1.9074594,48.9754221],[1.9076661,48.9754427],[1.9081437,48.9743516],[1.9086433,48.9744793],[1.9088903,48.973788],[1.9089792,48.9726065],[1.9081302,48.9718263],[1.9103344,48.9731046],[1.9132311,48.9735172],[1.9158969,48.970321],[1.9173196,48.9707066],[1.9172785,48.9710004],[1.9179525,48.9716175],[1.9186567,48.9719886],[1.9190873,48.9711107],[1.9202003,48.9697017],[1.9206589,48.968677]]]]}},{"type":"Feature","properties":{"id":"78442","nom":"NEAUPHLE-LE-CHATEAU","created":"2014-10-21","updated":"2025-11-28","code_commune":"78442"},"geometry":{"type":"MultiPolygon","coordinates":[[[[1.9147825,48.8026729],[1.918904,48.8035676],[1.9141886,48.8070072],[1.9144836,48.8071753],[1.9133975,48.8088849],[1.9138502,48.8110436],[1.9114058,48.8126718],[1.9108951,48.8135644],[1.9109105,48.8149063],[1.9100573,48.8160909],[1.9148607,48.8168203],[1.9148654,48.8169207],[1.912291,48.8200657],[1.906741,48.820901],[1.9043444,48.8215927],[1.9024441,48.8219138],[1.901443,48.8219093],[1.8980755,48.8166364],[1.8982975,48.8146431],[1.8977502,48.8151586],[1.8971886,48.8148644],[1.8961023,48.8146259],[1.893224,48.8132764],[1.8922606,48.8125112],[1.8919301,48.8125668],[1.8921594,48.8109402],[1.8900173,48.8105706],[1.8873899,48.8105519],[1.8875448,48.8092789],[1.8890008,48.8089617],[1.8915223,48.808918],[1.8950403,48.8086216],[1.8979503,48.8095288],[1.8992407,48.8096412],[1.9001385,48.8095641],[1.9008191,48.8091743],[1.9008123,48.8086009],[1.9030807,48.806411],[1.9050083,48.8051969],[1.9071323,48.8041422],[1.9081955,48.8041235],[1.9096101,48.8044524],[1.9115508,48.8042688],[1.9138198,48.8036434],[1.9147825,48.8026729]]]]}},{"type":"Feature","properties":{"id":"78443","nom":"NEAUPHLE-LE-VIEUX","created":"2014-07-03","updated":"2026-01-29","code_commune":"78443"},"geometry":{"type":"MultiPolygon","coordinates":[[[[1.8557622,48.7979363],[1.8577111,48.8001397],[1.8596358,48.799346],[1.8604138,48.8000678],[1.860799,48.7999089],[1.8617481,48.8007926],[1.8632704,48.8001394],[1.8638867,48.800525],[1.8649232,48.7998806],[1.8663955,48.8011976],[1.8682578,48.8003945],[1.8677091,48.7997991],[1.8692173,48.7991873],[1.8696644,48.7996554],[1.872569,48.7984744],[1.8755725,48.8034496],[1.873986,48.8039625],[1.8756576,48.8061082],[1.8775377,48.8055736],[1.8780503,48.8063076],[1.8810222,48.8047231],[1.8860695,48.804066],[1.8810698,48.8097597],[1.879395,48.8092348],[1.8785963,48.8091283],[1.8759748,48.810919],[1.8736424,48.811828],[1.8694674,48.8119465],[1.868133,48.8122006],[1.8685234,48.8128615],[1.8681994,48.812891],[1.8679079,48.8132849],[1.8675779,48.8131091],[1.867241,48.8131819],[1.8668724,48.8134858],[1.8669529,48.8136198],[1.866488,48.8138553],[1.8664895,48.8142941],[1.8668857,48.8145303],[1.8674486,48.815461],[1.8695767,48.8160132],[1.8700141,48.8163741],[1.8697211,48.816684],[1.8704878,48.8178124],[1.8702387,48.8182484],[1.8698207,48.8182973],[1.8704746,48.8185293],[1.8708555,48.81916],[1.8702395,48.8197233],[1.8706406,48.8198576],[1.8703813,48.8200968],[1.869379,48.8203005],[1.8683826,48.8207617],[1.866074,48.8209251],[1.8643121,48.8221757],[1.8646702,48.8222956],[1.8648175,48.822198],[1.8649703,48.822379],[1.8657343,48.8225761],[1.8660374,48.8229373],[1.8659908,48.8231876],[1.8654818,48.8236249],[1.865706,48.8238755],[1.8654121,48.824164],[1.8661632,48.8241986],[1.8669765,48.8244519],[1.8678299,48.8251496],[1.8688056,48.8255596],[1.8704974,48.826603],[1.8709387,48.8266564],[1.8714389,48.8283182],[1.8726942,48.8295385],[1.8725331,48.82982],[1.8727095,48.8302024],[1.8741823,48.8313944],[1.8739061,48.8319801],[1.8745,48.832786],[1.8745082,48.8334936],[1.8749574,48.8343599],[1.8740204,48.8346006],[1.8741344,48.8348671],[1.8722677,48.8351436],[1.8713056,48.8319188],[1.8703037,48.8321632],[1.8698423,48.8314774],[1.8667479,48.8321444],[1.8659659,48.8311869],[1.857588,48.8320063],[1.8584479,48.8351279],[1.8532181,48.8353236],[1.8529732,48.833982],[1.8478912,48.833822],[1.8470248,48.8281571],[1.8434976,48.828369],[1.8422946,48.8285249],[1.8415791,48.8288275],[1.8408714,48.8257008],[1.8418508,48.8255872],[1.8412985,48.8232633],[1.8422523,48.822609],[1.8413857,48.8195638],[1.8430851,48.8192985],[1.8427644,48.8183673],[1.8445307,48.8182437],[1.8442022,48.8158941],[1.8433756,48.8158261],[1.8433213,48.8140287],[1.8444022,48.813863],[1.8453499,48.8139204],[1.8454119,48.8134108],[1.8472124,48.8131433],[1.8481937,48.8134678],[1.8499302,48.8134804],[1.8508319,48.813651],[1.8501245,48.8131074],[1.8503211,48.8125737],[1.848531,48.8125783],[1.8480422,48.8120838],[1.8500056,48.8116883],[1.8492483,48.8103203],[1.8490739,48.810364],[1.8457205,48.8059413],[1.845503,48.8060063],[1.8434098,48.8036814],[1.8441591,48.8034849],[1.8435456,48.8027351],[1.8428334,48.8029055],[1.8417913,48.8006308],[1.8426826,48.8007526],[1.8428581,48.8004717],[1.8509957,48.7991947],[1.8510838,48.7989766],[1.8521508,48.798947],[1.8557622,48.7979363]]]]}},{"type":"Feature","properties":{"id":"78466","nom":"ORGEVAL","created":"2007-08-03","updated":"2025-12-15","code_commune":"78466"},"geometry":{"type":"MultiPolygon","coordinates":[[[[1.9710184,48.8918631],[1.9711939,48.8916415],[1.9717075,48.8920691],[1.974233,48.8960194],[1.9751929,48.896904],[1.9777893,48.8979493],[1.9808839,48.9000422],[1.9820592,48.9002701],[1.9795082,48.9038268],[1.9821218,48.9042477],[1.9876652,48.9061464],[1.9900347,48.9072407],[1.990153,48.9071078],[1.9919592,48.9100341],[1.99292,48.9133799],[1.9936241,48.9142472],[1.9950918,48.9149667],[1.9964556,48.9139484],[1.9993368,48.9150184],[1.9998545,48.9153421],[2.0002623,48.9160083],[2.0020503,48.9178076],[2.0042192,48.9188676],[2.0051378,48.918059],[2.0088871,48.9207476],[2.0048608,48.9238163],[2.0034164,48.9253727],[2.0012355,48.9265101],[1.9999121,48.9279667],[1.9991577,48.9283309],[1.996681,48.9287048],[1.994478,48.9286881],[1.9926958,48.9284444],[1.9884915,48.9284096],[1.983427,48.9286397],[1.9823349,48.928843],[1.982463,48.9310369],[1.9831549,48.9323057],[1.9836589,48.9339893],[1.983209,48.9343644],[1.9829442,48.9353442],[1.9825466,48.9358619],[1.9793416,48.9386573],[1.977911,48.9407241],[1.9781492,48.9420527],[1.9781107,48.9443956],[1.97846,48.945518],[1.9724812,48.9456702],[1.9723244,48.9448596],[1.9696386,48.9447986],[1.9696588,48.9441797],[1.9669087,48.9442992],[1.9667436,48.9442003],[1.9659305,48.9433128],[1.9665374,48.9429354],[1.9667805,48.9416362],[1.9679298,48.9414642],[1.9690038,48.9406011],[1.9684472,48.9403079],[1.9679345,48.9396163],[1.967329,48.9393034],[1.9670583,48.9389167],[1.9665377,48.9388358],[1.9643853,48.9370716],[1.9641354,48.9372222],[1.9639293,48.9361839],[1.9624726,48.9342224],[1.963026,48.933345],[1.9631165,48.9327353],[1.9602625,48.9330261],[1.959587,48.9327563],[1.9589883,48.9329955],[1.9587144,48.9326258],[1.9585753,48.9326942],[1.9577127,48.9306639],[1.9573661,48.9305738],[1.9572752,48.930026],[1.9576963,48.928284],[1.9566839,48.9267456],[1.9569743,48.9267152],[1.9565607,48.9262526],[1.9538887,48.9242172],[1.9526184,48.9238058],[1.9505979,48.9234042],[1.9495802,48.9229437],[1.9491845,48.9224952],[1.9484622,48.9221427],[1.9478109,48.9221526],[1.9460522,48.9218079],[1.9463728,48.9211121],[1.9467436,48.9210917],[1.947126,48.9207542],[1.9471249,48.9205323],[1.946643,48.9202233],[1.9468876,48.9200446],[1.947441,48.9199699],[1.9480821,48.9192824],[1.946935,48.9185592],[1.9473661,48.9182809],[1.9471182,48.9176367],[1.9462989,48.9173278],[1.9470396,48.9162481],[1.9442201,48.9135732],[1.9416424,48.9136704],[1.9410429,48.913076],[1.9413095,48.9129561],[1.9400808,48.9121976],[1.9411446,48.9113873],[1.9398608,48.9106793],[1.9381577,48.9118238],[1.9372532,48.9109369],[1.9363681,48.911244],[1.9348717,48.9111242],[1.9330966,48.9112276],[1.933038,48.9101405],[1.9320203,48.9101389],[1.9306776,48.9077269],[1.9344191,48.904389],[1.9416731,48.9023243],[1.9539954,48.8954924],[1.9619385,48.8928413],[1.9614249,48.8945129],[1.9613164,48.8956782],[1.9631007,48.8960875],[1.9651373,48.8970856],[1.9676481,48.8970309],[1.968521,48.8959869],[1.9683951,48.8954779],[1.9685604,48.8950616],[1.9694498,48.8938101],[1.9702719,48.8931301],[1.9710184,48.8918631]]]]}},{"type":"Feature","properties":{"id":"78481","nom":"PECQ (LE)","created":"2014-01-09","updated":"2025-10-27","code_commune":"78481"},"geometry":{"type":"MultiPolygon","coordinates":[[[[2.0866356,48.8770231],[2.0885401,48.8787781],[2.090539,48.8797296],[2.091381,48.880385],[2.0940189,48.8784101],[2.0947287,48.8789011],[2.0967266,48.8776722],[2.0970832,48.8784674],[2.0973623,48.8807269],[2.0982068,48.8825255],[2.0991519,48.8838915],[2.1011565,48.8853219],[2.10102,48.8853736],[2.1017718,48.8866621],[2.1011276,48.8867432],[2.1010419,48.8868837],[2.1019799,48.8869223],[2.1024625,48.8881184],[2.1082202,48.8896787],[2.1102584,48.8874414],[2.1181791,48.8907893],[2.1166517,48.8957428],[2.1147895,48.8971281],[2.1135261,48.896837],[2.1126934,48.8970302],[2.1121132,48.8974915],[2.1119918,48.8980865],[2.112734,48.898995],[2.1136265,48.8991441],[2.1145739,48.9023651],[2.1160592,48.9019727],[2.117863,48.901245],[2.1201276,48.9030288],[2.1129218,48.9054406],[2.1133809,48.9061643],[2.1084561,48.9074935],[2.1063463,48.9077146],[2.1058283,48.9071343],[2.1052247,48.9070339],[2.1051106,48.90776],[2.1049953,48.907641],[2.1043038,48.9077887],[2.1011958,48.9015115],[2.1015989,48.9012612],[2.1016123,48.9008796],[2.1009704,48.9005365],[2.1010139,48.8993248],[2.1020123,48.899331],[2.1017567,48.8984862],[2.101649,48.8963875],[2.1006526,48.8945083],[2.0998739,48.8943356],[2.0988866,48.8945439],[2.0986614,48.8943712],[2.1002258,48.8911485],[2.1002388,48.8902647],[2.0995157,48.8895556],[2.0975847,48.8888636],[2.0971193,48.8885243],[2.0969208,48.8880428],[2.0970222,48.8876596],[2.0973471,48.8872882],[2.09803,48.8869707],[2.0962317,48.8870191],[2.0951058,48.8863825],[2.094022,48.8860811],[2.0919072,48.8860881],[2.0923176,48.885405],[2.0921304,48.8845715],[2.0841337,48.8786909],[2.0852768,48.8773415],[2.0856381,48.877627],[2.0866356,48.8770231]]]]}},{"type":"Feature","properties":{"id":"78490","nom":"PLAISIR","created":"2001-07-10","updated":"2016-10-20","code_commune":"78490"},"geometry":{"type":"MultiPolygon","coordinates":[[[[1.957801,48.78803],[1.9581587,48.7880434],[1.9579351,48.7887232],[1.9594082,48.7890888],[1.9599882,48.7901542],[1.9602452,48.7898383],[1.9612206,48.7895825],[1.9617327,48.790407],[1.9619389,48.7902749],[1.962519,48.7912326],[1.9629668,48.7911245],[1.9632673,48.7914836],[1.9610224,48.7920039],[1.9615757,48.793253],[1.9674107,48.800167],[1.9711916,48.8004849],[1.9759312,48.8005551],[1.9797786,48.8003635],[1.9856851,48.7996613],[1.9864823,48.7996875],[1.9864374,48.8004828],[1.9866516,48.8004906],[1.9860522,48.802048],[1.9862628,48.8025468],[1.9845883,48.8037591],[1.9839653,48.8045978],[1.9818844,48.8049025],[1.9793188,48.8075731],[1.9780079,48.8083765],[1.9776507,48.8083505],[1.9763269,48.8091092],[1.9753012,48.809268],[1.9755168,48.8103998],[1.9732974,48.8097817],[1.9744872,48.8125679],[1.9731638,48.813156],[1.9721703,48.8138556],[1.9719055,48.8140476],[1.9718657,48.8144262],[1.9739241,48.8147706],[1.972483,48.8156999],[1.9715625,48.8166133],[1.9701708,48.8168656],[1.9696649,48.8171451],[1.9683406,48.8193422],[1.9666776,48.8213563],[1.9665896,48.8225158],[1.9675671,48.8253447],[1.968607,48.8273583],[1.9694067,48.8306715],[1.9696215,48.8331248],[1.9700372,48.8347375],[1.9669498,48.8346434],[1.9620152,48.8353616],[1.9608699,48.8352187],[1.9577506,48.8357282],[1.9570712,48.8348062],[1.9546755,48.835579],[1.947511,48.8372833],[1.9440206,48.8377054],[1.9438574,48.8368369],[1.9431274,48.8355566],[1.9412488,48.8357535],[1.9409952,48.834729],[1.9376566,48.8348692],[1.9369424,48.8324099],[1.9351215,48.8301327],[1.9327244,48.8281704],[1.930725,48.8262005],[1.9281101,48.8230628],[1.9275737,48.8237842],[1.9268508,48.8242781],[1.9228648,48.8254826],[1.9217228,48.8260769],[1.9197624,48.8215892],[1.9186446,48.8215402],[1.9179116,48.8218233],[1.9176562,48.8192109],[1.9122878,48.8200642],[1.9149448,48.8168378],[1.9100089,48.8160712],[1.9108527,48.8149235],[1.9108571,48.8135449],[1.9112401,48.8128401],[1.9115821,48.8124437],[1.9129394,48.8117547],[1.9137742,48.8110687],[1.9133776,48.8088821],[1.9144646,48.8071612],[1.9140965,48.8070049],[1.918821,48.8035215],[1.9146946,48.8026696],[1.9257184,48.7974404],[1.9355556,48.7970398],[1.9350602,48.7919298],[1.9374458,48.7915576],[1.9401375,48.7913508],[1.9412958,48.7915402],[1.9442312,48.7907825],[1.9455854,48.7908034],[1.9472257,48.7901418],[1.9497871,48.7899744],[1.952074,48.7890565],[1.9529517,48.7902336],[1.9541088,48.7897217],[1.9553577,48.788433],[1.9560756,48.7883989],[1.9563838,48.7881554],[1.956474,48.7882733],[1.957801,48.78803]]]]}},{"type":"Feature","properties":{"id":"78498","nom":"POISSY","created":"2012-11-05","updated":"2025-10-27","code_commune":"78498"},"geometry":{"type":"MultiPolygon","coordinates":[[[[1.9974503,48.8910859],[1.9985987,48.8914577],[1.9952793,48.8949981],[1.998263,48.896252],[1.9977302,48.8971648],[1.9977609,48.8975737],[1.9971973,48.8978207],[1.9983089,48.8979103],[2.0017446,48.8998914],[2.0034523,48.901374],[2.0048389,48.9020425],[2.0047951,48.9022914],[2.0044216,48.9023472],[2.0069981,48.9023593],[2.0089283,48.9031385],[2.0119513,48.9036675],[2.0137153,48.9042061],[2.0154891,48.9057813],[2.0160432,48.9066682],[2.0180896,48.908905],[2.0219795,48.913888],[2.0271093,48.9126378],[2.0281804,48.9138325],[2.0294808,48.9157286],[2.0308787,48.9170033],[2.0396036,48.9164553],[2.0396761,48.9170003],[2.0403989,48.9170765],[2.0410435,48.9187512],[2.0419148,48.918897],[2.0417174,48.919872],[2.0419711,48.920245],[2.0427139,48.9200928],[2.0429684,48.9213124],[2.0424978,48.9225464],[2.0447209,48.9231415],[2.0454151,48.9239095],[2.0474022,48.9238022],[2.0484688,48.9239561],[2.0488345,48.9241612],[2.0499054,48.923355],[2.050232,48.9234677],[2.051413,48.9228755],[2.0521872,48.9227126],[2.0530395,48.9231519],[2.0528084,48.9236575],[2.0553427,48.9253204],[2.054653,48.925747],[2.0555905,48.9268894],[2.0559325,48.9268118],[2.0562156,48.9270657],[2.0567328,48.9278467],[2.0569732,48.9287503],[2.0587305,48.9297522],[2.059702,48.9305291],[2.0621892,48.9333527],[2.0635368,48.9342008],[2.0626374,48.9349294],[2.0615419,48.9365294],[2.0605964,48.9374008],[2.0614747,48.9392941],[2.0628837,48.9410256],[2.065133,48.9429408],[2.0659484,48.9434768],[2.0679972,48.9441928],[2.0700909,48.9460647],[2.0700453,48.9462859],[2.0622456,48.9502346],[2.0617693,48.9505325],[2.0619632,48.9509264],[2.0584713,48.9521341],[2.0565877,48.9532449],[2.0528448,48.9546337],[2.0522182,48.9551465],[2.051508,48.9563328],[2.0505138,48.9570071],[2.0504251,48.9568922],[2.0489724,48.9568929],[2.0488049,48.9541209],[2.0480782,48.9506569],[2.0474912,48.9492482],[2.0477916,48.9485662],[2.0469072,48.9463733],[2.0462997,48.9454446],[2.0451426,48.9447505],[2.0431334,48.9429282],[2.0424393,48.9409614],[2.0412322,48.9393124],[2.0400559,48.9380785],[2.0397412,48.937438],[2.0365161,48.9343525],[2.0363539,48.9342469],[2.0345348,48.9343512],[2.0312877,48.9334245],[2.0251607,48.9306521],[2.0212732,48.9303813],[2.019431,48.9304832],[2.016683,48.9309082],[2.0131932,48.9318218],[2.0118754,48.9323208],[2.0097342,48.9336546],[2.0083795,48.9347314],[2.0070967,48.933461],[2.0069848,48.9332063],[2.0071766,48.9327931],[2.0067194,48.9321106],[2.0083497,48.9313664],[2.0095448,48.9304446],[2.0108528,48.929845],[2.0164031,48.9285939],[2.0162695,48.9278631],[2.0168533,48.9276733],[2.0166233,48.9254197],[2.0169454,48.922768],[2.0161568,48.9226015],[2.0147944,48.921975],[2.0134047,48.921563],[2.0117294,48.9214328],[2.0104059,48.9202754],[2.0089435,48.9207492],[2.0076376,48.9198708],[2.0069921,48.9196693],[2.0054708,48.9187631],[2.0043658,48.9188816],[2.0040686,48.9187543],[2.0020662,48.9177659],[2.0002565,48.9159841],[1.9997536,48.9152498],[1.996967,48.914134],[1.9964673,48.9139677],[1.9951033,48.9149772],[1.9935809,48.914226],[1.9929235,48.913372],[1.9919216,48.9098941],[1.9901612,48.9070913],[1.9900503,48.9072372],[1.9872675,48.9060265],[1.9821609,48.9042516],[1.9795167,48.9038169],[1.9820509,48.9002679],[1.9830828,48.9004402],[1.9852291,48.8986011],[1.9865206,48.8977994],[1.9856857,48.8972325],[1.989116,48.8950232],[1.9921267,48.8933991],[1.9913234,48.8920314],[1.9974503,48.8910859]]]]}},{"type":"Feature","properties":{"id":"78501","nom":"PORCHEVILLE","created":"2007-04-11","updated":"2025-10-27","code_commune":"78501"},"geometry":{"type":"MultiPolygon","coordinates":[[[[1.7804227,48.9663339],[1.7832716,48.9669801],[1.7853995,48.9678843],[1.7858737,48.9683536],[1.7853325,48.9700781],[1.7853198,48.9707617],[1.7856397,48.9768967],[1.7859101,48.9786788],[1.7849366,48.9787171],[1.7850069,48.9788045],[1.7820637,48.9792836],[1.7773817,48.9806262],[1.7748094,48.9811616],[1.7711797,48.9822876],[1.7750161,48.9875743],[1.7756663,48.988814],[1.7675737,48.9890769],[1.7619973,48.9897532],[1.7603727,48.9868977],[1.7575772,48.9826633],[1.7577498,48.9826162],[1.7569218,48.9820078],[1.7554363,48.9803042],[1.7558504,48.9801063],[1.7535576,48.9768262],[1.7542473,48.9766184],[1.7499159,48.9708511],[1.7535734,48.9697636],[1.7542759,48.9684477],[1.7529401,48.9681846],[1.7520148,48.9677758],[1.7517353,48.9673275],[1.7545882,48.9665291],[1.7562482,48.9663447],[1.757047,48.9664296],[1.758056,48.9668589],[1.7620606,48.9671117],[1.7631086,48.9673298],[1.7655913,48.9667008],[1.7679776,48.9663746],[1.7702042,48.9665371],[1.773817,48.9663818],[1.7788765,48.9664909],[1.7804227,48.9663339]]]]}},{"type":"Feature","properties":{"id":"78502","nom":"PORT-MARLY (LE)","created":"2009-02-11","updated":"2025-10-27","code_commune":"78502"},"geometry":{"type":"MultiPolygon","coordinates":[[[[2.1045239,48.8718052],[2.1053889,48.871959],[2.1065254,48.8728261],[2.1071362,48.8730798],[2.1080299,48.8731158],[2.1093654,48.8727362],[2.1119356,48.8747249],[2.1127283,48.8742846],[2.1129456,48.8746155],[2.1144642,48.8754261],[2.116215,48.8769598],[2.11733,48.8770298],[2.1174863,48.8768819],[2.1198557,48.8781361],[2.1181556,48.8793476],[2.1162699,48.88104],[2.1139241,48.8842574],[2.1112885,48.8869757],[2.1105393,48.8867493],[2.1102617,48.8874358],[2.1082179,48.8896637],[2.1025066,48.8882181],[2.1019805,48.8869222],[2.1010688,48.8854776],[2.1013996,48.8853646],[2.1024032,48.8854029],[2.1029913,48.8846261],[2.1030654,48.8837996],[2.104678,48.8812052],[2.1067511,48.879787],[2.1059209,48.8792509],[2.1055694,48.8785957],[2.1039222,48.8776162],[2.1052923,48.8767666],[2.102294,48.8749373],[2.1016055,48.8739154],[2.1017265,48.8731305],[2.1022519,48.8725164],[2.1033713,48.871975],[2.1045239,48.8718052]]]]}},{"type":"Feature","properties":{"id":"78545","nom":"SAINT-CYR-L ECOLE","created":"2007-04-12","updated":"2025-10-27","code_commune":"78545"},"geometry":{"type":"MultiPolygon","coordinates":[[[[2.0702485,48.7898068],[2.0794871,48.8152591],[2.0798626,48.8158924],[2.0821321,48.817287],[2.0830405,48.8187502],[2.0821259,48.8186731],[2.0810333,48.8188554],[2.0807435,48.8187175],[2.0798961,48.8188027],[2.07828,48.819647],[2.0781573,48.8199077],[2.0752957,48.8212894],[2.0746168,48.8221463],[2.0719131,48.8225409],[2.0706571,48.8230036],[2.0700824,48.8222495],[2.0686658,48.8217837],[2.0688097,48.820293],[2.0645308,48.8192877],[2.0638426,48.8193076],[2.060508,48.8170135],[2.0571634,48.8158858],[2.0567001,48.8154389],[2.0578636,48.8144468],[2.0568162,48.8135977],[2.0579399,48.8131443],[2.0551146,48.8107102],[2.0526263,48.8069155],[2.0509648,48.8054764],[2.0506428,48.8055646],[2.0496478,48.8048239],[2.0492413,48.8039683],[2.0484172,48.8032257],[2.0517679,48.8009361],[2.0500635,48.798343],[2.0531125,48.7979746],[2.0526759,48.7966492],[2.0534145,48.7943306],[2.0637946,48.7917752],[2.0648409,48.7906994],[2.0702485,48.7898068]]]]}},{"type":"Feature","properties":{"id":"78550","nom":"SAINT-GERMAIN-DE-LA-GRANGE","created":"2015-10-26","updated":"2025-10-27","code_commune":"78550"},"geometry":{"type":"MultiPolygon","coordinates":[[[[1.9175909,48.8192263],[1.9179127,48.8218058],[1.918621,48.8215354],[1.919795,48.8215746],[1.9225024,48.8275266],[1.9204788,48.8291457],[1.9199754,48.8302584],[1.9197401,48.8314222],[1.9204611,48.8320463],[1.9209394,48.8319016],[1.9212867,48.8323285],[1.9197962,48.8327525],[1.9219389,48.8344394],[1.9216715,48.8348945],[1.9194038,48.8358104],[1.9176774,48.8359854],[1.9168279,48.8358565],[1.9159995,48.836113],[1.9158047,48.8371789],[1.915637,48.8372676],[1.9149704,48.8372895],[1.9144645,48.8371383],[1.9139497,48.8368629],[1.9138166,48.8364995],[1.912529,48.8363188],[1.9122291,48.8363858],[1.9112049,48.8373976],[1.9103515,48.8379155],[1.9093688,48.837956],[1.9082581,48.8374955],[1.9072848,48.8375527],[1.9067448,48.8379266],[1.9071326,48.8392227],[1.9069883,48.839836],[1.9060633,48.840658],[1.9048785,48.8410548],[1.9035169,48.8407079],[1.9021357,48.839983],[1.9015455,48.8399396],[1.9008095,48.8411106],[1.8995131,48.8422459],[1.8989023,48.8433639],[1.8981311,48.8436613],[1.8968534,48.8435449],[1.8965176,48.8436311],[1.8961402,48.8440349],[1.8958539,48.8454882],[1.8949626,48.8461004],[1.8937634,48.8464166],[1.892985,48.847905],[1.8933114,48.8490691],[1.8931765,48.849848],[1.8928992,48.8500169],[1.8903788,48.850154],[1.8844528,48.8397375],[1.8830088,48.8367014],[1.8822173,48.8346319],[1.8815206,48.8311099],[1.8849869,48.832307],[1.8862067,48.8329528],[1.8872741,48.8332251],[1.8891067,48.833403],[1.8896303,48.8326397],[1.8903186,48.8303938],[1.8917818,48.8282864],[1.8935775,48.8274112],[1.8953726,48.8242405],[1.8979876,48.8226335],[1.8998095,48.8220353],[1.9042464,48.8215668],[1.9066612,48.8209585],[1.9175909,48.8192263]]]]}},{"type":"Feature","properties":{"id":"78551","nom":"SAINT-GERMAIN-EN-LAYE","created":"2008-05-16","updated":"2026-01-23","code_commune":"78551"},"geometry":{"type":"MultiPolygon","coordinates":[[[[2.0468943,48.874657],[2.0508607,48.8770889],[2.0602185,48.8800558],[2.0627167,48.8783907],[2.0677049,48.8812398],[2.0685543,48.8818649],[2.069613,48.8830066],[2.0704643,48.8840312],[2.0702412,48.8842102],[2.0725473,48.8853832],[2.0703438,48.8866804],[2.0751187,48.8872647],[2.0733777,48.8885905],[2.0751397,48.8872763],[2.0786158,48.8877099],[2.078463,48.8874421],[2.0831205,48.8855913],[2.0848279,48.884412],[2.0859478,48.8839116],[2.0883805,48.8846238],[2.0899902,48.8854533],[2.0918051,48.8860756],[2.0941343,48.8861073],[2.0958379,48.8867313],[2.0961481,48.8870259],[2.0975267,48.8869741],[2.0975463,48.8872196],[2.0971739,48.8873843],[2.0969172,48.8877468],[2.0971136,48.8884755],[2.097609,48.8888658],[2.0996258,48.8896153],[2.100253,48.8903125],[2.1002465,48.8911179],[2.0986633,48.8943685],[2.0988892,48.8945437],[2.1000974,48.894363],[2.1006828,48.8945273],[2.101732,48.8965518],[2.1018089,48.8985728],[2.1020297,48.8993379],[2.101019,48.8993312],[2.1009905,48.9005233],[2.1016277,48.9008699],[2.101613,48.9012717],[2.1012121,48.9015075],[2.1092182,48.9179995],[2.1098887,48.9181682],[2.1102965,48.9189212],[2.1087787,48.9213566],[2.1089267,48.9214003],[2.1087263,48.9217162],[2.1093207,48.9218891],[2.1095375,48.9221585],[2.1131511,48.9227585],[2.1130541,48.9230371],[2.114465,48.9232753],[2.1141912,48.9239761],[2.1145803,48.9243432],[2.114282,48.9245024],[2.113971,48.9244452],[2.1135066,48.9249377],[2.1139964,48.9275861],[2.1143285,48.9273806],[2.1140893,48.9276263],[2.1184949,48.9274595],[2.1186683,48.9281645],[2.1201366,48.9290237],[2.1238239,48.9330986],[2.1194441,48.9348414],[2.1211117,48.9354671],[2.1223382,48.9363573],[2.1235926,48.9365393],[2.1202185,48.9368743],[2.1203608,48.9383518],[2.1201224,48.939304],[2.1205203,48.9397052],[2.1206937,48.9403976],[2.1218966,48.9410482],[2.1220515,48.9419304],[2.1225722,48.9423182],[2.1247239,48.9428139],[2.1284032,48.9433602],[2.1283104,48.9438738],[2.1299522,48.9455583],[2.1304004,48.946802],[2.1319905,48.9476963],[2.1323028,48.9493906],[2.1313512,48.9496836],[2.1329196,48.9516362],[2.1352942,48.954078],[2.1336598,48.9551399],[2.1348211,48.9560698],[2.134571,48.9561307],[2.1345118,48.9563488],[2.1350894,48.9566717],[2.1344381,48.9570701],[2.1344796,48.9574632],[2.1350026,48.9575708],[2.1355971,48.9572651],[2.1360216,48.9575601],[2.136401,48.9576053],[2.1365687,48.9574709],[2.1385293,48.9590244],[2.140792,48.9578537],[2.1430321,48.9593474],[2.1465221,48.9652577],[2.1731397,48.9640522],[2.1714693,48.9704132],[2.1700133,48.973877],[2.1681959,48.9754517],[2.164484,48.9778985],[2.158576,48.9809618],[2.1509002,48.9836904],[2.1429231,48.985929],[2.140726,48.986255],[2.1317741,48.9868932],[2.1217306,48.9872821],[2.1143627,48.9861445],[2.1141347,48.98278],[2.1095094,48.9816682],[2.0856878,48.9853433],[2.0846582,48.9851675],[2.0895203,48.9748307],[2.0846229,48.9723659],[2.0769361,48.9679231],[2.0737639,48.9645898],[2.0741898,48.961015],[2.0752364,48.9583814],[2.0764978,48.9531225],[2.0719155,48.9475726],[2.0680729,48.9442204],[2.0658711,48.9434243],[2.0623112,48.94038],[2.0606383,48.937509],[2.0616115,48.9365758],[2.0628806,48.9348257],[2.0636009,48.9342471],[2.0623395,48.933406],[2.0599193,48.9306325],[2.0590062,48.9298809],[2.0570867,48.9288361],[2.0568063,48.9278897],[2.0562575,48.9270907],[2.055989,48.9268614],[2.0556917,48.9269501],[2.054981,48.9263157],[2.055032,48.926049],[2.0547413,48.9257847],[2.0554635,48.9253596],[2.0536199,48.9242972],[2.0528761,48.9236739],[2.0530906,48.9231606],[2.0522187,48.9227201],[2.0510306,48.9230126],[2.0502443,48.923467],[2.0498917,48.9233536],[2.0488705,48.9241718],[2.0485223,48.9239704],[2.0473918,48.9238361],[2.0467081,48.9239532],[2.0457872,48.9238066],[2.0454565,48.9239438],[2.0447857,48.9231331],[2.042534,48.9225376],[2.0430126,48.9213648],[2.0428143,48.920053],[2.0421012,48.9202162],[2.0418257,48.9198602],[2.0420182,48.9188994],[2.0411646,48.9187465],[2.0404346,48.9171149],[2.0397538,48.9170619],[2.0526664,48.9075694],[2.053807,48.9070741],[2.0531996,48.9051234],[2.0549709,48.9043678],[2.0523498,48.8998625],[2.052424,48.899355],[2.0532027,48.8989515],[2.0542384,48.8977593],[2.0541913,48.8976138],[2.0537789,48.8976772],[2.050183,48.8949097],[2.049806,48.8943623],[2.0498848,48.8938242],[2.0496186,48.8929259],[2.0499879,48.8914056],[2.0498075,48.891292],[2.0461661,48.8923885],[2.0372192,48.8775258],[2.0468943,48.874657]]]]}},{"type":"Feature","properties":{"id":"78575","nom":"SAINT-REMY-LES-CHEVREUSE","created":"2015-04-07","updated":"2025-10-27","code_commune":"78575"},"geometry":{"type":"MultiPolygon","coordinates":[[[[2.0800382,48.6846575],[2.08039,48.6857036],[2.0816711,48.6854968],[2.0840875,48.6891175],[2.0879688,48.6930557],[2.0870505,48.6931783],[2.087472,48.6940876],[2.0858082,48.694537],[2.0861397,48.6955892],[2.0867776,48.6964948],[2.0882044,48.6970869],[2.0885048,48.6978574],[2.0889997,48.6982777],[2.090829,48.6989797],[2.0911257,48.6971684],[2.0940446,48.6966168],[2.0941794,48.6949014],[2.097514,48.6942359],[2.0967953,48.6975037],[2.0981987,48.6998236],[2.0958397,48.7003143],[2.0967933,48.7028772],[2.0998612,48.7024422],[2.1007709,48.7028548],[2.1019577,48.7046223],[2.1022809,48.7055098],[2.1102614,48.7148055],[2.1096238,48.7148877],[2.1097561,48.7157932],[2.1074646,48.7176959],[2.1039163,48.7157423],[2.1036369,48.714799],[2.1032947,48.7146731],[2.1000297,48.715322],[2.0960507,48.7173252],[2.0899812,48.719488],[2.0878493,48.7198924],[2.0860826,48.7203728],[2.0852985,48.7207457],[2.0831846,48.7212005],[2.0794749,48.7181718],[2.0768732,48.7163268],[2.0756393,48.7151061],[2.073198,48.7138039],[2.0728021,48.715395],[2.0728554,48.7161665],[2.0722931,48.7174064],[2.0727349,48.7181536],[2.0713149,48.7208786],[2.0717721,48.7225998],[2.0693566,48.7205451],[2.0692377,48.71931],[2.0683471,48.7186165],[2.0684495,48.7180187],[2.0669766,48.7175087],[2.0645712,48.7171093],[2.0647838,48.7165788],[2.0621072,48.7165511],[2.0625954,48.714623],[2.0633869,48.7126658],[2.063306,48.7102487],[2.0627585,48.7090837],[2.0614303,48.7080868],[2.0607567,48.7072361],[2.0588842,48.70629],[2.0603188,48.7063497],[2.0606444,48.7046764],[2.0603976,48.7045447],[2.060535,48.7041042],[2.0594747,48.7042408],[2.0556326,48.7041649],[2.0554393,48.7023611],[2.0560896,48.7016544],[2.0564301,48.7009005],[2.0560365,48.7003178],[2.0558169,48.6986262],[2.0540588,48.6974606],[2.0537356,48.6963563],[2.0587578,48.6876538],[2.0584086,48.6869527],[2.0578897,48.6870243],[2.0555395,48.686649],[2.0553746,48.686323],[2.0583677,48.6864487],[2.0612491,48.6868202],[2.0616251,48.687083],[2.0618459,48.6877976],[2.0623608,48.687373],[2.0635047,48.6870565],[2.0646816,48.6864001],[2.0664993,48.6869017],[2.0659984,48.6876765],[2.0645143,48.6885986],[2.0641567,48.6892877],[2.0646001,48.689305],[2.0669806,48.6887783],[2.0683262,48.6901626],[2.0694012,48.689838],[2.0726122,48.6881564],[2.0737137,48.6879571],[2.0743457,48.6879415],[2.0743965,48.6880896],[2.0746557,48.6879336],[2.0768955,48.6875412],[2.0777573,48.686172],[2.0800382,48.6846575]]]]}},{"type":"Feature","properties":{"id":"78586","nom":"SARTROUVILLE","created":"2003-09-30","updated":"2026-02-26","code_commune":"78586"},"geometry":{"type":"MultiPolygon","coordinates":[[[[2.1609045,48.9203016],[2.1660707,48.9228319],[2.1657035,48.9236375],[2.1666657,48.924942],[2.1667362,48.9256693],[2.1682319,48.9265124],[2.1679565,48.9267263],[2.1705629,48.9286889],[2.1698857,48.9291515],[2.1723252,48.9305006],[2.1742004,48.9325645],[2.1746756,48.9324069],[2.1760319,48.9337098],[2.1764658,48.9334059],[2.1775302,48.934363],[2.1775463,48.9345357],[2.1770754,48.9348972],[2.1848262,48.9371641],[2.1869615,48.9365362],[2.189158,48.936133],[2.1963249,48.9359989],[2.1963184,48.9362386],[2.1975093,48.935861],[2.1981425,48.9358165],[2.1982623,48.9355832],[2.1983972,48.9356443],[2.1989762,48.9352144],[2.2010231,48.9360868],[2.2020933,48.9357158],[2.2016124,48.9378128],[2.2020655,48.9376572],[2.202983,48.9377541],[2.2027854,48.9399662],[2.2052471,48.9400982],[2.2061053,48.9406537],[2.2057448,48.9413883],[2.2052809,48.9414036],[2.2062504,48.9463635],[2.205897,48.9498504],[2.2006271,48.9503388],[2.2003803,48.9497033],[2.197239,48.9499922],[2.1936727,48.9505256],[2.1909628,48.9503458],[2.189703,48.9504306],[2.1901928,48.9517775],[2.1840105,48.9533273],[2.1838941,48.9531802],[2.1835189,48.9532113],[2.1789002,48.9542664],[2.1788041,48.9541668],[2.1779181,48.9545423],[2.1757872,48.9521062],[2.1733439,48.9534908],[2.1688136,48.9505441],[2.1593448,48.9454518],[2.1524443,48.9406903],[2.1506497,48.9398135],[2.1465492,48.9381681],[2.1439935,48.936389],[2.1424606,48.9350775],[2.1525916,48.927897],[2.156766,48.9255922],[2.1566945,48.9244543],[2.156036,48.9232994],[2.1609045,48.9203016]]]]}},{"type":"Feature","properties":{"id":"78609","nom":"TESSANCOURT-SUR-AUBETTE","created":"2015-11-09","updated":"2025-10-27","code_commune":"78609"},"geometry":{"type":"MultiPolygon","coordinates":[[[[1.9081315,49.0110814],[1.9086647,49.011495],[1.9097635,49.0130677],[1.9111999,49.0141799],[1.9122074,49.0147264],[1.9138037,49.0165572],[1.914552,49.0162722],[1.9146489,49.0164958],[1.9147193,49.0162277],[1.915772,49.0163354],[1.9164937,49.0159005],[1.9165487,49.015673],[1.9155001,49.0147413],[1.9180389,49.0155466],[1.9200555,49.0155054],[1.9203593,49.0157987],[1.9209381,49.0156445],[1.9217779,49.0164667],[1.9230983,49.0156682],[1.9240236,49.0159882],[1.9276739,49.0166807],[1.9277306,49.0165585],[1.9290772,49.0168024],[1.9331435,49.0177675],[1.9338588,49.018011],[1.9334691,49.0183462],[1.9355774,49.0198756],[1.938479,49.0206371],[1.9377588,49.0216027],[1.9378142,49.0218182],[1.9374487,49.0220257],[1.9343381,49.0255488],[1.9345369,49.0256579],[1.9333263,49.0267281],[1.9331755,49.0266809],[1.9315092,49.0284147],[1.9304723,49.0289613],[1.9273178,49.0317774],[1.9253828,49.0331309],[1.9235628,49.0350274],[1.9230097,49.0347882],[1.918228,49.0374419],[1.9180013,49.0374284],[1.918408,49.0380157],[1.9165442,49.0395683],[1.9123031,49.0415103],[1.9060059,49.028602],[1.9049411,49.0255699],[1.9067087,49.0187754],[1.9062847,49.014173],[1.9069392,49.013197],[1.906702,49.0125533],[1.9081315,49.0110814]]]]}},{"type":"Feature","properties":{"id":"78621","nom":"TRAPPES","created":"2002-10-18","updated":"2015-10-15","code_commune":"78621"},"geometry":{"type":"MultiPolygon","coordinates":[[[[1.9918409,48.7481217],[1.9925136,48.7483079],[1.9928609,48.7487928],[1.9939003,48.7492388],[1.9973342,48.7528823],[2.0104385,48.7618132],[2.0109,48.7617151],[2.0115416,48.7620491],[2.0082768,48.7633151],[2.0072467,48.7635786],[2.0081268,48.7647546],[2.0086076,48.7657654],[2.0072899,48.7662438],[2.0076823,48.7666334],[2.0073681,48.7668467],[2.0047622,48.7679282],[2.0045154,48.7682231],[2.0076044,48.7676944],[2.0086203,48.7685944],[2.0101838,48.7691815],[2.0142934,48.7715968],[2.0125293,48.7720855],[2.0124595,48.7723414],[2.0132619,48.7728686],[2.0136442,48.7734525],[2.0110259,48.7755812],[2.0143976,48.7764872],[2.0195329,48.7782279],[2.023823,48.7793892],[2.0218923,48.7829376],[2.0238861,48.7836173],[2.0239889,48.7838277],[2.0190009,48.7905859],[2.0172441,48.7908095],[2.0136954,48.7905885],[2.0121715,48.7901525],[2.0102706,48.7903752],[2.0066499,48.7938597],[1.9988845,48.7943907],[1.9994636,48.7974644],[1.9981857,48.7973414],[1.9945344,48.7991859],[1.9925869,48.7988682],[1.9858621,48.7996665],[1.9772517,48.7915375],[1.9776549,48.7910693],[1.9757915,48.788789],[1.972359,48.7898681],[1.971986,48.7895187],[1.9730082,48.7890682],[1.9710854,48.787428],[1.9717304,48.7872079],[1.9692921,48.785079],[1.9706069,48.7844329],[1.970411,48.7842639],[1.9720422,48.7836599],[1.9724095,48.7832958],[1.9709825,48.7821614],[1.9726107,48.7816163],[1.9727019,48.7795622],[1.9738994,48.7781314],[1.9735978,48.7780675],[1.9735909,48.7779284],[1.9738868,48.7775944],[1.9741902,48.7776676],[1.974704,48.7770859],[1.9745963,48.7768013],[1.9749652,48.7761748],[1.9747317,48.7756376],[1.9758609,48.7754375],[1.9769228,48.7750523],[1.9762781,48.7743568],[1.9775839,48.7738191],[1.9776275,48.7731418],[1.9765513,48.7707757],[1.9754949,48.7694124],[1.9709331,48.7655458],[1.9732452,48.7643431],[1.9760421,48.7632502],[1.978643,48.7624435],[1.9802647,48.7622465],[1.9768148,48.7575296],[1.9765795,48.7577003],[1.9734167,48.7538126],[1.9735157,48.7535152],[1.9778809,48.7528531],[1.9801188,48.7528672],[1.9818445,48.7524043],[1.9836222,48.7521757],[1.9852307,48.7514929],[1.9865731,48.7505116],[1.9881645,48.7500306],[1.9911639,48.7482783],[1.9918409,48.7481217]]]]}},{"type":"Feature","properties":{"id":"78624","nom":"TRIEL SUR SEINE","created":"2012-02-09","updated":"2026-01-30","code_commune":"78624"},"geometry":{"type":"MultiPolygon","coordinates":[[[[2.0034382,48.9414313],[2.0119505,48.9424283],[2.0091949,48.9477871],[2.0163607,48.9488998],[2.0150322,48.9505827],[2.0218723,48.9529618],[2.0202426,48.9551878],[2.0237059,48.9568413],[2.0250261,48.9572626],[2.0246158,48.9591703],[2.0283566,48.9590712],[2.0286041,48.9595433],[2.0282444,48.9595497],[2.0284101,48.9608272],[2.0282002,48.960841],[2.0281293,48.9611784],[2.0278644,48.9611686],[2.0277987,48.9616667],[2.0276621,48.9616534],[2.0272588,48.9637719],[2.0266485,48.9651841],[2.0266676,48.9679052],[2.0264064,48.9679198],[2.0265044,48.9702161],[2.0241006,48.9703686],[2.024547,48.9727662],[2.0236551,48.9727774],[2.0237271,48.9743736],[2.0237998,48.9752911],[2.0239691,48.9752886],[2.0240968,48.976303],[2.0245936,48.9774186],[2.0223385,48.9775721],[2.0222683,48.9780727],[2.0227946,48.9781611],[2.0230192,48.9787287],[2.0227817,48.9787676],[2.022912,48.9801505],[2.0232107,48.980819],[2.0230575,48.9808445],[2.0234292,48.9819919],[2.0231882,48.9820342],[2.0234972,48.9829991],[2.0252799,48.982538],[2.0266829,48.9831973],[2.0264691,48.9848176],[2.0238389,48.990282],[2.0202582,48.9939933],[2.0248902,48.9956468],[2.0244144,48.9960116],[2.0236065,48.9979684],[2.021428,48.9989865],[2.0148127,49.0010075],[2.0137801,49.0012058],[2.0128889,49.0016821],[2.0119052,49.0034773],[2.0120089,49.0045505],[2.0095341,49.0063725],[2.0061941,49.0093503],[2.0055618,49.0090569],[2.0061838,49.0093543],[2.0046086,49.0102119],[2.0035585,49.0104485],[2.0001415,49.0084419],[1.9972685,49.0079587],[1.9983275,49.0052938],[1.9920388,49.0028445],[1.988703,49.0004018],[1.9902799,49.0003642],[1.9902934,48.9998088],[1.9894382,48.9991668],[1.989619,48.9989902],[1.9885038,48.9977324],[1.9887985,48.997637],[1.9882932,48.9968955],[1.988584,48.9967696],[1.9879651,48.9962803],[1.9881783,48.9960804],[1.9854135,48.9943339],[1.9848565,48.9935983],[1.9827131,48.992455],[1.9870856,48.9898003],[1.9900345,48.9883184],[1.9882182,48.9869853],[1.9898454,48.9858713],[1.9911308,48.9854302],[1.9919576,48.9849512],[1.9931123,48.9833851],[1.9946118,48.9817942],[1.9951045,48.9808728],[1.9955126,48.9807163],[1.9960872,48.979998],[1.9963255,48.9786525],[1.9962166,48.9778978],[1.9964438,48.9773329],[1.9974423,48.9765818],[1.9978506,48.9751242],[1.9978775,48.9737284],[1.9982271,48.9733357],[1.9983881,48.9726714],[1.9981289,48.9719607],[1.9970106,48.9705486],[1.9957513,48.9673882],[1.9964,48.964867],[1.9960853,48.9624697],[1.9962013,48.961613],[1.9965017,48.9606405],[1.997437,48.9591834],[1.9982924,48.9583871],[1.9992575,48.9579713],[1.999156,48.9574838],[2.0003455,48.9574608],[2.0002575,48.9572046],[2.0006837,48.9571196],[2.002309,48.9571601],[2.0023243,48.9527771],[2.0025547,48.9504406],[2.0021465,48.9471528],[2.0022256,48.9455356],[2.0034382,48.9414313]]]]}},{"type":"Feature","properties":{"id":"78638","nom":"VAUX-SUR-SEINE","created":"2013-05-02","updated":"2025-11-20","code_commune":"78638"},"geometry":{"type":"MultiPolygon","coordinates":[[[[1.9828795,48.9924434],[1.9840775,48.9932698],[1.9848438,48.9935884],[1.985216,48.9942229],[1.9881686,48.9960731],[1.9879591,48.9962732],[1.9886256,48.9968092],[1.9883588,48.9969222],[1.9888561,48.9976324],[1.9885825,48.9977392],[1.9897442,48.9989761],[1.9895243,48.9991647],[1.9903947,48.9998109],[1.9902327,49.0000621],[1.9903822,49.0003394],[1.9888427,49.0003703],[1.9918356,49.0027365],[1.9983837,49.0053355],[1.9972661,49.0079544],[2.0002262,49.0085185],[2.0035033,49.010505],[2.0041961,49.010344],[1.9922569,49.0210017],[1.9887658,49.0204673],[1.9864313,49.0198392],[1.981458,49.0190231],[1.9793594,49.0189205],[1.9740928,49.0194585],[1.9723327,49.0206163],[1.9693126,49.0215609],[1.9667967,49.0226252],[1.9640061,49.0253692],[1.9631281,49.0245213],[1.9616902,49.023755],[1.9612718,49.0232076],[1.9600211,49.0230562],[1.9590942,49.0224133],[1.9567607,49.0218838],[1.9588321,49.0202502],[1.9591228,49.0198085],[1.9559476,49.0194375],[1.9525564,49.0187636],[1.9525736,49.018486],[1.9531415,49.0184157],[1.9531426,49.0181305],[1.9564103,49.017533],[1.956193,49.0167025],[1.9539572,49.0167725],[1.9549477,49.0155028],[1.9547639,49.0143662],[1.9542268,49.0146606],[1.953745,49.0146634],[1.9532618,49.0132888],[1.9527334,49.0133575],[1.952435,49.0119527],[1.9490024,49.0123444],[1.9493029,49.0120079],[1.9494193,49.0111443],[1.9487456,49.0114738],[1.9475098,49.0117748],[1.9455579,49.0120258],[1.945661,49.0112698],[1.9426664,49.0110512],[1.9427523,49.0103753],[1.9409083,49.0104769],[1.9391779,49.0102735],[1.9362927,49.0102332],[1.9371546,49.0062573],[1.9403011,49.0066057],[1.9440055,49.006306],[1.9476256,49.0062652],[1.954561,49.0048918],[1.9582374,49.003846],[1.960705,49.0029718],[1.9662915,49.0006234],[1.969087,48.9992929],[1.9742815,48.9964171],[1.9752431,48.9973143],[1.9761584,48.9966778],[1.9755883,48.9961573],[1.9828795,48.9924434]]]]}},{"type":"Feature","properties":{"id":"78640","nom":"VELIZY VILLACOUBLAY","created":"2006-06-15","updated":"2025-10-27","code_commune":"78640"},"geometry":{"type":"MultiPolygon","coordinates":[[[[2.2099201,48.7691698],[2.2122628,48.7717467],[2.2172958,48.7714533],[2.2208546,48.7709118],[2.2238738,48.7712454],[2.2243082,48.7701946],[2.2261297,48.77019],[2.2292249,48.7704913],[2.2283926,48.7711754],[2.2276507,48.7722981],[2.2273363,48.7740815],[2.2264271,48.7756273],[2.2265725,48.7761024],[2.2253607,48.7764228],[2.224959,48.7766755],[2.2246884,48.7772525],[2.2239926,48.777972],[2.2242246,48.7791165],[2.2239924,48.7801354],[2.2235855,48.7806169],[2.224743,48.7808194],[2.2266223,48.7815889],[2.2233176,48.7859246],[2.221365,48.7858981],[2.2192576,48.7853517],[2.2114796,48.7881149],[2.2089628,48.78759],[2.2071188,48.7852193],[2.2070351,48.7853521],[2.2065319,48.7847332],[2.2062701,48.7848979],[2.2115755,48.7912179],[2.2099275,48.7938504],[2.2072868,48.7948223],[2.2059646,48.7949647],[2.2053571,48.795233],[2.2044097,48.7958566],[2.2047187,48.7965461],[2.2043437,48.7972905],[2.2032301,48.7979091],[2.2026029,48.7984827],[2.1985739,48.7984816],[2.1984385,48.7986566],[2.1964575,48.7975329],[2.1829409,48.7972166],[2.1783967,48.7933738],[2.1728286,48.7920843],[2.1734247,48.79149],[2.1721563,48.7897956],[2.1704922,48.7893268],[2.1699524,48.7881497],[2.1692208,48.7875443],[2.1681691,48.7879679],[2.1668386,48.7875186],[2.1663702,48.7870681],[2.1647884,48.7865446],[2.1643063,48.7859248],[2.1644457,48.7853965],[2.1635751,48.7839264],[2.1617985,48.7822423],[2.1638412,48.7815511],[2.1757657,48.780671],[2.1832942,48.7746989],[2.1864928,48.7750312],[2.1920454,48.7751715],[2.1947294,48.7755116],[2.2011134,48.7757229],[2.2006599,48.7720957],[2.2033941,48.7711037],[2.2052602,48.7696531],[2.206235,48.7699672],[2.2099201,48.7691698]]]]}},{"type":"Feature","properties":{"id":"78642","nom":"VERNEUIL SUR SEINE","created":"2005-10-27","updated":"2025-12-22","code_commune":"78642"},"geometry":{"type":"MultiPolygon","coordinates":[[[[1.9543638,48.9683433],[1.9581252,48.9687569],[1.9591015,48.9687479],[1.9606077,48.9693765],[1.9610865,48.9700782],[1.9644653,48.970412],[1.9661935,48.9702718],[1.9678155,48.9720404],[1.9688014,48.9716278],[1.9701568,48.9728762],[1.9717108,48.9723211],[1.9743494,48.9744975],[1.9755527,48.9739061],[1.9780732,48.9758598],[1.9784426,48.9754028],[1.9790367,48.9759583],[1.9800394,48.9763863],[1.980378,48.976801],[1.9820297,48.9778897],[1.9833118,48.9772698],[1.9858622,48.9794093],[1.9887652,48.9813178],[1.9929033,48.9835808],[1.9919475,48.9849235],[1.9893728,48.9860929],[1.9882214,48.9869763],[1.9892138,48.9877695],[1.9758504,48.995895],[1.975658,48.9957516],[1.9655441,49.0010487],[1.961319,49.0027348],[1.954183,49.0049225],[1.9464269,49.0063118],[1.9454616,49.0015036],[1.9421058,48.9918192],[1.9395411,48.9824622],[1.9387228,48.9807166],[1.9497531,48.9796648],[1.9518607,48.976156],[1.9517081,48.973391],[1.9540168,48.969507],[1.9543638,48.9683433]]]]}},{"type":"Feature","properties":{"id":"78643","nom":"VERNOUILLET","created":"2005-10-24","updated":"2026-01-08","code_commune":"78643"},"geometry":{"type":"MultiPolygon","coordinates":[[[[1.9693584,48.9460623],[1.9705781,48.9480569],[1.9723431,48.9500965],[1.9726597,48.9500726],[1.9725975,48.9497841],[1.9731929,48.9496699],[1.9739272,48.9518359],[1.9745305,48.9518737],[1.9750833,48.952491],[1.9748637,48.952592],[1.9757153,48.9535327],[1.9755869,48.9535828],[1.9764884,48.9545419],[1.9767309,48.9544068],[1.9773061,48.9549752],[1.9752894,48.956477],[1.9796727,48.9590509],[1.9797237,48.9584324],[1.980417,48.9588138],[1.9805513,48.9586963],[1.9818477,48.9596742],[1.9875799,48.9624401],[1.9876921,48.9623697],[1.9893795,48.9635253],[1.9916615,48.9656778],[1.9918514,48.9655206],[1.9938164,48.9660976],[1.9936366,48.9666185],[1.9958562,48.9670538],[1.9958217,48.967613],[1.9970398,48.9706],[1.9981116,48.9718926],[1.9984154,48.9726657],[1.9981824,48.9734246],[1.9978812,48.9737363],[1.9978736,48.9751854],[1.9974342,48.9765767],[1.9968711,48.9769058],[1.9962441,48.9778161],[1.9959553,48.9779355],[1.9962636,48.9779624],[1.9963306,48.9783954],[1.9961062,48.9799684],[1.9954965,48.9807163],[1.9951346,48.9808419],[1.9946544,48.9817376],[1.9929248,48.9836447],[1.9888979,48.981386],[1.986821,48.9800255],[1.9833071,48.9772719],[1.9820311,48.9778979],[1.9803738,48.9768042],[1.9800296,48.9763866],[1.9790486,48.975958],[1.9784375,48.9753583],[1.9780581,48.975865],[1.9755344,48.9738807],[1.9743354,48.9744826],[1.9717442,48.9723127],[1.9701593,48.9728771],[1.9688068,48.9716242],[1.9678143,48.9720463],[1.9662211,48.9702717],[1.9641745,48.9704022],[1.9611083,48.9700729],[1.9605756,48.9693751],[1.9590979,48.968728],[1.9581312,48.9687616],[1.9543457,48.9683512],[1.9542215,48.9691221],[1.953756,48.9699897],[1.9520198,48.9696365],[1.951219,48.9692874],[1.951608,48.9663766],[1.9515652,48.9633586],[1.9517908,48.9621555],[1.9541187,48.9589271],[1.9550319,48.9586017],[1.9554832,48.9580667],[1.9557453,48.957456],[1.9558079,48.9555348],[1.9568133,48.9537372],[1.9576711,48.9530198],[1.9599315,48.9518207],[1.9649322,48.9477653],[1.9663314,48.9471282],[1.9677872,48.9469493],[1.9693584,48.9460623]]]]}},{"type":"Feature","properties":{"id":"78644","nom":"VERRIERE (LA)","created":"2003-04-07","updated":"2025-10-27","code_commune":"78644"},"geometry":{"type":"MultiPolygon","coordinates":[[[[1.9538444,48.746134],[1.9572207,48.7491687],[1.9593759,48.7480191],[1.9607815,48.7491056],[1.9603352,48.7496455],[1.9595927,48.7501086],[1.9594258,48.75036],[1.9597836,48.7505966],[1.9579405,48.7519857],[1.9570543,48.7524794],[1.9556564,48.7529342],[1.9561722,48.7555194],[1.9568935,48.7560679],[1.9570751,48.7569361],[1.9588059,48.7558848],[1.9605035,48.7567911],[1.9621074,48.7569859],[1.964152,48.7568711],[1.9658152,48.7564717],[1.9659469,48.7566348],[1.9667893,48.756635],[1.9668212,48.7568595],[1.9671253,48.7569496],[1.9676099,48.7566665],[1.9677983,48.7559917],[1.9679985,48.7560046],[1.9666953,48.7630458],[1.9604765,48.7607491],[1.9537601,48.7598096],[1.943916,48.7577969],[1.9412265,48.7571051],[1.9403558,48.7567724],[1.9420476,48.7555835],[1.9414044,48.7551932],[1.9415976,48.7549229],[1.9427243,48.7551824],[1.9428915,48.7550875],[1.9369066,48.7529458],[1.9329529,48.7511081],[1.9342309,48.7504319],[1.9358698,48.7491886],[1.9372668,48.7484732],[1.9370533,48.7481831],[1.9402694,48.7469051],[1.9440103,48.7467995],[1.947477,48.7509912],[1.9483764,48.7504728],[1.9515595,48.7471785],[1.9538444,48.746134]]]]}},{"type":"Feature","properties":{"id":"78646","nom":"VERSAILLES","created":"2002-04-18","updated":"2026-02-04","code_commune":"78646"},"geometry":{"type":"MultiPolygon","coordinates":[[[[2.1154665,48.7792079],[2.1177179,48.7806157],[2.1244796,48.7799341],[2.1285611,48.7830544],[2.1329228,48.7877596],[2.1332249,48.7876364],[2.1332804,48.787787],[2.1335305,48.7877578],[2.1338362,48.788539],[2.1357328,48.7899395],[2.1357982,48.7904037],[2.1390032,48.7885086],[2.1407309,48.7929926],[2.1460029,48.7913785],[2.1468335,48.790766],[2.1478015,48.7896315],[2.1482197,48.787373],[2.1511893,48.7868993],[2.1584483,48.7836014],[2.1618259,48.7822415],[2.1635288,48.7838382],[2.164434,48.7852846],[2.1643742,48.7858957],[2.1648792,48.7866093],[2.1664775,48.78715],[2.1668927,48.7875362],[2.16828,48.7879538],[2.1683609,48.7883162],[2.1676989,48.7891059],[2.1674789,48.7897196],[2.1676601,48.7902847],[2.1683897,48.7910932],[2.1667554,48.7917568],[2.1663585,48.7923713],[2.1655339,48.792921],[2.1647259,48.7937579],[2.1639111,48.7941584],[2.1636661,48.796277],[2.1620349,48.7987385],[2.159294,48.7986621],[2.1589655,48.7989751],[2.1592368,48.799422],[2.1637769,48.8039337],[2.1624036,48.8050246],[2.1617789,48.8056848],[2.1620383,48.8058117],[2.1617592,48.8060866],[2.1615088,48.8059791],[2.1605394,48.8072145],[2.1590124,48.8085475],[2.1587464,48.8094456],[2.1580845,48.8101238],[2.1605453,48.8116055],[2.1614264,48.8127391],[2.1543706,48.8160255],[2.1531303,48.8161863],[2.1515076,48.8170731],[2.1508126,48.8179888],[2.150691,48.8189491],[2.1499569,48.8190541],[2.1503739,48.8190519],[2.1514761,48.8213173],[2.1483644,48.8285576],[2.1471773,48.8282374],[2.1443997,48.8269606],[2.1429322,48.8257165],[2.1400556,48.8242154],[2.1378996,48.8210582],[2.1377925,48.8191288],[2.1367577,48.8183931],[2.1359609,48.8139918],[2.1295272,48.8150142],[2.129382,48.8155108],[2.1295509,48.8157923],[2.1290433,48.8159053],[2.1288774,48.8156242],[2.1284998,48.8155329],[2.1156951,48.8202704],[2.1140886,48.8206411],[2.1144824,48.8208071],[2.112611,48.8286268],[2.1066366,48.8266713],[2.1054119,48.8259134],[2.1040735,48.8243659],[2.1022519,48.8234936],[2.0957456,48.8254542],[2.092359,48.8234121],[2.089134,48.8264614],[2.0886894,48.8262488],[2.0888591,48.8260798],[2.0845596,48.8206801],[2.0839088,48.8206866],[2.083865,48.8197633],[2.0827936,48.8184396],[2.0822308,48.8173471],[2.0798622,48.8158924],[2.0791357,48.814354],[2.0745678,48.8014879],[2.0743849,48.8010262],[2.0740891,48.801074],[2.0740289,48.8009437],[2.0741565,48.8004734],[2.0700007,48.7891308],[2.0743778,48.7886849],[2.0767004,48.7888478],[2.0777575,48.7893001],[2.0829898,48.7885553],[2.0842905,48.7846742],[2.0916438,48.78229],[2.1014567,48.7805785],[2.1032267,48.780084],[2.1057196,48.7807375],[2.1065899,48.7794979],[2.1111256,48.7805827],[2.1123475,48.7806305],[2.1154665,48.7792079]]]]}},{"type":"Feature","properties":{"id":"78647","nom":"VERT","created":"2006-04-11","updated":"2025-10-27","code_commune":"78647"},"geometry":{"type":"MultiPolygon","coordinates":[[[[1.6601743,48.9325519],[1.6631975,48.9332756],[1.6642242,48.9333785],[1.6661742,48.9331255],[1.6710538,48.9338549],[1.6719397,48.9338182],[1.6728811,48.9335488],[1.6729592,48.9337702],[1.6737467,48.9333161],[1.6742057,48.9333396],[1.676591,48.9337558],[1.680309,48.9353239],[1.680883,48.9344019],[1.6816366,48.9346072],[1.6817132,48.9344497],[1.6819552,48.9344917],[1.6820834,48.9348126],[1.6832707,48.9356209],[1.6833235,48.9352831],[1.6848912,48.9352706],[1.6880624,48.9354393],[1.687999,48.9356914],[1.690283,48.9355335],[1.6903593,48.9358331],[1.6909537,48.9357318],[1.6916157,48.9352521],[1.6925096,48.9357106],[1.6928843,48.9357498],[1.6931158,48.934812],[1.6943637,48.934747],[1.6945824,48.9360276],[1.6956455,48.9359296],[1.6956506,48.9354468],[1.6962933,48.9354208],[1.6962762,48.9357966],[1.6969241,48.9356932],[1.6969108,48.9353244],[1.70024,48.9347355],[1.7006356,48.9345305],[1.7027233,48.935706],[1.7031746,48.9369836],[1.7025482,48.9371456],[1.7029555,48.9379524],[1.7025967,48.9380515],[1.702778,48.938343],[1.7017322,48.9387111],[1.7021011,48.9389817],[1.7021888,48.939601],[1.7029777,48.9404992],[1.7054055,48.9424235],[1.7040135,48.9433277],[1.7028641,48.9437143],[1.7015846,48.9435244],[1.6982896,48.9424791],[1.6987272,48.9436405],[1.6975937,48.9438412],[1.6976461,48.9440767],[1.6934484,48.9454304],[1.6942789,48.9470809],[1.6919208,48.9480672],[1.6948793,48.9523349],[1.6907823,48.9531385],[1.6902575,48.9521569],[1.6892327,48.9509768],[1.6886667,48.9494411],[1.6854374,48.9460542],[1.6846402,48.9466558],[1.6845684,48.9465631],[1.6830412,48.9483895],[1.6791202,48.9464389],[1.6794057,48.9458979],[1.6784476,48.9459665],[1.6783414,48.9455516],[1.6766834,48.945752],[1.6729675,48.9451871],[1.6713223,48.945223],[1.6684072,48.9444047],[1.6679488,48.9421664],[1.6657182,48.9414053],[1.6612044,48.9354559],[1.6607899,48.9352629],[1.6603244,48.9355017],[1.6597947,48.9353998],[1.65954,48.934018],[1.6598188,48.9328164],[1.6604552,48.9328607],[1.6601743,48.9325519]]]]}},{"type":"Feature","properties":{"id":"78650","nom":"VESINET (LE)","created":"2008-07-02","updated":"2025-10-27","code_commune":"78650"},"geometry":{"type":"MultiPolygon","coordinates":[[[[2.1300144,48.8758888],[2.1349193,48.8853724],[2.1448996,48.8833853],[2.1460962,48.8864193],[2.1462469,48.8863766],[2.1479176,48.888219],[2.1435277,48.8890225],[2.1433996,48.8920442],[2.1438277,48.8922],[2.1435817,48.8922475],[2.1435951,48.8923814],[2.1500511,48.8911639],[2.1504483,48.8916972],[2.1486379,48.8932189],[2.1452284,48.8926393],[2.136117,48.9063082],[2.133846,48.9095759],[2.1336171,48.9095965],[2.1313996,48.9059532],[2.131527,48.9058013],[2.1258308,48.9076043],[2.1178276,48.9012177],[2.1159081,48.9019864],[2.1145702,48.9022876],[2.1136209,48.8991311],[2.1127243,48.8989828],[2.1121723,48.8984896],[2.111974,48.8980461],[2.1121056,48.8974784],[2.1125973,48.8970713],[2.1132186,48.8968643],[2.1138389,48.8968475],[2.1148551,48.8971604],[2.1169093,48.8955698],[2.1167316,48.8954725],[2.1199766,48.8849987],[2.1300144,48.8758888]]]]}},{"type":"Feature","properties":{"id":"78672","nom":"VILLENNES-SUR-SEINE","created":"2016-05-18","updated":"2025-12-05","code_commune":"78672"},"geometry":{"type":"MultiPolygon","coordinates":[[[[2.0104095,48.9202625],[2.0117417,48.92144],[2.0135453,48.9215927],[2.0168994,48.9227631],[2.0166296,48.9253819],[2.0167414,48.927684],[2.0162658,48.9278587],[2.0163863,48.9285503],[2.0109548,48.9298441],[2.0095647,48.9304072],[2.0081364,48.9315433],[2.0068234,48.9320605],[2.0071149,48.9327185],[2.0070526,48.9334703],[2.0085412,48.9345866],[2.0059293,48.9368925],[2.0036533,48.9406269],[2.0021925,48.9459515],[2.0021362,48.9471353],[2.002558,48.950418],[2.0024013,48.9541524],[2.0010877,48.9541211],[2.0009143,48.9538625],[2.0010725,48.9513684],[1.9990752,48.9513348],[1.9989096,48.9493948],[1.998456,48.9493557],[1.9992389,48.9468426],[1.9984555,48.9493549],[1.997247,48.9492873],[1.9972338,48.9490938],[1.9962856,48.9489766],[1.9939295,48.9489282],[1.9937631,48.947976],[1.9928667,48.9479],[1.9928333,48.9485214],[1.9913768,48.9483123],[1.9905885,48.9467694],[1.9888256,48.9471009],[1.9889626,48.9473903],[1.9883115,48.9475109],[1.9886096,48.9483308],[1.9863041,48.9495085],[1.9852653,48.9487407],[1.9842545,48.9489694],[1.982947,48.9483126],[1.9819955,48.9492548],[1.9815174,48.9494617],[1.9801831,48.94963],[1.980041,48.9483667],[1.9782923,48.9459512],[1.9781023,48.9436768],[1.9783881,48.9436878],[1.9780732,48.9434615],[1.9782295,48.9424803],[1.978012,48.9406841],[1.9792026,48.9387426],[1.9821084,48.9363587],[1.9828333,48.9354776],[1.9831422,48.9344177],[1.9836986,48.9339836],[1.9824755,48.9310899],[1.9822806,48.9288548],[1.9835151,48.928633],[1.9872437,48.9284378],[1.9922085,48.9284283],[1.9966364,48.9287111],[1.9992895,48.9282613],[2.0000103,48.9278797],[2.0009746,48.9266608],[2.0024995,48.9259731],[2.0034007,48.9253522],[2.0052636,48.9234654],[2.0085312,48.9209774],[2.0104095,48.9202625]]]]}},{"type":"Feature","properties":{"id":"78674","nom":"VILLEPREUX","created":"2003-01-28","updated":"2024-02-19","code_commune":"78674"},"geometry":{"type":"MultiPolygon","coordinates":[[[[2.0236959,48.8111604],[2.0264812,48.8131676],[2.0276018,48.8163335],[2.0284644,48.817085],[2.0317959,48.8222227],[2.0324211,48.8229486],[2.032869,48.8231419],[2.0339104,48.8249171],[2.0350455,48.8259935],[2.0309924,48.8282161],[2.0309137,48.828595],[2.0303532,48.8292633],[2.0304337,48.8307292],[2.0310105,48.8313341],[2.0327332,48.8353511],[2.0318889,48.8353234],[2.0318411,48.8367595],[2.0368841,48.8369904],[2.0367681,48.8396172],[2.0361978,48.8396083],[2.0387473,48.8414211],[2.0417076,48.8430292],[2.0416312,48.8433282],[2.0411147,48.8440969],[2.0393817,48.8438913],[2.0380579,48.8434329],[2.0372204,48.8441288],[2.0351831,48.8446218],[2.0360995,48.8463088],[2.0344315,48.8450377],[2.030759,48.8434856],[2.0283822,48.8427656],[2.0227577,48.841756],[2.0208602,48.844589],[2.0206182,48.8445515],[2.018914,48.84669],[2.0168537,48.845787],[2.0166946,48.8461381],[2.0169431,48.846785],[2.0166295,48.84735],[2.0166516,48.8486603],[2.0168345,48.8487171],[2.0169357,48.8501899],[2.010779,48.8477753],[2.0084131,48.8483412],[2.0055695,48.8493025],[2.0039312,48.8485486],[2.0029901,48.8475131],[2.0031444,48.8464947],[2.002759,48.8454331],[2.0016602,48.8439716],[2.0011573,48.843685],[1.9946163,48.8424538],[1.9847098,48.8391338],[1.9843491,48.8384561],[1.9840977,48.8372045],[1.9836183,48.8328562],[1.9879509,48.8309672],[1.994451,48.8290048],[1.9935137,48.8286422],[1.9961205,48.8272837],[1.9984155,48.8268248],[1.9969285,48.8243307],[1.9945924,48.8212843],[1.9995262,48.8199492],[1.9986588,48.8183561],[1.9999723,48.8180263],[1.9990051,48.8163915],[2.0004638,48.8161678],[2.0000598,48.8137469],[2.0023095,48.8142419],[2.0074144,48.8129321],[2.0125278,48.815007],[2.0125733,48.8152106],[2.0191716,48.8127006],[2.0208471,48.8115247],[2.0216718,48.8114337],[2.0220759,48.8119588],[2.0226889,48.8118532],[2.0228811,48.8115043],[2.0236959,48.8111604]]]]}},{"type":"Feature","properties":{"id":"78683","nom":"VILLIERS-SAINT-FREDERIC","created":"2014-06-24","updated":"2025-10-27","code_commune":"78683"},"geometry":{"type":"MultiPolygon","coordinates":[[[[1.8939274,48.8050906],[1.894024,48.8058899],[1.8935542,48.8075543],[1.8939251,48.8087629],[1.8887994,48.8090029],[1.8876356,48.8092528],[1.8874125,48.8105829],[1.8902381,48.8106123],[1.8921589,48.8109442],[1.8919305,48.8125633],[1.8922997,48.8125259],[1.893224,48.8132764],[1.8961023,48.8146259],[1.8971886,48.8148644],[1.8977502,48.8151586],[1.8983059,48.8146398],[1.8980617,48.8161876],[1.8981634,48.8168145],[1.9013393,48.8218882],[1.9003636,48.8219075],[1.8982507,48.8224751],[1.8954024,48.8242641],[1.894807,48.8249829],[1.8936315,48.8273642],[1.8923405,48.8279223],[1.891516,48.828623],[1.890314,48.8304044],[1.8896322,48.8326264],[1.8891068,48.8334022],[1.8864335,48.8330261],[1.8838829,48.8318967],[1.8815069,48.8311254],[1.8821996,48.834632],[1.8759105,48.8351257],[1.8752899,48.8348855],[1.874846,48.8344013],[1.8744715,48.8335596],[1.8744699,48.8328642],[1.8738662,48.8319627],[1.8740443,48.8312424],[1.8727605,48.8302305],[1.8725475,48.8298125],[1.8726815,48.8295868],[1.8717293,48.8288344],[1.8713107,48.8279414],[1.8711573,48.8269646],[1.8708613,48.826642],[1.8704433,48.8266061],[1.8678185,48.8251547],[1.8669448,48.8244463],[1.8662058,48.8241963],[1.8654978,48.8241883],[1.8657383,48.8239218],[1.8655319,48.8236137],[1.8660642,48.8231863],[1.866097,48.8229517],[1.8657439,48.8225684],[1.8651551,48.8224415],[1.8649057,48.8222155],[1.8646342,48.8223047],[1.8644339,48.8221752],[1.8661327,48.8209287],[1.8683579,48.8207991],[1.8693283,48.8203226],[1.8704576,48.8200965],[1.8707142,48.8198111],[1.870285,48.8197006],[1.8708962,48.8191925],[1.8705194,48.8185394],[1.8698536,48.8183642],[1.8702704,48.8182629],[1.8704927,48.8178148],[1.8697003,48.8166558],[1.8700321,48.8165374],[1.8700041,48.8163899],[1.8696492,48.8160494],[1.86742,48.8154748],[1.8665738,48.8143674],[1.8667855,48.8142749],[1.8664679,48.8134249],[1.8670972,48.8136082],[1.8679653,48.813151],[1.8681756,48.8128736],[1.8685875,48.8128201],[1.8682544,48.8121967],[1.8694928,48.8119662],[1.8738181,48.8118152],[1.8761159,48.8108685],[1.8786086,48.8090943],[1.8800964,48.8094401],[1.8805612,48.8093146],[1.8813649,48.8093855],[1.885042,48.805156],[1.8868311,48.8057728],[1.8893667,48.8059296],[1.8898271,48.8066569],[1.8931635,48.8052736],[1.8939274,48.8050906]]]]}},{"type":"Feature","properties":{"id":"78686","nom":"VIROFLAY","created":"2007-06-05","updated":"2026-01-22","code_commune":"78686"},"geometry":{"type":"MultiPolygon","coordinates":[[[[2.1693253,48.7875392],[2.1702485,48.7893926],[2.1721233,48.7898429],[2.1734451,48.7914893],[2.1728417,48.7920909],[2.1785551,48.7932183],[2.1869713,48.8007115],[2.1854175,48.8010535],[2.1819648,48.8006304],[2.1803397,48.8047902],[2.1830598,48.8052686],[2.181915,48.8061851],[2.1820498,48.8062395],[2.180446,48.808086],[2.1785571,48.8096068],[2.1781663,48.8094536],[2.1774126,48.8099167],[2.1773626,48.8102341],[2.1763578,48.8109564],[2.1765884,48.8116216],[2.1759157,48.811893],[2.1758487,48.8126072],[2.1767862,48.8139814],[2.1748286,48.8151203],[2.1693049,48.8159382],[2.1674329,48.8128613],[2.1665874,48.8123041],[2.1628912,48.8124128],[2.1614267,48.8127391],[2.160598,48.8116465],[2.1584816,48.8102694],[2.158876,48.8098829],[2.1582841,48.8102347],[2.1580672,48.8101155],[2.158738,48.8094416],[2.1590119,48.8085475],[2.1605397,48.8072145],[2.1615091,48.805979],[2.1617588,48.8060865],[2.162038,48.8058116],[2.1617791,48.8056848],[2.1620807,48.8052858],[2.163777,48.8039336],[2.1588792,48.7990531],[2.1592938,48.7986621],[2.1620349,48.7987385],[2.163648,48.7961616],[2.1638556,48.7941368],[2.1646353,48.7937694],[2.1663184,48.7923057],[2.1668233,48.7916132],[2.1683203,48.7911038],[2.1675573,48.7900719],[2.1675322,48.7893923],[2.168328,48.788366],[2.1682045,48.7879588],[2.1693253,48.7875392]]]]}},{"type":"Feature","properties":{"id":"78688","nom":"VOISINS-LE-BRETONNEUX","created":"2008-05-13","updated":"2022-09-12","code_commune":"78688"},"geometry":{"type":"MultiPolygon","coordinates":[[[[2.0445875,48.7502172],[2.0449959,48.7515448],[2.0488913,48.7511068],[2.0496496,48.752167],[2.0507651,48.7520697],[2.0539924,48.7525064],[2.057826,48.7521509],[2.0576068,48.7517878],[2.0577731,48.7517096],[2.0593512,48.751433],[2.0605939,48.7509426],[2.0619945,48.7528327],[2.0636316,48.7523638],[2.0646166,48.7538703],[2.0659189,48.7534319],[2.0684346,48.7567063],[2.0662138,48.7572746],[2.0633339,48.7575588],[2.0642154,48.7601341],[2.0635245,48.7603117],[2.0632386,48.7611514],[2.0618079,48.761529],[2.0609555,48.7624811],[2.0628673,48.7637892],[2.0506267,48.76888],[2.050379,48.7691959],[2.0497601,48.7694395],[2.0494957,48.7694085],[2.0457773,48.7655017],[2.0428512,48.7667248],[2.0423704,48.7662395],[2.0419627,48.7663496],[2.0408801,48.765212],[2.0404487,48.7654446],[2.039824,48.7647821],[2.0403515,48.7645599],[2.0397833,48.7639535],[2.0391652,48.764083],[2.039017,48.7639406],[2.0376472,48.7616538],[2.0349832,48.7618138],[2.0348959,48.7611335],[2.0327553,48.7612686],[2.0326552,48.7605599],[2.0293695,48.7607569],[2.0285328,48.7598939],[2.0283868,48.7601318],[2.027193,48.7602032],[2.0271039,48.7594022],[2.0259488,48.7577056],[2.0255918,48.7559774],[2.0258363,48.7558086],[2.0275385,48.7557956],[2.0304996,48.7560735],[2.0318168,48.7556088],[2.0331738,48.7547803],[2.0346174,48.7546448],[2.0367885,48.7541895],[2.0367095,48.7540751],[2.0375491,48.7538305],[2.0384725,48.7542454],[2.0401766,48.7540079],[2.0411439,48.7542388],[2.0405233,48.7535658],[2.0413935,48.7532748],[2.0412942,48.75177],[2.041639,48.7515036],[2.0419394,48.7505099],[2.0445875,48.7502172]]]]}},{"type":"Feature","properties":{"id":"91021","nom":"ARPAJON","created":"2005-03-22","updated":"2026-05-29","code_commune":"91021"},"geometry":{"type":"MultiPolygon","coordinates":[[[[2.2403402,48.5752183],[2.2409439,48.5780408],[2.2423628,48.579239],[2.2469421,48.5807588],[2.2480459,48.5811885],[2.2486851,48.5816685],[2.2490006,48.5826379],[2.2488315,48.5849805],[2.2519712,48.5857111],[2.2518637,48.5858785],[2.2528252,48.5862669],[2.2517845,48.587354],[2.2552904,48.5880495],[2.2547684,48.5890602],[2.2553424,48.5889743],[2.2575298,48.5890806],[2.2572078,48.5897384],[2.2583273,48.5905364],[2.257669,48.5915044],[2.2532284,48.5904833],[2.2526161,48.5918866],[2.250905,48.5914704],[2.2502362,48.5935654],[2.2518759,48.5941776],[2.2506186,48.5951506],[2.2506343,48.5953447],[2.24918,48.5959699],[2.2494809,48.596418],[2.247816,48.5970561],[2.2459388,48.5970608],[2.2455312,48.5987749],[2.2462594,48.6000037],[2.2456722,48.6008361],[2.2454237,48.6016378],[2.2447943,48.6013546],[2.2427745,48.6036314],[2.240894,48.6033169],[2.2409082,48.602926],[2.2399036,48.6027944],[2.2403295,48.6010518],[2.2387403,48.5997545],[2.2379275,48.599861],[2.236977,48.5995943],[2.2345079,48.5981575],[2.2362167,48.5972248],[2.2369555,48.5960957],[2.2382297,48.5911613],[2.239853,48.5910437],[2.2398577,48.5909188],[2.2393423,48.5908041],[2.237894,48.5907169],[2.2354354,48.590204],[2.234296,48.5895682],[2.2355685,48.5886264],[2.2347544,48.587575],[2.2341942,48.5863108],[2.2359273,48.5865619],[2.2370107,48.5865168],[2.2372346,48.5852549],[2.2377451,48.5841318],[2.2374607,48.5840311],[2.2384957,48.5830538],[2.238992,48.5805046],[2.239998,48.5809971],[2.2401167,48.5804296],[2.2393175,48.5800457],[2.241027,48.5784638],[2.2404376,48.5778122],[2.2385303,48.5764625],[2.238352,48.5765195],[2.2380599,48.5761406],[2.2403402,48.5752183]]]]}},{"type":"Feature","properties":{"id":"91027","nom":"ATHIS MONS","created":"2004-07-12","updated":"2026-06-09","code_commune":"91027"},"geometry":{"type":"MultiPolygon","coordinates":[[[[2.3872499,48.6927898],[2.3899206,48.6918417],[2.3914633,48.6934608],[2.3971962,48.6986048],[2.4005262,48.7019963],[2.4018917,48.7041222],[2.4043823,48.7105346],[2.4059073,48.712955],[2.4081354,48.7146088],[2.4143803,48.7178401],[2.4132556,48.7186733],[2.4149226,48.7199676],[2.4157787,48.7208927],[2.4133594,48.7215602],[2.413419,48.7220674],[2.412974,48.7218916],[2.4122657,48.721914],[2.4120473,48.7214977],[2.4106875,48.7219969],[2.4111576,48.7229602],[2.4108523,48.7260694],[2.4085949,48.7259488],[2.4063248,48.7260105],[2.4040952,48.7261851],[2.4041909,48.7264499],[2.4017125,48.7265888],[2.4010803,48.7245866],[2.3990243,48.7248284],[2.3972618,48.7211839],[2.3914202,48.722739],[2.3895608,48.7205787],[2.3885949,48.7210527],[2.3880742,48.7203831],[2.3862644,48.7209569],[2.3849839,48.7188718],[2.3826082,48.7196151],[2.3771763,48.7205501],[2.3764288,48.7194621],[2.3708371,48.7201387],[2.3708794,48.7178156],[2.368226,48.7182512],[2.3677742,48.7175193],[2.367528,48.7169215],[2.3674595,48.7139626],[2.3711188,48.713634],[2.3714584,48.7075373],[2.3678522,48.7077861],[2.3673333,48.7057832],[2.356319,48.7055899],[2.3538057,48.7017414],[2.3618569,48.6989138],[2.3682201,48.6972377],[2.3693022,48.6967327],[2.3721188,48.698201],[2.3770658,48.6970585],[2.3773238,48.6974688],[2.3777481,48.6973751],[2.3776212,48.6971259],[2.379255,48.6967201],[2.3791819,48.6965672],[2.3797945,48.6964403],[2.3796143,48.6960251],[2.3813574,48.6957196],[2.3808339,48.6941037],[2.381392,48.6932567],[2.3814085,48.6927092],[2.3812051,48.6927505],[2.3811387,48.692631],[2.3815845,48.6925435],[2.3814419,48.6922584],[2.3820823,48.6920546],[2.3868027,48.6923826],[2.3872499,48.6927898]]]]}},{"type":"Feature","properties":{"id":"91044","nom":"BALLAINVILLIERS","created":"2003-01-13","updated":"2024-04-08","code_commune":"91044"},"geometry":{"type":"MultiPolygon","coordinates":[[[[2.2913916,48.6575992],[2.293038,48.6603678],[2.2938447,48.6643342],[2.2946695,48.6653876],[2.2960064,48.6649246],[2.3002786,48.6698097],[2.3005401,48.6703336],[2.2996968,48.6721139],[2.2996263,48.6730992],[2.3020116,48.6722678],[2.3060339,48.6778339],[2.3048452,48.6786306],[2.3039341,48.6787587],[2.3028256,48.6786898],[2.3024385,48.6784309],[2.3020295,48.6785794],[2.301853,48.6785107],[2.3014584,48.6788193],[2.3007324,48.6786928],[2.2999914,48.6788998],[2.2995316,48.6787259],[2.2993291,48.6791095],[2.2994446,48.6798052],[2.3000244,48.6806558],[2.2964203,48.6822788],[2.2952492,48.6813366],[2.2924888,48.6834061],[2.2921903,48.6832194],[2.2895458,48.6851051],[2.2889623,48.6841594],[2.2860761,48.6861192],[2.2856676,48.6851454],[2.282985,48.6832648],[2.2809052,48.6806211],[2.2810958,48.6805514],[2.2802847,48.6779377],[2.279342,48.6735084],[2.2791041,48.6735079],[2.2783861,48.6709999],[2.2770641,48.6709419],[2.2769989,48.6702129],[2.2787238,48.6701974],[2.2800171,48.670424],[2.276073,48.6604343],[2.2826741,48.6594689],[2.2885686,48.6576428],[2.2913916,48.6575992]]]]}},{"type":"Feature","properties":{"id":"91064","nom":"BIEVRES","created":"2007-05-21","updated":"2026-01-07","code_commune":"91064"},"geometry":{"type":"MultiPolygon","coordinates":[[[[2.2040668,48.736954],[2.204078,48.7375349],[2.2057854,48.7378005],[2.2104334,48.7406891],[2.2102359,48.7407113],[2.210932,48.7412287],[2.211644,48.7422465],[2.2105762,48.7432913],[2.2183085,48.7456101],[2.2207337,48.7471754],[2.2224088,48.7487182],[2.2263718,48.7501393],[2.2253662,48.7511433],[2.2244319,48.7511659],[2.2252067,48.7521458],[2.2243216,48.754611],[2.2236088,48.7553854],[2.2240445,48.7563889],[2.2236894,48.7569194],[2.2236473,48.7573739],[2.2241969,48.7591764],[2.2249224,48.7600935],[2.225067,48.7600312],[2.2258722,48.7606704],[2.2257499,48.7608021],[2.227785,48.7622513],[2.2296527,48.7631831],[2.230307,48.7640943],[2.2325537,48.7654645],[2.2330277,48.766146],[2.2327946,48.7661978],[2.2327529,48.7678414],[2.2331519,48.7692003],[2.2327383,48.7700894],[2.2319225,48.7709392],[2.2309221,48.7711606],[2.2305224,48.7714024],[2.2303387,48.7722811],[2.2307469,48.7733321],[2.2303972,48.7739423],[2.2287226,48.7745105],[2.2279637,48.775608],[2.2270997,48.7761483],[2.2265309,48.7760759],[2.2264415,48.7756677],[2.2273386,48.7741308],[2.227693,48.7722331],[2.2283593,48.7712532],[2.2292354,48.7704913],[2.226132,48.7701946],[2.2242964,48.7702033],[2.2238634,48.7712591],[2.2208588,48.7709273],[2.2174155,48.771457],[2.2122576,48.7717683],[2.2099173,48.7692016],[2.206216,48.7699996],[2.2052636,48.769673],[2.2033959,48.7711289],[2.2006661,48.7721223],[2.2011202,48.7757339],[2.1946766,48.7755045],[2.1920371,48.7751696],[2.1904479,48.7751564],[2.1889754,48.7739938],[2.1860552,48.7726114],[2.1867651,48.7722649],[2.1893118,48.7716919],[2.190251,48.7711362],[2.1915073,48.7685436],[2.1915637,48.7664754],[2.1928981,48.7646125],[2.1916408,48.7638747],[2.1930026,48.7635471],[2.1920066,48.7622],[2.1916216,48.7613294],[2.1912568,48.7614559],[2.1908683,48.7605539],[2.1925727,48.7602737],[2.1932062,48.760373],[2.192477,48.7595705],[2.1919272,48.7581552],[2.1907351,48.7574596],[2.1901857,48.7568338],[2.1908679,48.7551688],[2.1898857,48.7546085],[2.189521,48.7541595],[2.1887981,48.7512602],[2.1856489,48.7469785],[2.1845884,48.7440992],[2.1825939,48.7413046],[2.1855103,48.7402162],[2.1895817,48.7393678],[2.1903698,48.7393302],[2.1919253,48.7385952],[2.1955676,48.7374061],[2.2011616,48.7369943],[2.2040668,48.736954]]]]}},{"type":"Feature","properties":{"id":"91086","nom":"BONDOUFLE","created":"2005-03-08","updated":"2026-05-29","code_commune":"91086"},"geometry":{"type":"MultiPolygon","coordinates":[[[[2.3718838,48.5996243],[2.3723726,48.6014051],[2.3729392,48.6021568],[2.3741283,48.6021634],[2.3758437,48.6025055],[2.3758722,48.6026669],[2.3772018,48.6024349],[2.3773775,48.6029827],[2.3799421,48.6028143],[2.3800161,48.6024862],[2.3829472,48.6022761],[2.3844059,48.6023154],[2.3857204,48.6026018],[2.3895926,48.601641],[2.3902048,48.6036243],[2.3916765,48.6046561],[2.3925275,48.6047692],[2.393071,48.6062926],[2.3928764,48.6063441],[2.393396,48.6084323],[2.3950505,48.6081157],[2.3985324,48.6071507],[2.4000168,48.6098043],[2.4018182,48.6146438],[2.3996869,48.6149282],[2.3979415,48.6149843],[2.3966336,48.6163081],[2.3953809,48.6179493],[2.3937801,48.6179327],[2.3937516,48.6183774],[2.3920159,48.6186528],[2.3936871,48.6206211],[2.3966411,48.6216059],[2.3980906,48.622244],[2.3989922,48.6224319],[2.400836,48.6235301],[2.3975542,48.6240161],[2.3964029,48.6247354],[2.396509,48.6249177],[2.3963113,48.6251682],[2.3941962,48.6264737],[2.3928225,48.626477],[2.3912864,48.6270137],[2.3893735,48.6268974],[2.3884047,48.6271398],[2.3877958,48.6312571],[2.3876415,48.6313328],[2.381577,48.6296457],[2.3812224,48.6298565],[2.3801004,48.62881],[2.3793437,48.6275663],[2.377646,48.6278176],[2.3773501,48.6269151],[2.3742986,48.6272423],[2.3738632,48.6254768],[2.3733727,48.625482],[2.3732586,48.6237691],[2.372039,48.623747],[2.3724498,48.6226975],[2.3725037,48.6217566],[2.3715931,48.6176393],[2.3689577,48.6184],[2.3671922,48.6194802],[2.3660879,48.6174223],[2.3619043,48.6176487],[2.3594725,48.6181394],[2.3576152,48.6141908],[2.3588691,48.6141923],[2.3574272,48.6108094],[2.358928,48.6104863],[2.3589449,48.6103577],[2.3598654,48.6100022],[2.3620113,48.6094006],[2.3606088,48.6068283],[2.3609492,48.6067182],[2.3602206,48.6047511],[2.3605552,48.6040591],[2.360286,48.6035919],[2.361967,48.6028189],[2.3619472,48.6023734],[2.3623366,48.6014388],[2.3645422,48.6011763],[2.3657483,48.6006791],[2.3702271,48.5997308],[2.3718838,48.5996243]]]]}},{"type":"Feature","properties":{"id":"91097","nom":"BOUSSY ST ANTOINE","created":"2011-07-12","updated":"2026-01-23","code_commune":"91097"},"geometry":{"type":"MultiPolygon","coordinates":[[[[2.5345481,48.700898],[2.5345441,48.7007049],[2.531573,48.6999103],[2.5316844,48.6997825],[2.5312723,48.6996258],[2.5321434,48.6982564],[2.5314875,48.6971249],[2.5316775,48.6956473],[2.5311532,48.6950146],[2.5290115,48.694212],[2.5278955,48.6935044],[2.5251613,48.693261],[2.523727,48.6916794],[2.5210165,48.691063],[2.5198774,48.690018],[2.519688,48.6896247],[2.5198632,48.6886142],[2.5219656,48.6874477],[2.5218934,48.6873329],[2.5225928,48.6872041],[2.5219241,48.686068],[2.5223415,48.6858684],[2.5215393,48.6811609],[2.523653,48.6797697],[2.5261232,48.6790892],[2.5276196,48.6779793],[2.5284875,48.6775912],[2.5337858,48.6813976],[2.5368048,48.6844912],[2.53721,48.6860582],[2.537863,48.685922],[2.5389616,48.6860512],[2.5421456,48.6871616],[2.5424302,48.6868619],[2.5429037,48.6868595],[2.5432447,48.6866567],[2.544167,48.6874802],[2.5465963,48.6881405],[2.550038,48.6895013],[2.5505931,48.6897633],[2.5510962,48.6903551],[2.5503422,48.6913176],[2.5498336,48.6917176],[2.5493459,48.6916656],[2.5485291,48.6925146],[2.5461771,48.6931388],[2.5454222,48.6931423],[2.5452757,48.6935624],[2.546655,48.6937731],[2.5466804,48.6953415],[2.5453006,48.6950897],[2.5441607,48.6945687],[2.5437875,48.694616],[2.5430058,48.6961999],[2.5424375,48.696789],[2.544284,48.698554],[2.5422623,48.6998493],[2.541308,48.7003776],[2.5398719,48.6989999],[2.5363177,48.6971491],[2.5359781,48.6987604],[2.5361539,48.6997072],[2.5356714,48.701128],[2.5345481,48.700898]]]]}},{"type":"Feature","properties":{"id":"91103","nom":"BRETIGNY SUR ORGE","created":"2005-03-21","updated":"2026-04-21","code_commune":"91103"},"geometry":{"type":"MultiPolygon","coordinates":[[[[2.3130313,48.5756528],[2.3148888,48.5788605],[2.3149445,48.5801888],[2.3159026,48.585013],[2.315883,48.5871854],[2.3186151,48.5865132],[2.3217033,48.585334],[2.3226473,48.5869352],[2.3217999,48.5871525],[2.3225756,48.5885501],[2.3219942,48.5887148],[2.3226109,48.5896359],[2.3238335,48.5892717],[2.3251711,48.5910917],[2.3255338,48.5909584],[2.3258186,48.5912171],[2.3257605,48.5917612],[2.3251101,48.5922371],[2.3260062,48.5931921],[2.3264552,48.5930455],[2.329197,48.5959961],[2.3284024,48.5962942],[2.3299804,48.5978017],[2.3280393,48.5987559],[2.3277936,48.5985889],[2.3269655,48.5990499],[2.3256615,48.6006155],[2.325927,48.6007688],[2.3254636,48.6021693],[2.3239127,48.6035055],[2.3227801,48.6037824],[2.322802,48.6039378],[2.3236127,48.6037443],[2.3239373,48.6040609],[2.3237959,48.6041198],[2.3240288,48.6045351],[2.3245056,48.6049557],[2.3249474,48.605732],[2.3249279,48.6063842],[2.3236283,48.6072339],[2.3234226,48.6070282],[2.3200268,48.6091652],[2.3202602,48.6094418],[2.318791,48.6100111],[2.3200959,48.6117085],[2.3184513,48.612296],[2.3205138,48.6154198],[2.3220763,48.6156309],[2.329367,48.6195764],[2.3256442,48.6196681],[2.322312,48.620191],[2.3164265,48.6219703],[2.3129011,48.6228368],[2.3091288,48.6241433],[2.3065699,48.6246074],[2.3034407,48.6257062],[2.2971349,48.6262601],[2.2924855,48.6261491],[2.2921821,48.6251656],[2.292685,48.6244915],[2.2923684,48.6240791],[2.2923661,48.6235455],[2.2929443,48.6232822],[2.2923136,48.6221526],[2.2927868,48.6218682],[2.2916118,48.6201373],[2.2917387,48.6199132],[2.2919466,48.6199239],[2.2916499,48.618961],[2.2914833,48.6190155],[2.2912649,48.6187158],[2.2902572,48.6182256],[2.2893674,48.6185306],[2.2882225,48.6185748],[2.2883269,48.6181256],[2.2876978,48.6179943],[2.2876587,48.6182664],[2.2873201,48.6180016],[2.2869584,48.6179647],[2.286401,48.6181939],[2.2858346,48.6179068],[2.2856501,48.6180998],[2.2844242,48.6175131],[2.2843745,48.6172872],[2.2842415,48.6174713],[2.2827842,48.6175111],[2.2819145,48.6173656],[2.2818993,48.6172262],[2.2830716,48.6172478],[2.2837029,48.6167136],[2.2788592,48.615015],[2.2780756,48.6145878],[2.2776185,48.6145817],[2.277233,48.6137629],[2.2763441,48.6133791],[2.2749434,48.6119932],[2.2749135,48.6114961],[2.2743552,48.6114895],[2.2743097,48.6110857],[2.2734198,48.6110177],[2.27357,48.6107504],[2.2734451,48.6101283],[2.2728297,48.6088847],[2.2717406,48.6081658],[2.2692387,48.6074532],[2.2681064,48.6064696],[2.2683557,48.6061987],[2.2712011,48.6048871],[2.2732593,48.6036262],[2.2767337,48.6020316],[2.2765652,48.6019671],[2.279767,48.5996194],[2.2822506,48.5978786],[2.2824853,48.5979344],[2.2823719,48.5967635],[2.2848695,48.597002],[2.2858036,48.5973318],[2.2856785,48.5967025],[2.287568,48.5960991],[2.2872711,48.5957521],[2.2876448,48.5955448],[2.2873908,48.5951665],[2.2875752,48.5950059],[2.2913534,48.5939044],[2.2894289,48.5904497],[2.2887082,48.5906578],[2.2886063,48.5905748],[2.2870409,48.5880549],[2.2922844,48.5866674],[2.2916097,48.585866],[2.2919617,48.5857121],[2.2916283,48.5851873],[2.2904437,48.5839575],[2.2912244,48.5836926],[2.289633,48.5811987],[2.2921931,48.5805873],[2.295833,48.579238],[2.2985998,48.5784378],[2.30023,48.5777157],[2.3044132,48.5771581],[2.3078913,48.5762167],[2.3088762,48.576541],[2.3130313,48.5756528]]]]}},{"type":"Feature","properties":{"id":"91105","nom":"BREUILLET","created":"2003-10-03","updated":"2026-04-14","code_commune":"91105"},"geometry":{"type":"MultiPolygon","coordinates":[[[[2.1663483,48.5621229],[2.1677162,48.5624557],[2.1688503,48.5629985],[2.1708967,48.5634836],[2.1724417,48.5640659],[2.1726844,48.5639482],[2.1751948,48.5643734],[2.1817508,48.5641399],[2.182091,48.5657546],[2.1842632,48.5677294],[2.1842681,48.5683904],[2.185897,48.5692349],[2.1874152,48.5693959],[2.1889053,48.5698057],[2.1896729,48.5705981],[2.1908599,48.5711061],[2.1916672,48.5722191],[2.192684,48.5729237],[2.1936017,48.5733212],[2.1943109,48.5739506],[2.1960019,48.5745167],[2.1970786,48.5752612],[2.1977513,48.5752766],[2.1985679,48.5757505],[2.1986015,48.5763607],[2.1983579,48.5764534],[2.1975829,48.5761038],[2.1968973,48.576029],[2.1955397,48.5770993],[2.1986488,48.5788127],[2.198475,48.5790854],[2.1988321,48.579129],[2.1990822,48.5793538],[2.1991745,48.5798806],[2.1977901,48.5800316],[2.1938139,48.5799548],[2.1935245,48.5793508],[2.192624,48.579318],[2.1887061,48.5785768],[2.1875983,48.5785355],[2.184324,48.578988],[2.1836182,48.5788268],[2.1836754,48.5805705],[2.1823037,48.5806099],[2.1799803,48.5799244],[2.1788089,48.5800879],[2.1783538,48.580536],[2.177894,48.580665],[2.1776143,48.5805074],[2.1771933,48.5807506],[2.1767454,48.5806259],[2.176473,48.5807555],[2.1763114,48.5805445],[2.1755909,48.5803286],[2.1749507,48.5805782],[2.1748451,48.5803169],[2.1740948,48.5802366],[2.1743137,48.5785345],[2.1718853,48.579061],[2.1712826,48.5793218],[2.1710512,48.5796091],[2.1709947,48.5807545],[2.1703577,48.5809819],[2.1679419,48.580856],[2.1664581,48.5811353],[2.165519,48.5809619],[2.164428,48.5805304],[2.1641575,48.5802035],[2.1636822,48.5800115],[2.1634491,48.5795402],[2.1601984,48.5802182],[2.1587559,48.5801925],[2.1575697,48.5798541],[2.1570283,48.5792884],[2.1566427,48.5791282],[2.1566131,48.5787174],[2.1562882,48.5783705],[2.1543869,48.5777741],[2.1537931,48.5774294],[2.1519285,48.5769512],[2.1510026,48.5769205],[2.1504327,48.5765528],[2.1493851,48.5765719],[2.1486064,48.5768062],[2.1481152,48.5765931],[2.1475918,48.5766495],[2.1466716,48.5761221],[2.1455307,48.5766754],[2.1456754,48.57699],[2.145463,48.5770782],[2.1444469,48.5765308],[2.144089,48.5766239],[2.1436811,48.5763209],[2.1439739,48.5762579],[2.1439419,48.5761421],[2.1430776,48.5755724],[2.1404531,48.5751593],[2.139595,48.5748919],[2.1387895,48.5743089],[2.1370149,48.5741202],[2.1344203,48.5744443],[2.1336245,48.5748746],[2.1335769,48.57508],[2.1325424,48.5749462],[2.1322874,48.5743154],[2.1324261,48.5728489],[2.1315706,48.5713065],[2.1313573,48.5710195],[2.1293521,48.5704468],[2.130459,48.5688763],[2.1356843,48.5661199],[2.1421567,48.5646145],[2.1483663,48.5641316],[2.1517201,48.5641097],[2.1525893,48.5638985],[2.1539182,48.5639221],[2.1557839,48.5634905],[2.1560779,48.5634958],[2.156701,48.5640743],[2.1600957,48.5638015],[2.1620434,48.5634461],[2.1635468,48.5628357],[2.1657988,48.5624982],[2.1663483,48.5621229]]]]}},{"type":"Feature","properties":{"id":"91106","nom":"BREUX JOUY","created":"2010-07-09","updated":"2025-10-27","code_commune":"91106"},"geometry":{"type":"MultiPolygon","coordinates":[[[[2.1558845,48.5365087],[2.1566512,48.5372946],[2.1573426,48.5368554],[2.157601,48.5370555],[2.1585131,48.5372681],[2.1591174,48.5377819],[2.1608815,48.5382963],[2.1613165,48.5386428],[2.1622374,48.5403232],[2.1635863,48.5414894],[2.1647488,48.5417982],[2.1647865,48.542151],[2.1672631,48.5437318],[2.1676676,48.543586],[2.1679968,48.5439096],[2.168912,48.5440305],[2.1692896,48.5447019],[2.1696564,48.5449716],[2.1697289,48.5453524],[2.1700683,48.5455801],[2.1715363,48.5490601],[2.1727125,48.5498456],[2.1715446,48.550223],[2.1719315,48.5505757],[2.1723363,48.5515311],[2.1735607,48.5514013],[2.1739497,48.5518632],[2.1739699,48.5529189],[2.1742772,48.553505],[2.1741435,48.553982],[2.1737156,48.5542831],[2.1739298,48.5548917],[2.1745244,48.5556203],[2.1756494,48.5560235],[2.1761475,48.556828],[2.17811,48.5580814],[2.1784178,48.5586971],[2.179763,48.5600061],[2.1790934,48.5604302],[2.1791072,48.5608262],[2.1798732,48.5615311],[2.180127,48.5621641],[2.1809122,48.5626697],[2.1817325,48.5641583],[2.1743991,48.5642968],[2.1727916,48.5639714],[2.1724275,48.5640213],[2.1709217,48.5634896],[2.168887,48.5630165],[2.1663395,48.562095],[2.1658015,48.562491],[2.164025,48.5628563],[2.1634091,48.5628234],[2.1619944,48.5634549],[2.1601086,48.5637979],[2.1566337,48.5640453],[2.1560297,48.5635178],[2.1557498,48.5635366],[2.1535149,48.5639607],[2.1523632,48.5639485],[2.1516472,48.5640984],[2.1496068,48.5639919],[2.1452577,48.564448],[2.1427155,48.5645138],[2.1390248,48.565364],[2.1386986,48.565291],[2.1444041,48.5561665],[2.1469931,48.5546991],[2.1483487,48.5518271],[2.1496237,48.5516131],[2.149805,48.5512239],[2.1518444,48.551022],[2.1558016,48.5520151],[2.1559906,48.5502569],[2.1554571,48.5501885],[2.1559694,48.5485061],[2.1563416,48.5484297],[2.1566651,48.5468641],[2.1554823,48.5461514],[2.1561575,48.5451283],[2.1564709,48.5440998],[2.1541923,48.5427508],[2.1542515,48.5413366],[2.1538317,48.5407405],[2.1560298,48.5397896],[2.1560035,48.5396181],[2.1550313,48.5390736],[2.1555815,48.5388155],[2.1551463,48.5384535],[2.1558845,48.5365087]]]]}},{"type":"Feature","properties":{"id":"91114","nom":"BRUNOY","created":"2006-12-05","updated":"2026-02-10","code_commune":"91114"},"geometry":{"type":"MultiPolygon","coordinates":[[[[2.4983879,48.6766042],[2.5140871,48.6853717],[2.5060816,48.6877607],[2.5098362,48.6897889],[2.5094123,48.6902074],[2.5098514,48.6930871],[2.5097366,48.693956],[2.5110796,48.6957463],[2.5122442,48.696618],[2.5138824,48.6969827],[2.5134965,48.697362],[2.5168582,48.6978245],[2.5215038,48.7009905],[2.5213562,48.7014479],[2.5217353,48.7033483],[2.5224126,48.7046738],[2.5245034,48.7052193],[2.525445,48.7051082],[2.5260343,48.7048009],[2.5268095,48.7046824],[2.5268427,48.705103],[2.5280121,48.70499],[2.5282598,48.7051984],[2.5290988,48.7052432],[2.5294591,48.705479],[2.5296029,48.7061668],[2.5290431,48.7062975],[2.5292968,48.7079844],[2.526499,48.708015],[2.5263967,48.7096195],[2.5243192,48.70995],[2.5225456,48.7098834],[2.5214706,48.7123044],[2.5197359,48.7120669],[2.5185595,48.7120706],[2.5179522,48.7123392],[2.5190054,48.7126067],[2.5189954,48.7127232],[2.518525,48.7127469],[2.5182999,48.7129388],[2.5180147,48.7128317],[2.517643,48.7130782],[2.5136449,48.7120114],[2.5124254,48.7120568],[2.5117051,48.7124907],[2.5105241,48.7120844],[2.5095099,48.7121311],[2.5091045,48.7120004],[2.508868,48.7114498],[2.5081927,48.7115196],[2.5072754,48.711171],[2.5063889,48.7110548],[2.506231,48.7112348],[2.5058709,48.7111318],[2.5045421,48.7102083],[2.5031016,48.7097161],[2.5027295,48.7094066],[2.5040099,48.7087091],[2.5025636,48.7072034],[2.5007827,48.7073588],[2.4981933,48.706966],[2.4973772,48.7064512],[2.4966694,48.7066111],[2.4966191,48.7059362],[2.4963053,48.7053352],[2.4948481,48.7042934],[2.4943593,48.7037683],[2.4942634,48.7032751],[2.4935433,48.7033442],[2.4934924,48.7031315],[2.4923384,48.7034285],[2.4888771,48.7033285],[2.4874921,48.7035525],[2.4871413,48.70324],[2.4867369,48.7012168],[2.4904125,48.698793],[2.4876402,48.6980304],[2.488389,48.6961086],[2.4882676,48.6956725],[2.4899865,48.6943648],[2.4822577,48.6898259],[2.4983879,48.6766042]]]]}},{"type":"Feature","properties":{"id":"91115","nom":"BRUYERES-LE-CHATEL","created":"2003-12-17","updated":"2025-10-27","code_commune":"91115"},"geometry":{"type":"MultiPolygon","coordinates":[[[[2.1529454,48.5771685],[2.1563734,48.578364],[2.1566907,48.5786748],[2.1567404,48.5791134],[2.1571721,48.5792902],[2.1574598,48.5797114],[2.15795,48.5800092],[2.1601746,48.5801967],[2.163373,48.5795024],[2.1644708,48.5805027],[2.1654951,48.5809016],[2.1665799,48.5810714],[2.1679436,48.5808222],[2.1701864,48.5809628],[2.1709736,48.5807823],[2.1711457,48.5794973],[2.1717237,48.5791453],[2.1727371,48.5789519],[2.1729583,48.5787443],[2.1738567,48.5785257],[2.1741888,48.5784867],[2.1740916,48.5801694],[2.174792,48.5802856],[2.1749806,48.5805379],[2.1753616,48.5803376],[2.1758502,48.5803047],[2.1762324,48.5806798],[2.1768466,48.5806119],[2.1772205,48.58073],[2.1775184,48.580496],[2.1779079,48.5806496],[2.1783411,48.5805497],[2.1789051,48.5800965],[2.1798947,48.5799862],[2.1825694,48.5806694],[2.1838347,48.5806167],[2.1836398,48.5794764],[2.1837489,48.5788622],[2.1844764,48.5790554],[2.1850861,48.5788588],[2.1880829,48.5785299],[2.1928562,48.5793381],[2.1936366,48.5793545],[2.1939825,48.5799367],[2.1982231,48.5800145],[2.2010006,48.5797949],[2.2069282,48.5809354],[2.2071492,48.5808814],[2.2072899,48.5805125],[2.208014,48.5808766],[2.2089278,48.5806699],[2.2087658,48.5811853],[2.2093026,48.58111],[2.2099173,48.5814975],[2.2100339,48.5819435],[2.2107336,48.5819456],[2.2115054,48.5828754],[2.2117484,48.5829115],[2.2121156,48.5827165],[2.2124778,48.5828231],[2.2129886,48.5825032],[2.2132624,48.5825324],[2.2130346,48.5829429],[2.2132772,48.5830765],[2.212521,48.5855043],[2.211546,48.5848287],[2.2100675,48.5842909],[2.2090003,48.5841365],[2.2085434,48.5841584],[2.2084959,48.5842962],[2.2039237,48.5839122],[2.2037496,48.5843135],[2.2031802,48.5843251],[2.2027021,48.5859617],[2.20268,48.5880462],[2.2024646,48.5889566],[2.2027707,48.5909378],[2.201983,48.5923613],[2.2016558,48.5923356],[2.2011367,48.5929381],[2.2010049,48.593393],[2.2017146,48.5964115],[2.2021352,48.5971455],[2.2026111,48.5974086],[2.2019412,48.5973694],[2.2024031,48.5984711],[2.2020205,48.5991661],[2.2034254,48.5995177],[2.2053505,48.6005428],[2.2095562,48.6049952],[2.2134441,48.6067165],[2.2053032,48.6110021],[2.2059602,48.6119016],[2.2064858,48.6117895],[2.2080882,48.6146413],[2.2057231,48.6153159],[2.2008307,48.6173229],[2.19957,48.6176315],[2.1978332,48.6190093],[2.197279,48.6209528],[2.1972163,48.6233374],[2.1975068,48.6251679],[2.1986579,48.6262855],[2.1996249,48.6267278],[2.1997403,48.6266062],[2.2032217,48.6284887],[2.2019781,48.6284345],[2.1976584,48.6286798],[2.1962509,48.6289977],[2.1922268,48.629067],[2.1846684,48.6281338],[2.1821875,48.6288317],[2.1809734,48.6280199],[2.1811481,48.6276117],[2.1803035,48.6256611],[2.1793272,48.6241388],[2.1791103,48.6232759],[2.1727815,48.6188797],[2.1776244,48.6143416],[2.1775253,48.6129843],[2.1763471,48.610766],[2.176705,48.6104333],[2.1761837,48.607677],[2.1774668,48.6069939],[2.1752522,48.6052448],[2.1713958,48.6045946],[2.1720027,48.6041518],[2.1727289,48.6038815],[2.1698504,48.6034425],[2.1695347,48.6016919],[2.1710797,48.5984085],[2.172312,48.5972699],[2.1725511,48.5961332],[2.1748806,48.5960773],[2.1760141,48.5951838],[2.177004,48.5938632],[2.1762622,48.5917876],[2.1751979,48.5904395],[2.1741717,48.5897275],[2.1737393,48.5877463],[2.1727134,48.5870243],[2.1696586,48.5869648],[2.1677806,48.5866603],[2.1639773,48.5870078],[2.1593443,48.5852887],[2.1581631,48.5849955],[2.1559197,48.5847388],[2.1532612,48.5850505],[2.1507839,48.5849598],[2.1498908,48.5848127],[2.1472659,48.5839288],[2.14803,48.5831816],[2.1483167,48.5824087],[2.1482014,48.5817462],[2.1486434,48.5807857],[2.1484761,48.5797639],[2.1490195,48.5795122],[2.1504134,48.5783644],[2.1523327,48.5778663],[2.1529454,48.5771685]]]]}},{"type":"Feature","properties":{"id":"91122","nom":"BURES SUR YVETTE","created":"2005-09-30","updated":"2022-08-31","code_commune":"91122"},"geometry":{"type":"MultiPolygon","coordinates":[[[[2.1733232,48.7010701],[2.1725961,48.7013339],[2.1695944,48.7011555],[2.1700112,48.7049022],[2.1707953,48.7066296],[2.1700926,48.7065392],[2.1654684,48.7069827],[2.1654561,48.7068522],[2.1646014,48.7070461],[2.1628918,48.7070319],[2.1622958,48.7067061],[2.1588043,48.706034],[2.1571521,48.7052377],[2.1565594,48.7048052],[2.1568343,48.7040363],[2.1560678,48.7038705],[2.1567025,48.7027701],[2.1542979,48.7026166],[2.1535726,48.7023715],[2.1529049,48.7023488],[2.1528701,48.7001711],[2.1521503,48.7004834],[2.1511863,48.7006174],[2.1509222,48.6987129],[2.1490748,48.6989234],[2.1484208,48.6985716],[2.148436,48.6982829],[2.1477864,48.6979191],[2.1473909,48.6979242],[2.1467579,48.6983043],[2.1462643,48.6982563],[2.1458897,48.6985863],[2.1452793,48.6985388],[2.1447818,48.6981938],[2.1440686,48.698157],[2.1431723,48.698595],[2.1428152,48.6985871],[2.1423649,48.6989365],[2.1420724,48.6987374],[2.1415932,48.6978483],[2.1457582,48.6967175],[2.1457192,48.695902],[2.1454479,48.6959083],[2.1453987,48.6948523],[2.1444863,48.6949653],[2.1443328,48.6939726],[2.1416378,48.6938422],[2.1414522,48.6930263],[2.1415468,48.6921948],[2.1420433,48.6912346],[2.143982,48.691585],[2.144167,48.6912096],[2.1438994,48.6911061],[2.1442461,48.6907198],[2.1439596,48.6906061],[2.1446746,48.6899279],[2.1442712,48.689713],[2.1447205,48.689358],[2.1440874,48.6889678],[2.1449774,48.6883214],[2.1453683,48.6885402],[2.1457123,48.6884149],[2.1468187,48.6896405],[2.1484965,48.6889791],[2.1469835,48.6876913],[2.1438377,48.6865272],[2.1430413,48.6868123],[2.1422855,48.686863],[2.1422858,48.6867207],[2.1415919,48.6866686],[2.141608,48.6861404],[2.1431897,48.6859269],[2.1439597,48.6855584],[2.1449248,48.6850376],[2.145036,48.6844273],[2.1453484,48.6842772],[2.1461656,48.6852358],[2.1468524,48.6852942],[2.1467744,48.6856031],[2.1471692,48.6857192],[2.1472766,48.6856007],[2.1475189,48.6857217],[2.1477736,48.6856298],[2.1478972,48.6858612],[2.1484462,48.6859321],[2.1487518,48.6858172],[2.149834,48.6864815],[2.1502771,48.6858326],[2.1500302,48.6856813],[2.1500349,48.6853498],[2.1509204,48.6848396],[2.1502734,48.6834723],[2.1503352,48.6831576],[2.1512468,48.6831497],[2.1513559,48.6829328],[2.1512606,48.6815035],[2.1509744,48.6813977],[2.1509502,48.6811593],[2.1515161,48.6795606],[2.1525721,48.6789532],[2.152684,48.6791026],[2.1531934,48.6787141],[2.1539347,48.677907],[2.153605,48.6774288],[2.1539842,48.6766334],[2.1546512,48.67617],[2.1551594,48.6760375],[2.155542,48.6756315],[2.1562903,48.67611],[2.1574284,48.6764727],[2.1573062,48.6761899],[2.1588289,48.6757992],[2.161461,48.6756471],[2.1635191,48.6767047],[2.1622743,48.6793617],[2.1623261,48.6795805],[2.1613487,48.6803726],[2.1612216,48.6837423],[2.162581,48.6835777],[2.1641454,48.6873673],[2.161754,48.6878456],[2.16123,48.68828],[2.1612239,48.688875],[2.1608442,48.6891091],[2.1633755,48.6910613],[2.1663337,48.6926629],[2.1647806,48.6940742],[2.164158,48.6943754],[2.1661017,48.6948149],[2.1658462,48.6942752],[2.1674258,48.6931648],[2.1690244,48.693274],[2.1715682,48.6931818],[2.1747067,48.6927352],[2.17464,48.6924078],[2.1741344,48.6924961],[2.1731104,48.6922237],[2.1742507,48.6902836],[2.1740935,48.6909192],[2.1751461,48.6916644],[2.1753395,48.692776],[2.1750815,48.6932577],[2.1747756,48.6932933],[2.1748952,48.6938439],[2.1742457,48.6939055],[2.1743517,48.69443],[2.1736683,48.6944908],[2.1736857,48.6948593],[2.1732345,48.6948611],[2.1731771,48.6952434],[2.1761612,48.6954024],[2.1760454,48.69596],[2.1762727,48.6960088],[2.1760177,48.6965171],[2.1755232,48.7003625],[2.1751544,48.7003564],[2.1743651,48.7008286],[2.1733232,48.7010701]]]]}},{"type":"Feature","properties":{"id":"91136","nom":"CHAMPLAN","created":"2011-08-10","updated":"2026-01-16","code_commune":"91136"},"geometry":{"type":"Polygon","coordinates":[[[2.2877158,48.6986877],[2.2892393,48.6983644],[2.2898192,48.6991685],[2.2909537,48.6988609],[2.2910322,48.6989634],[2.2917054,48.6986818],[2.2929848,48.701076],[2.2927618,48.7011556],[2.2928986,48.7014629],[2.2923255,48.7016327],[2.2932017,48.7039134],[2.2933956,48.703938],[2.2941218,48.7048435],[2.2949485,48.7072804],[2.2944704,48.70739],[2.2946889,48.7080878],[2.296173,48.7107995],[2.2937846,48.7112515],[2.294025,48.7119887],[2.2918645,48.712237],[2.2898296,48.7126725],[2.2859762,48.7139267],[2.2783077,48.7155559],[2.2767779,48.7160505],[2.2742504,48.7161366],[2.2716586,48.7165548],[2.2697389,48.7171654],[2.2669168,48.7183607],[2.2655009,48.7153482],[2.2646122,48.7146162],[2.2624958,48.7121086],[2.2590117,48.7101204],[2.2588057,48.7079212],[2.2593126,48.7065247],[2.2607557,48.7064938],[2.2619083,48.7060671],[2.2627478,48.7054969],[2.2634596,48.7054627],[2.2647545,48.7049236],[2.26523,48.7050915],[2.2653879,48.705335],[2.2659001,48.7050533],[2.2673419,48.704735],[2.2682033,48.7040337],[2.2688785,48.7038679],[2.2710095,48.7028108],[2.2713473,48.7025254],[2.2706831,48.7024027],[2.270631,48.7021946],[2.2715636,48.702203],[2.2716488,48.7016488],[2.2724116,48.7014241],[2.2728156,48.7011162],[2.2733003,48.7010703],[2.2732792,48.700862],[2.2735457,48.7006934],[2.2747486,48.7008069],[2.2750107,48.7005913],[2.2754713,48.7005975],[2.2781745,48.6999186],[2.2783399,48.6997117],[2.2788704,48.6998089],[2.2791316,48.6994394],[2.2796094,48.6996888],[2.2805032,48.6996604],[2.2809429,48.6998309],[2.2811286,48.6996742],[2.2816536,48.6998511],[2.2822892,48.6998413],[2.2831819,48.6994634],[2.2839866,48.699415],[2.2847071,48.6991702],[2.2848013,48.6993687],[2.2877158,48.6986877]]]}},{"type":"Feature","properties":{"id":"91161","nom":"CHILLY MAZARIN","created":"2009-01-28","updated":"2026-01-06","code_commune":"91161"},"geometry":{"type":"MultiPolygon","coordinates":[[[[2.3162593,48.6881554],[2.3158005,48.6911147],[2.3162141,48.6922682],[2.3169948,48.6926563],[2.3174019,48.6930713],[2.3184929,48.6933101],[2.3199142,48.6942405],[2.3206212,48.6943522],[2.3234826,48.6982712],[2.322564,48.6984718],[2.3203392,48.6995415],[2.323131,48.7022733],[2.3236605,48.7029302],[2.3234422,48.7030303],[2.3253847,48.7047411],[2.3269537,48.7064134],[2.3264059,48.7069407],[2.3245088,48.7118227],[2.323855,48.7154694],[2.3240543,48.7183427],[2.3236368,48.7181175],[2.32394,48.720863],[2.3173457,48.7212188],[2.3109374,48.7220383],[2.3109277,48.721942],[2.3087813,48.72205],[2.3081626,48.7190848],[2.3047497,48.7194963],[2.3046864,48.7193149],[2.3014997,48.7197247],[2.3001114,48.7159152],[2.2971775,48.7163664],[2.2966144,48.7152427],[2.2960055,48.7153677],[2.2943417,48.7119482],[2.2939729,48.7119936],[2.2937296,48.7112539],[2.296179,48.7108086],[2.2946889,48.7080878],[2.2944704,48.70739],[2.2949485,48.7072804],[2.2941065,48.7048109],[2.2964882,48.7041523],[2.2997727,48.7041992],[2.300318,48.7045132],[2.3009135,48.7069047],[2.302364,48.7068305],[2.3022165,48.7055259],[2.303639,48.7054454],[2.3036962,48.7046036],[2.3042536,48.7039129],[2.3042771,48.7034939],[2.3039324,48.70159],[2.3029225,48.7016492],[2.3012721,48.6985931],[2.3020794,48.6983965],[2.3067023,48.6964314],[2.3069002,48.6959494],[2.3059066,48.6947453],[2.3053724,48.6943849],[2.3053766,48.6937899],[2.3055198,48.6929526],[2.3071209,48.6917867],[2.3081331,48.6912724],[2.3088176,48.6912231],[2.3100793,48.690624],[2.3104901,48.690716],[2.3105381,48.6903231],[2.3121068,48.6896372],[2.3131281,48.6895501],[2.3145963,48.688951],[2.3150825,48.6888927],[2.3156819,48.68837],[2.3162593,48.6881554]]]]}},{"type":"Feature","properties":{"id":"91174","nom":"CORBEIL ESSONNES","created":"2004-04-29","updated":"2026-04-08","code_commune":"91174"},"geometry":{"type":"MultiPolygon","coordinates":[[[[2.481156,48.5690773],[2.4817277,48.5698293],[2.482317,48.570209],[2.480338,48.5718929],[2.4794501,48.5730287],[2.4786879,48.5747422],[2.4778145,48.5776912],[2.478193,48.5780108],[2.478674,48.5796726],[2.4789127,48.5796825],[2.4798059,48.5809608],[2.4797717,48.5803229],[2.4808967,48.5800542],[2.4829372,48.5842276],[2.4839256,48.5856691],[2.4852265,48.5881504],[2.485407,48.5887117],[2.485306,48.5911528],[2.4848737,48.5933967],[2.4852146,48.5967614],[2.4856653,48.5976885],[2.4865551,48.5987917],[2.4895518,48.6011801],[2.4904228,48.6024124],[2.4909343,48.6038695],[2.4910548,48.6052139],[2.4906432,48.6068329],[2.489416,48.608973],[2.4918017,48.6097906],[2.491503,48.6098939],[2.4922619,48.6104427],[2.4902618,48.6114244],[2.4905986,48.6115818],[2.4896034,48.6123959],[2.4899126,48.6125176],[2.4893204,48.6128721],[2.4893453,48.6131795],[2.4877212,48.6138198],[2.4864547,48.6150041],[2.4866338,48.6153237],[2.4864418,48.6157585],[2.4862003,48.6156559],[2.4862097,48.6152999],[2.4858367,48.6152619],[2.4854874,48.6155609],[2.4850288,48.615482],[2.4845264,48.6159863],[2.4848881,48.616184],[2.4843067,48.6170497],[2.4838883,48.6169033],[2.4835935,48.6170604],[2.4833361,48.61738],[2.4833465,48.6177909],[2.4826352,48.6177408],[2.4814924,48.6189273],[2.4800162,48.6200688],[2.4789146,48.6221439],[2.4768423,48.6213325],[2.4767454,48.6210989],[2.476645,48.6211759],[2.4756046,48.620808],[2.4740705,48.622557],[2.4726632,48.6238219],[2.4704171,48.625385],[2.4678939,48.6240732],[2.4654838,48.623342],[2.4615345,48.6227565],[2.4615941,48.6225625],[2.4597511,48.6219893],[2.4591067,48.6227444],[2.457777,48.6222572],[2.4565669,48.6217351],[2.4571351,48.6211729],[2.4527047,48.6188983],[2.4487078,48.6165768],[2.448043,48.6171699],[2.4441731,48.6142104],[2.4422164,48.6133073],[2.4408607,48.6129626],[2.4399268,48.6133907],[2.4394144,48.6140404],[2.4380801,48.6143385],[2.4375831,48.6130274],[2.4380333,48.6127498],[2.4374693,48.6119622],[2.4362709,48.6109238],[2.4393767,48.6106147],[2.4428411,48.6108025],[2.4432834,48.6088644],[2.4445701,48.6093989],[2.4456287,48.6084378],[2.4463324,48.6085324],[2.4487244,48.6056352],[2.4494734,48.6059273],[2.4500766,48.6053073],[2.4505849,48.6050523],[2.4517742,48.6047065],[2.452868,48.6048997],[2.4537981,48.6043286],[2.4559851,48.6046521],[2.458286,48.6044655],[2.4574975,48.6042542],[2.4562594,48.6042095],[2.4540381,48.6032358],[2.4517803,48.6031144],[2.450009,48.60241],[2.4489719,48.6001221],[2.4489064,48.5991548],[2.4493256,48.5985122],[2.4500528,48.596186],[2.4510516,48.5949519],[2.4544975,48.5963427],[2.4547422,48.5961059],[2.4557942,48.5965672],[2.4564539,48.5959891],[2.4571435,48.5963705],[2.4574305,48.5960196],[2.457944,48.5959035],[2.458947,48.5957031],[2.4605757,48.5956514],[2.4617462,48.5950137],[2.4636219,48.5954305],[2.4657741,48.5928202],[2.4665329,48.5902987],[2.4679015,48.5906276],[2.4682329,48.5898688],[2.4682675,48.589107],[2.4690785,48.5887585],[2.4691143,48.5879154],[2.4697933,48.5872926],[2.4691472,48.5863158],[2.4688536,48.5846324],[2.4692127,48.5840116],[2.470531,48.5836066],[2.4705982,48.5834223],[2.4702847,48.5830193],[2.4707643,48.582068],[2.4703941,48.5811203],[2.4701882,48.5809306],[2.4697208,48.5809507],[2.4696436,48.5807795],[2.4701835,48.5804141],[2.4704818,48.5798216],[2.4694662,48.5793272],[2.4696455,48.5782047],[2.4697619,48.5787374],[2.4702946,48.5786747],[2.4704778,48.5790483],[2.4709239,48.5789451],[2.4710953,48.5785661],[2.4725693,48.5779739],[2.4737864,48.5776971],[2.4758435,48.5776039],[2.4757509,48.5729803],[2.475395,48.5717692],[2.4784061,48.5702441],[2.4790434,48.5708401],[2.4800143,48.569296],[2.4804455,48.5694173],[2.481156,48.5690773]]]]}},{"type":"Feature","properties":{"id":"91179","nom":"COUDRAY-MONTCEAUX (LE)","created":"2007-06-19","updated":"2026-01-29","code_commune":"91179"},"geometry":{"type":"MultiPolygon","coordinates":[[[[2.475188,48.5406312],[2.4766856,48.5400896],[2.4810328,48.5412758],[2.4844239,48.5424198],[2.4852457,48.5428608],[2.486176,48.5428489],[2.4862398,48.5427007],[2.4894429,48.5430715],[2.4962187,48.5426218],[2.4962504,48.5431567],[2.4965275,48.5429113],[2.4995239,48.5429232],[2.4997929,48.54422],[2.499298,48.5452961],[2.4995914,48.5465651],[2.5009764,48.5461433],[2.5028931,48.5460293],[2.5036815,48.5475487],[2.5042417,48.5476897],[2.505033,48.5482059],[2.5061301,48.5513046],[2.5123287,48.5567217],[2.5141531,48.5590651],[2.515879,48.5608325],[2.5200742,48.5626226],[2.5201324,48.5636325],[2.5203014,48.5636447],[2.5203582,48.5643277],[2.5206893,48.564378],[2.5211297,48.5660786],[2.5208053,48.5666334],[2.5202882,48.5686339],[2.519522,48.5701387],[2.5242939,48.5707949],[2.5262357,48.5714149],[2.5276022,48.5714869],[2.5312545,48.5712222],[2.532155,48.5736447],[2.5268786,48.5734525],[2.5215074,48.5729381],[2.5182876,48.5724208],[2.5153925,48.5717284],[2.5077723,48.5694786],[2.4991849,48.567315],[2.4973898,48.5671343],[2.4912517,48.5676696],[2.4897053,48.567959],[2.4871992,48.5687817],[2.4847866,48.5700859],[2.4826074,48.5722364],[2.4802934,48.5752957],[2.4800172,48.5766531],[2.4800906,48.5779613],[2.4809204,48.5800529],[2.4797686,48.5803237],[2.4798351,48.5809592],[2.4789111,48.5796828],[2.4786723,48.5796713],[2.4781849,48.5780077],[2.4778128,48.5776879],[2.478767,48.5745132],[2.4794367,48.5730526],[2.4803163,48.5719175],[2.4823174,48.5701781],[2.4816975,48.5698298],[2.4811553,48.5690967],[2.4804503,48.569423],[2.480021,48.5693077],[2.4790434,48.5708401],[2.4784061,48.5702441],[2.475395,48.5717692],[2.4757509,48.5729803],[2.4760001,48.5759453],[2.4757358,48.5763297],[2.4758856,48.5775828],[2.4738683,48.5776708],[2.4728996,48.5763201],[2.4729043,48.5755824],[2.4723396,48.5740276],[2.4692356,48.5719388],[2.4663179,48.5712728],[2.4654821,48.5702119],[2.4628418,48.5678622],[2.4593791,48.5660312],[2.4550576,48.5630163],[2.4538299,48.5583391],[2.4594887,48.5570886],[2.4672255,48.5567683],[2.4682423,48.5564795],[2.4685665,48.5561206],[2.4697375,48.5560071],[2.4674595,48.5515727],[2.4663008,48.550203],[2.4691931,48.549198],[2.4697018,48.5465561],[2.4679101,48.5436505],[2.4653757,48.541523],[2.465389,48.5413732],[2.4677557,48.541598],[2.4686101,48.5414193],[2.4699596,48.5408095],[2.4721914,48.5407661],[2.4728831,48.5415722],[2.475188,48.5406312]]]]}},{"type":"Feature","properties":{"id":"91191","nom":"CROSNE","created":"2009-12-14","updated":"2025-10-27","code_commune":"91191"},"geometry":{"type":"MultiPolygon","coordinates":[[[[2.4631748,48.710816],[2.4638803,48.7113093],[2.4643966,48.7112846],[2.4647406,48.712024],[2.46542,48.7119336],[2.4654521,48.7121222],[2.465943,48.7122544],[2.4661185,48.7125533],[2.4672413,48.7126431],[2.4680258,48.7150715],[2.468491,48.7152045],[2.4700259,48.7172773],[2.4708144,48.7171436],[2.4715984,48.7180787],[2.4739357,48.7174162],[2.4754243,48.7177529],[2.4757118,48.7187414],[2.4755589,48.7189129],[2.4756389,48.7195604],[2.4763948,48.7215671],[2.475703,48.7225748],[2.4755281,48.7235626],[2.4761262,48.7235772],[2.4760903,48.7253107],[2.4750697,48.7252432],[2.4744922,48.7266919],[2.475345,48.7270809],[2.4752052,48.7276433],[2.4716509,48.7275202],[2.4701189,48.7269921],[2.4678195,48.7266271],[2.4677657,48.7281401],[2.4668031,48.7295796],[2.465733,48.7294144],[2.4649045,48.7285881],[2.4648932,48.7269865],[2.4633038,48.7268632],[2.462777,48.7262576],[2.4603475,48.7259912],[2.4599175,48.7238071],[2.4563209,48.723961],[2.4541801,48.7246307],[2.4534102,48.7234998],[2.45249,48.7236385],[2.45185,48.7231344],[2.4539996,48.7224631],[2.4567414,48.7220115],[2.4566497,48.7216223],[2.4561738,48.7211729],[2.4545496,48.7216607],[2.4541138,48.7208494],[2.4543948,48.7208139],[2.4541821,48.7204784],[2.4522129,48.7206558],[2.4520589,48.7207157],[2.4524975,48.7212046],[2.4514802,48.7217603],[2.4506135,48.721284],[2.4484883,48.7231776],[2.4481044,48.7229922],[2.4484524,48.7216145],[2.4478823,48.7205708],[2.4478473,48.7200347],[2.4473339,48.7195307],[2.4477002,48.7192908],[2.448087,48.7185749],[2.447911,48.7179034],[2.4494964,48.7171597],[2.4494462,48.7166517],[2.450463,48.7160727],[2.4505128,48.7157968],[2.4502123,48.7153972],[2.4503775,48.7151799],[2.4511406,48.7148865],[2.4517092,48.7150731],[2.4525608,48.7150716],[2.4540592,48.7146328],[2.4560299,48.7137604],[2.458699,48.7117984],[2.4631748,48.710816]]]]}},{"type":"Feature","properties":{"id":"91201","nom":"DRAVEIL","created":"2010-02-03","updated":"2026-01-06","code_commune":"91201"},"geometry":{"type":"MultiPolygon","coordinates":[[[[2.4291043,48.6536941],[2.4576087,48.6685705],[2.459155,48.6684878],[2.4590361,48.6690451],[2.4595513,48.6716149],[2.4637766,48.6728918],[2.4627523,48.6736512],[2.4621446,48.6745041],[2.4615922,48.6746745],[2.4596931,48.6769582],[2.45879,48.6776125],[2.4567552,48.6797495],[2.4557375,48.6805453],[2.4544481,48.6825248],[2.4473583,48.6800821],[2.4455599,48.6792491],[2.4367696,48.6867182],[2.4310997,48.6922012],[2.4259259,48.6957715],[2.4212818,48.6928607],[2.4186455,48.6941021],[2.4183312,48.6938713],[2.4126151,48.6972576],[2.410803,48.6979945],[2.4101915,48.6984009],[2.4097793,48.6981164],[2.4077887,48.6991121],[2.4004388,48.7018263],[2.3973068,48.6985806],[2.3930473,48.6949371],[2.3897104,48.6917735],[2.389068,48.6907949],[2.3870854,48.6874486],[2.3861005,48.6846925],[2.3860821,48.6815527],[2.3868865,48.6796442],[2.387568,48.6786568],[2.3885562,48.6779283],[2.3907567,48.6769251],[2.3954878,48.6742088],[2.4007819,48.6703849],[2.4028765,48.6692368],[2.4082248,48.6669536],[2.4100553,48.665982],[2.4120858,48.66442],[2.4150653,48.6615942],[2.4215767,48.657633],[2.4291043,48.6536941]]]]}},{"type":"Feature","properties":{"id":"91204","nom":"ECHARCON","created":"2004-06-30","updated":"2025-11-25","code_commune":"91204"},"geometry":{"type":"MultiPolygon","coordinates":[[[[2.3907798,48.5574588],[2.3919141,48.5581205],[2.392861,48.5581993],[2.393625,48.5585521],[2.3947614,48.5586207],[2.3960312,48.5591453],[2.3976542,48.5594653],[2.3983843,48.5597792],[2.3996142,48.5599524],[2.3998931,48.5602692],[2.3994144,48.5611395],[2.3995182,48.561573],[2.4009473,48.5622097],[2.4019051,48.563002],[2.4033584,48.5635663],[2.4037546,48.5640207],[2.4045028,48.564369],[2.4074518,48.5647911],[2.4080602,48.5650234],[2.4112781,48.5645743],[2.4127318,48.5647571],[2.4128051,48.5653864],[2.4138397,48.5657591],[2.4149698,48.5666897],[2.4158931,48.5669896],[2.418561,48.5683533],[2.4204087,48.5697852],[2.4209853,48.5700093],[2.420994,48.5703365],[2.4217126,48.5708153],[2.4202364,48.5717098],[2.4223364,48.5734469],[2.4190593,48.5752574],[2.4186772,48.5749084],[2.4169638,48.5757121],[2.4180435,48.5767583],[2.4158483,48.5779635],[2.4178868,48.5798096],[2.4179477,48.5801479],[2.4159085,48.5817004],[2.4161629,48.581814],[2.4147365,48.5836837],[2.4153969,48.5839389],[2.4131304,48.5866235],[2.4118308,48.5861753],[2.4109427,48.587119],[2.4118736,48.5874673],[2.4095961,48.5891727],[2.4073885,48.58875],[2.4035875,48.5918108],[2.4014479,48.5905826],[2.3995901,48.5916214],[2.3979506,48.5894301],[2.3973296,48.5891043],[2.3949038,48.5900024],[2.3939089,48.5892496],[2.393564,48.5892125],[2.3921834,48.5878702],[2.3938231,48.587043],[2.3917608,48.5837458],[2.3899776,48.5814234],[2.3887479,48.5814596],[2.3888652,48.581829],[2.385257,48.5819348],[2.3852401,48.5813464],[2.3836103,48.5783353],[2.382397,48.5697876],[2.3831257,48.5663475],[2.3862994,48.5667205],[2.3870508,48.5670105],[2.3872707,48.5662761],[2.3870334,48.5649278],[2.3872247,48.5637102],[2.387525,48.5637265],[2.3873483,48.5627788],[2.3877043,48.5626549],[2.3883055,48.5601102],[2.3907798,48.5574588]]]]}},{"type":"Feature","properties":{"id":"91207","nom":"EGLY","created":"2005-03-07","updated":"2025-10-28","code_commune":"91207"},"geometry":{"type":"MultiPolygon","coordinates":[[[[2.2264416,48.5666584],[2.2288388,48.5689775],[2.2329082,48.5719871],[2.2373859,48.5757966],[2.2376759,48.575644],[2.238352,48.5765195],[2.2385303,48.5764625],[2.2404376,48.5778122],[2.241027,48.5784638],[2.2393181,48.5800401],[2.2401162,48.5804292],[2.2399903,48.5809922],[2.2389913,48.5805028],[2.2385003,48.5830202],[2.2374686,48.58403],[2.2377635,48.5841227],[2.2372346,48.5852549],[2.2370107,48.5865168],[2.2359273,48.5865619],[2.2341478,48.5863115],[2.2346876,48.5874647],[2.2355853,48.5886082],[2.235159,48.58901],[2.2344768,48.5888257],[2.2336665,48.5881428],[2.2331831,48.5881419],[2.2307383,48.5870394],[2.2288128,48.5857076],[2.2284447,48.5852801],[2.2259276,48.5843489],[2.2145249,48.5833248],[2.2139112,48.5829893],[2.2137264,48.5826835],[2.2130302,48.5829013],[2.213189,48.5824718],[2.21305,48.582359],[2.2123605,48.5827312],[2.2120803,48.5825385],[2.2115747,48.5827998],[2.211033,48.5820005],[2.2101673,48.5818529],[2.210067,48.5815255],[2.2096534,48.5812244],[2.2091806,48.5810582],[2.2087993,48.5810953],[2.2089241,48.5805911],[2.2079483,48.580828],[2.2073221,48.580448],[2.2071822,48.5808426],[2.206934,48.5808725],[2.2015158,48.5798562],[2.1992541,48.5799144],[2.1991295,48.5794042],[2.1985546,48.5790657],[2.1985871,48.5787946],[2.1955355,48.5771139],[2.1968358,48.5760748],[2.1975086,48.57611],[2.1983366,48.5764519],[2.1985956,48.5763566],[2.1987754,48.5755955],[2.19864,48.5755215],[2.1996518,48.5746295],[2.2013167,48.5739095],[2.2048939,48.5727863],[2.2077213,48.5711612],[2.2095099,48.5704222],[2.2108123,48.5695987],[2.2145591,48.5706703],[2.2173359,48.5718358],[2.2191264,48.5723498],[2.2218235,48.5737778],[2.2225358,48.5725869],[2.2225203,48.5718278],[2.2236888,48.5696569],[2.2236044,48.5684273],[2.2239715,48.5667688],[2.2264416,48.5666584]]]]}},{"type":"Feature","properties":{"id":"91215","nom":"EPINAY-SOUS-SENART","created":"2010-03-04","updated":"2026-02-04","code_commune":"91215"},"geometry":{"type":"MultiPolygon","coordinates":[[[[2.5042194,48.6718128],[2.5237021,48.6769945],[2.5235582,48.6771795],[2.5217041,48.6779695],[2.519196,48.6796326],[2.5189578,48.68072],[2.5191586,48.6811042],[2.5200525,48.6816173],[2.5204175,48.6816193],[2.5215403,48.681175],[2.5223415,48.6858684],[2.5219241,48.686068],[2.5225928,48.6872041],[2.5218934,48.6873329],[2.5219656,48.6874477],[2.5198632,48.6886142],[2.5196624,48.6892048],[2.5197426,48.6898053],[2.5210165,48.691063],[2.523727,48.6916794],[2.5251613,48.693261],[2.5278955,48.6935044],[2.5290115,48.694212],[2.5311532,48.6950146],[2.5316775,48.6956473],[2.5314875,48.6971249],[2.5321434,48.6982564],[2.5284421,48.7038477],[2.5268112,48.7046991],[2.5260508,48.7048073],[2.5254404,48.7050987],[2.5241278,48.7051746],[2.5223169,48.7046207],[2.5216823,48.7033193],[2.5213611,48.7014307],[2.5215069,48.7010078],[2.5180425,48.6984971],[2.5170723,48.6979111],[2.5163031,48.6976598],[2.5134915,48.697376],[2.5138786,48.6969949],[2.5122963,48.6966541],[2.511066,48.6957322],[2.5097382,48.6939753],[2.509892,48.6935202],[2.5093888,48.6902167],[2.5098049,48.6898119],[2.5059658,48.6877674],[2.5140871,48.6853717],[2.498432,48.6765691],[2.5042194,48.6718128]]]]}},{"type":"Feature","properties":{"id":"91216","nom":"EPINAY SUR ORGE","created":"2004-03-04","updated":"2026-01-06","code_commune":"91216"},"geometry":{"type":"MultiPolygon","coordinates":[[[[2.3093141,48.6571429],[2.3108209,48.6577654],[2.3120666,48.6586953],[2.3124534,48.6593913],[2.3135154,48.6600186],[2.3153964,48.6627967],[2.3156928,48.6638954],[2.3156376,48.664951],[2.318763,48.6657993],[2.320256,48.6680075],[2.3207843,48.6684143],[2.3222718,48.6684128],[2.3225567,48.6687683],[2.3244349,48.6693654],[2.3269322,48.6683992],[2.3275742,48.6682551],[2.3280817,48.6683047],[2.3283889,48.6681039],[2.3289129,48.6680916],[2.3303611,48.6676728],[2.333713,48.667209],[2.3359981,48.6675089],[2.3368947,48.667453],[2.3376077,48.6670315],[2.3377959,48.6670759],[2.3382046,48.6678622],[2.3391439,48.6685372],[2.3388849,48.6689457],[2.3384089,48.6691395],[2.3384545,48.6694205],[2.3379141,48.669743],[2.3376979,48.6701811],[2.3366251,48.6707742],[2.3366315,48.6713232],[2.3358516,48.672323],[2.3362647,48.6728403],[2.3352203,48.6748968],[2.3363828,48.6760613],[2.3372411,48.6766394],[2.336076,48.6771244],[2.3351339,48.6783487],[2.3316159,48.6802869],[2.3321351,48.6809319],[2.3312456,48.6814908],[2.330138,48.682602],[2.3267037,48.6866125],[2.3237606,48.684678],[2.3235824,48.6842683],[2.3223067,48.6835788],[2.3228231,48.6833021],[2.3200871,48.6817081],[2.3173383,48.6811706],[2.3153578,48.6800609],[2.3099522,48.6782484],[2.3088625,48.6776561],[2.3048555,48.6785937],[2.3060122,48.6778415],[2.301987,48.672276],[2.2996263,48.6730992],[2.2996968,48.6721139],[2.3005401,48.6703336],[2.3002175,48.6698537],[2.3038239,48.6678488],[2.3051499,48.665913],[2.3045427,48.6646849],[2.3045703,48.6640993],[2.3049599,48.6637096],[2.3074446,48.662563],[2.3080409,48.6616952],[2.3076247,48.6610072],[2.3065045,48.6601385],[2.3062838,48.6597687],[2.3080345,48.6579881],[2.3093141,48.6571429]]]]}},{"type":"Feature","properties":{"id":"91225","nom":"ETIOLLES","created":"2005-05-20","updated":"2026-01-20","code_commune":"91225"},"geometry":{"type":"MultiPolygon","coordinates":[[[[2.4710687,48.6249251],[2.4731288,48.6261316],[2.47397,48.6263613],[2.4738842,48.6264994],[2.4754865,48.6270057],[2.4754328,48.6270969],[2.4768111,48.6276299],[2.4775654,48.6280958],[2.4777681,48.6279702],[2.4797697,48.6290662],[2.4798759,48.6289026],[2.4813562,48.6295096],[2.4817615,48.6290655],[2.4842389,48.6301585],[2.4833807,48.6312757],[2.4854641,48.6322346],[2.4852611,48.6327011],[2.4877089,48.6352494],[2.4876968,48.6359873],[2.4888472,48.636134],[2.4901197,48.6382032],[2.4914675,48.639885],[2.491291,48.6404131],[2.4901978,48.6419373],[2.4898073,48.6434334],[2.4921924,48.6444117],[2.4942051,48.6454603],[2.4958858,48.6459795],[2.4982659,48.6470216],[2.4989829,48.6476375],[2.499436,48.648513],[2.5015375,48.6503841],[2.50469,48.6517048],[2.5097202,48.6534642],[2.5070146,48.6554587],[2.5078973,48.6563883],[2.5078093,48.6568149],[2.5104848,48.6590127],[2.5105341,48.658263],[2.511874,48.6573901],[2.5130242,48.657736],[2.5179858,48.6604842],[2.5040615,48.6718601],[2.5018246,48.6713016],[2.5015128,48.6713478],[2.5012174,48.6711471],[2.4988088,48.6706175],[2.4943676,48.6693233],[2.4938961,48.6693287],[2.4808338,48.6660536],[2.4803556,48.6660375],[2.4684956,48.6629592],[2.4705951,48.6624335],[2.4704316,48.6619044],[2.4680419,48.6604321],[2.4666392,48.6592553],[2.4657896,48.6578175],[2.4662781,48.6560622],[2.4671046,48.6550685],[2.4677318,48.6545591],[2.4686831,48.6541122],[2.4689351,48.6537022],[2.4682789,48.6522713],[2.4673051,48.6521005],[2.4664025,48.6511401],[2.46555,48.6470496],[2.4630434,48.6453905],[2.4637409,48.6450764],[2.4624859,48.6440988],[2.4590034,48.6422574],[2.4519703,48.6377118],[2.4544699,48.6369971],[2.456984,48.6355852],[2.4584203,48.6344119],[2.4590261,48.6329384],[2.461133,48.6306133],[2.4643334,48.6286887],[2.4668587,48.627551],[2.4710687,48.6249251]]]]}},{"type":"Feature","properties":{"id":"91228","nom":"EVRY-COURCOURONNES","created":"2005-02-18","updated":"2026-02-04","code_commune":"91228"},"geometry":{"type":"MultiPolygon","coordinates":[[[[2.4075497,48.6088326],[2.4080766,48.6087144],[2.4092839,48.6119688],[2.4077028,48.6132033],[2.4077959,48.6134925],[2.4116149,48.6134936],[2.4176442,48.6139088],[2.4269,48.6133675],[2.4363951,48.6109787],[2.4380155,48.6127475],[2.4375729,48.6130193],[2.438072,48.6143397],[2.4393867,48.614043],[2.4399085,48.6133964],[2.4408499,48.6129621],[2.4422466,48.6133189],[2.4441442,48.6142055],[2.448022,48.6171796],[2.4486941,48.6165774],[2.4527571,48.6189213],[2.4571351,48.6211729],[2.4565669,48.6217351],[2.457758,48.6222495],[2.4590922,48.6227394],[2.4597599,48.6219918],[2.4615939,48.6225448],[2.4615048,48.622757],[2.4654987,48.6233269],[2.4680628,48.6240982],[2.4705133,48.6253693],[2.4668587,48.627551],[2.4643334,48.6286887],[2.461133,48.6306133],[2.4590261,48.6329384],[2.4582568,48.6345952],[2.4559539,48.6362544],[2.4544699,48.6369971],[2.4517142,48.6377842],[2.4490846,48.6388623],[2.4479534,48.6398126],[2.4466762,48.6417081],[2.4431693,48.6443378],[2.4397087,48.6472431],[2.4377166,48.6485336],[2.4355229,48.6472891],[2.4349825,48.6467669],[2.4350858,48.6466356],[2.4347877,48.6462675],[2.4315981,48.644411],[2.4263554,48.6410198],[2.4219381,48.644742],[2.4215182,48.6446925],[2.4210212,48.6438167],[2.4194051,48.6380997],[2.4157245,48.6385357],[2.4152003,48.6377091],[2.4131712,48.6362747],[2.4126799,48.6355003],[2.4104953,48.6349947],[2.4078913,48.6347277],[2.4069924,48.6343191],[2.406363,48.6333734],[2.4065508,48.6328131],[2.4069294,48.6326235],[2.4065648,48.6323737],[2.4048765,48.6300718],[2.4045444,48.6301909],[2.4042783,48.627527],[2.4036635,48.6264709],[2.4020961,48.6269516],[2.4000578,48.6269234],[2.3981112,48.6262481],[2.3990482,48.6238283],[2.400836,48.6235301],[2.3989922,48.6224319],[2.3980906,48.622244],[2.3966411,48.6216059],[2.3936871,48.6206211],[2.3920159,48.6186528],[2.3937516,48.6183774],[2.3937801,48.6179327],[2.3953809,48.6179493],[2.3966336,48.6163081],[2.3979415,48.6149843],[2.3996869,48.6149282],[2.4018182,48.6146438],[2.4000168,48.6098043],[2.4060873,48.6091583],[2.4075497,48.6088326]]]]}},{"type":"Feature","properties":{"id":"91235","nom":"FLEURY-MEROGIS","created":"2006-01-23","updated":"2025-11-25","code_commune":"91235"},"geometry":{"type":"MultiPolygon","coordinates":[[[[2.3591243,48.6182205],[2.3619074,48.617648],[2.3660879,48.6174223],[2.3671922,48.6194802],[2.3689577,48.6184],[2.3715929,48.6176388],[2.3725002,48.6216641],[2.3724495,48.6226908],[2.3720476,48.6237403],[2.3732608,48.6237608],[2.3734315,48.6253866],[2.3739241,48.6253683],[2.374409,48.6271787],[2.3774021,48.6269485],[2.3776607,48.6278414],[2.3793309,48.6275138],[2.3800702,48.6287172],[2.3812466,48.62984],[2.3815864,48.6296455],[2.3832555,48.6301328],[2.3875405,48.6373154],[2.392986,48.6411613],[2.3902563,48.6420834],[2.3910427,48.6430523],[2.3901959,48.6439002],[2.3892716,48.644216],[2.388772,48.644649],[2.3855996,48.6455977],[2.3792561,48.6455743],[2.375158,48.6449398],[2.3749282,48.6456797],[2.3707734,48.6467044],[2.3704505,48.6455232],[2.3693648,48.6441395],[2.3650579,48.6451813],[2.3656515,48.6462619],[2.363402,48.647224],[2.3623091,48.6480696],[2.3608696,48.6468626],[2.3591315,48.6461925],[2.3587247,48.6456246],[2.358627,48.6447933],[2.3579474,48.6435369],[2.3553376,48.6414305],[2.3570392,48.6385865],[2.3563119,48.6378145],[2.3565613,48.6375862],[2.3542521,48.6331957],[2.353121,48.6317673],[2.3506439,48.6299438],[2.3494239,48.6278793],[2.3507581,48.6274367],[2.3520539,48.6266276],[2.352757,48.6264485],[2.3498745,48.6202694],[2.3515467,48.619804],[2.3534247,48.6194953],[2.3555556,48.619517],[2.3570753,48.6188578],[2.3591243,48.6182205]]]]}},{"type":"Feature","properties":{"id":"91244","nom":"FONTENAY-LE-VICOMTE","created":"2004-12-08","updated":"2025-11-14","code_commune":"91244"},"geometry":{"type":"MultiPolygon","coordinates":[[[[2.4053902,48.532119],[2.4086722,48.5348025],[2.414248,48.5377285],[2.4171516,48.5396206],[2.4204833,48.5406232],[2.4216732,48.5412428],[2.422483,48.54185],[2.4249539,48.5445078],[2.4212461,48.5466701],[2.4176719,48.5484785],[2.420083,48.550584],[2.4184209,48.551337],[2.4182499,48.5512035],[2.4160059,48.5528346],[2.4130491,48.5527986],[2.414335,48.5532957],[2.4171783,48.5548544],[2.4165813,48.5549585],[2.4132627,48.5564198],[2.4122968,48.5560569],[2.4122197,48.5558765],[2.4119069,48.5558912],[2.4025838,48.5628118],[2.4028848,48.5629895],[2.4025911,48.5631826],[2.4020328,48.5630708],[2.4009473,48.5622097],[2.3994502,48.5615026],[2.3995342,48.56077],[2.3998931,48.5602692],[2.3996142,48.5599524],[2.3983843,48.5597792],[2.3976542,48.5594653],[2.3960312,48.5591453],[2.3947614,48.5586207],[2.393625,48.5585521],[2.392861,48.5581993],[2.3919141,48.5581205],[2.3904078,48.5572155],[2.3884892,48.5566777],[2.3877267,48.5559162],[2.3863812,48.5560459],[2.3854579,48.55577],[2.384541,48.5550576],[2.3823915,48.5539033],[2.380144,48.5519495],[2.3781037,48.5508612],[2.3769303,48.5499355],[2.3757688,48.5488802],[2.3755621,48.5480271],[2.3743915,48.5460269],[2.3744204,48.545717],[2.3771749,48.5443944],[2.377532,48.5445057],[2.3846257,48.5405919],[2.3858174,48.5409712],[2.3892957,48.542728],[2.3876778,48.540963],[2.387128,48.5391208],[2.390199,48.5380331],[2.3899557,48.5377834],[2.3915772,48.5372475],[2.3918221,48.5376006],[2.3938799,48.5368483],[2.394855,48.5377556],[2.397465,48.5363803],[2.3977747,48.5361216],[2.3976142,48.5359675],[2.4022611,48.5333196],[2.401935,48.5330864],[2.4046022,48.5315241],[2.4053902,48.532119]]]]}},{"type":"Feature","properties":{"id":"91272","nom":"GIF SUR YVETTE","created":"2006-05-09","updated":"2025-12-11","code_commune":"91272"},"geometry":{"type":"MultiPolygon","coordinates":[[[[2.1120592,48.6740309],[2.1128822,48.6752405],[2.1136287,48.675809],[2.1144458,48.6770387],[2.1148199,48.6773297],[2.1150042,48.6772454],[2.1165533,48.6786008],[2.1195587,48.6775841],[2.1202472,48.6807213],[2.1217049,48.6800894],[2.1218148,48.681142],[2.1198014,48.6820529],[2.1202567,48.6826412],[2.1205221,48.682522],[2.1217066,48.684946],[2.1241496,48.6842036],[2.1264507,48.6830578],[2.1268578,48.6834054],[2.1266925,48.6834455],[2.1272314,48.6856496],[2.1277743,48.685705],[2.1278761,48.6858859],[2.1289332,48.6859114],[2.129129,48.685783],[2.1330373,48.6863343],[2.1344854,48.6860997],[2.1356836,48.685715],[2.1375879,48.6859534],[2.1385267,48.685842],[2.1387234,48.6860381],[2.140095,48.6856152],[2.141608,48.6861404],[2.1415919,48.6866686],[2.1422858,48.6867207],[2.1422855,48.686863],[2.1430413,48.6868123],[2.1438377,48.6865272],[2.1472676,48.6878506],[2.1484965,48.6889791],[2.1468187,48.6896405],[2.1457123,48.6884149],[2.1453683,48.6885402],[2.1449774,48.6883214],[2.1440874,48.6889678],[2.1447205,48.689358],[2.1442712,48.689713],[2.1446746,48.6899279],[2.1439596,48.6906061],[2.1442461,48.6907198],[2.1438994,48.6911061],[2.144167,48.6912096],[2.143982,48.691585],[2.1420433,48.6912346],[2.1415769,48.6920896],[2.1414522,48.6930263],[2.1416378,48.6938422],[2.1443328,48.6939726],[2.1444863,48.6949653],[2.1453987,48.6948523],[2.1454479,48.6959083],[2.1457192,48.695902],[2.1457582,48.6967175],[2.1415932,48.6978483],[2.1420724,48.6987374],[2.1423649,48.6989365],[2.1428152,48.6985871],[2.1431723,48.698595],[2.1440686,48.698157],[2.1447818,48.6981938],[2.1452793,48.6985388],[2.1458897,48.6985863],[2.1462643,48.6982563],[2.1467579,48.6983043],[2.1473909,48.6979242],[2.1477864,48.6979191],[2.148436,48.6982829],[2.1484208,48.6985716],[2.1490748,48.6989234],[2.1509222,48.6987129],[2.1511863,48.7006174],[2.1521503,48.7004834],[2.1528701,48.7001711],[2.1529049,48.7023488],[2.1535726,48.7023715],[2.1542979,48.7026166],[2.1567025,48.7027701],[2.1560678,48.7038705],[2.1568343,48.7040363],[2.1565594,48.7048052],[2.1588043,48.706034],[2.1622958,48.7067061],[2.1628918,48.7070319],[2.1646014,48.7070461],[2.1654561,48.7068522],[2.1654684,48.7069827],[2.1700926,48.7065392],[2.1706727,48.7066137],[2.1715583,48.7083058],[2.1721903,48.7136672],[2.1725646,48.714802],[2.1720728,48.7146649],[2.1713693,48.7147973],[2.1717417,48.7160637],[2.1684627,48.7164729],[2.1663962,48.7159061],[2.1666168,48.7155324],[2.1661539,48.7154664],[2.156591,48.7168024],[2.1548242,48.7184669],[2.1543657,48.7169431],[2.1540151,48.7169553],[2.1540955,48.7149704],[2.1533649,48.7104725],[2.1538311,48.7104312],[2.1537142,48.7072488],[2.148357,48.7076782],[2.1482808,48.7073244],[2.1466029,48.7074575],[2.146541,48.7070872],[2.1459881,48.7069551],[2.1458444,48.7062073],[2.1460714,48.7056825],[2.1429716,48.7060435],[2.1382355,48.7059926],[2.1383523,48.7062169],[2.1375513,48.7059977],[2.1365234,48.7060463],[2.1354566,48.7066252],[2.1349067,48.7079994],[2.1346267,48.708238],[2.134185,48.7082794],[2.1331762,48.7078634],[2.1317953,48.7082022],[2.1286208,48.7100629],[2.1279896,48.7099786],[2.1273929,48.7094992],[2.1257814,48.7105661],[2.1246624,48.7116624],[2.1237218,48.7129141],[2.1237373,48.7135442],[2.1240846,48.7141131],[2.1232213,48.7157714],[2.1227934,48.7155919],[2.1218911,48.7155958],[2.121229,48.7153716],[2.1179351,48.714887],[2.1162143,48.7143447],[2.1152492,48.7143951],[2.1142135,48.7141815],[2.1132592,48.7143266],[2.1126102,48.714593],[2.1115002,48.7145326],[2.1105175,48.7148074],[2.1023999,48.7054702],[2.1007405,48.7028113],[2.099829,48.7024376],[2.0968446,48.7028429],[2.095892,48.7002421],[2.0982531,48.6997235],[2.0968353,48.6974705],[2.0974558,48.6942544],[2.0990336,48.6938197],[2.1017629,48.6942222],[2.102624,48.6945976],[2.1059258,48.6946654],[2.1064001,48.6948124],[2.1067823,48.693771],[2.1074432,48.6929812],[2.1083064,48.6931754],[2.1085209,48.6927541],[2.1097348,48.6937135],[2.1104609,48.6919454],[2.1114807,48.6918006],[2.1118518,48.6925256],[2.1141513,48.6923964],[2.1155887,48.6917641],[2.1164966,48.6911182],[2.1155517,48.6898266],[2.1153351,48.6898267],[2.1152165,48.6891933],[2.1144734,48.6887328],[2.1126501,48.6883124],[2.1103818,48.6891679],[2.1101281,48.6901218],[2.1084599,48.6899702],[2.1080407,48.6892449],[2.1097696,48.6886483],[2.1070022,48.6857677],[2.1055533,48.6864462],[2.1041994,48.6850458],[2.1022086,48.6821936],[2.1024872,48.6817936],[2.1034587,48.6816618],[2.102612,48.6790865],[2.1037478,48.6790447],[2.1013978,48.6756607],[2.1048441,48.6757135],[2.1120592,48.6740309]]]]}},{"type":"Feature","properties":{"id":"91275","nom":"GOMETZ-LE-CHATEL","created":"2007-02-13","updated":"2025-10-27","code_commune":"91275"},"geometry":{"type":"MultiPolygon","coordinates":[[[[2.1365895,48.6858442],[2.1356076,48.6857547],[2.1339265,48.6862834],[2.1327847,48.6863969],[2.1306402,48.6861391],[2.1294544,48.6858226],[2.1288185,48.6859292],[2.1278072,48.6858471],[2.1277774,48.6857268],[2.1272356,48.6856499],[2.1267146,48.6834474],[2.1268796,48.683408],[2.1264507,48.6830578],[2.1241496,48.6842036],[2.121702,48.6849462],[2.1205255,48.6825253],[2.1202604,48.6826437],[2.1197982,48.6820526],[2.121826,48.681154],[2.1216875,48.6800746],[2.1225955,48.6796838],[2.1250506,48.6795204],[2.1247582,48.6773455],[2.1250432,48.6744413],[2.1252913,48.6742804],[2.1272006,48.6739468],[2.1336457,48.6708948],[2.1372013,48.669665],[2.1370913,48.6694119],[2.1377498,48.6692463],[2.1371254,48.6672811],[2.1377495,48.6670484],[2.1401639,48.6666478],[2.1384177,48.6651417],[2.1401562,48.6645121],[2.1428675,48.6630233],[2.145753,48.662249],[2.1501722,48.6613557],[2.1532131,48.6598752],[2.1553566,48.6599411],[2.1558065,48.6596209],[2.1565748,48.6604167],[2.157124,48.6618099],[2.155954,48.6620424],[2.1549627,48.6624248],[2.1527421,48.6637828],[2.1545482,48.6669183],[2.1568552,48.6664399],[2.1594215,48.6697324],[2.1634888,48.6732133],[2.1641046,48.6751299],[2.1632443,48.6753789],[2.1632912,48.6754671],[2.159259,48.6757487],[2.1592968,48.6761108],[2.1573517,48.6764267],[2.1563248,48.6760932],[2.1556062,48.6755796],[2.1552121,48.6759947],[2.154654,48.6761061],[2.1539924,48.6766008],[2.15359,48.6772826],[2.1538947,48.6778655],[2.1527266,48.6789711],[2.1515988,48.6795542],[2.1510667,48.6805186],[2.1509008,48.6813595],[2.1512048,48.6815335],[2.1512206,48.6831596],[2.1501839,48.6832005],[2.150362,48.68412],[2.1507948,48.6848786],[2.1500515,48.6853753],[2.1500586,48.6856909],[2.1503356,48.6858227],[2.1498326,48.6864869],[2.1487422,48.6858491],[2.1479741,48.6858813],[2.1473079,48.6855974],[2.1471657,48.6857175],[2.1467493,48.6855886],[2.1468516,48.6852929],[2.1461656,48.6852342],[2.1453484,48.6842772],[2.145036,48.6844273],[2.1447476,48.6851582],[2.14319,48.6859268],[2.1421123,48.6861272],[2.1415994,48.6861345],[2.1400906,48.6856189],[2.1387285,48.6860413],[2.1385249,48.6858475],[2.1375864,48.6859571],[2.1365895,48.6858442]]]]}},{"type":"Feature","properties":{"id":"91286","nom":"GRIGNY","created":"2002-10-31","updated":"2025-10-27","code_commune":"91286"},"geometry":{"type":"MultiPolygon","coordinates":[[[[2.3909916,48.6431377],[2.3928718,48.6445759],[2.3953596,48.6477648],[2.3981813,48.6522732],[2.396114,48.6526783],[2.396711,48.6535571],[2.3969188,48.6542651],[2.3993706,48.6577224],[2.4028465,48.6611158],[2.4009012,48.6627074],[2.4037682,48.6646521],[2.404062,48.6644462],[2.4044512,48.6647277],[2.4040756,48.6650235],[2.4072418,48.6672342],[2.4038313,48.6685597],[2.3991665,48.6712589],[2.3959921,48.6736278],[2.3825889,48.6648949],[2.3803084,48.6636593],[2.3801853,48.6637899],[2.3795391,48.6634089],[2.3702606,48.6511177],[2.3674486,48.6478645],[2.3676268,48.6475879],[2.3671546,48.6475363],[2.3659533,48.6461508],[2.3656852,48.6462516],[2.3650741,48.6451774],[2.3693648,48.6441395],[2.3704505,48.6455232],[2.3707734,48.6467044],[2.3749282,48.6456797],[2.375158,48.6449398],[2.3792561,48.6455743],[2.3855996,48.6455977],[2.388772,48.644649],[2.3892905,48.6442376],[2.3902034,48.6439083],[2.3909916,48.6431377]]]]}},{"type":"Feature","properties":{"id":"91312","nom":"IGNY","created":"2005-03-24","updated":"2025-11-14","code_commune":"91312"},"geometry":{"type":"MultiPolygon","coordinates":[[[[2.2233133,48.7250074],[2.2270358,48.7277403],[2.2279205,48.7280657],[2.2287808,48.7281405],[2.2289554,48.7280382],[2.2297681,48.7283772],[2.2285659,48.7299174],[2.229929,48.7297286],[2.2312892,48.7300756],[2.2306466,48.7276618],[2.2309534,48.7275226],[2.2327844,48.7283707],[2.2350288,48.7275662],[2.2363227,48.7283119],[2.2417557,48.7323438],[2.2377655,48.7356108],[2.2384339,48.735738],[2.2374311,48.7363647],[2.2380612,48.7374294],[2.2372845,48.7376606],[2.2373522,48.7378566],[2.2368757,48.7380827],[2.2358668,48.7404122],[2.2365255,48.741081],[2.23522,48.7416256],[2.2346347,48.7417161],[2.2317298,48.7416244],[2.2308536,48.7421229],[2.2309907,48.7424396],[2.2306114,48.7427706],[2.2304929,48.7442583],[2.2301281,48.7445017],[2.22951,48.7454177],[2.2288794,48.7455551],[2.2302952,48.7463751],[2.2303084,48.7471815],[2.2279421,48.7481093],[2.2280428,48.7481869],[2.2276092,48.7485003],[2.2287781,48.7493078],[2.2280774,48.749715],[2.2267223,48.7498644],[2.2263666,48.7501543],[2.2223675,48.7486873],[2.2207337,48.7471754],[2.2183085,48.7456101],[2.2106065,48.7432834],[2.2116927,48.742256],[2.2109507,48.7412182],[2.2102856,48.7407383],[2.2104289,48.7407048],[2.2059081,48.7378637],[2.2040827,48.7375371],[2.2040678,48.7369343],[2.2075083,48.7368936],[2.2100172,48.737257],[2.2147431,48.7387147],[2.2150055,48.7383148],[2.2169091,48.7380069],[2.216926,48.7377317],[2.2166728,48.7376144],[2.2175897,48.7363141],[2.2173235,48.7361711],[2.217478,48.7356413],[2.2166034,48.7354836],[2.2162913,48.7348551],[2.2159665,48.7347228],[2.2158398,48.7348007],[2.2156052,48.7346161],[2.2153435,48.7346714],[2.2153413,48.7343164],[2.214993,48.7341514],[2.2153103,48.732848],[2.2151898,48.7319521],[2.2134219,48.7306279],[2.2135791,48.7296659],[2.2134342,48.72937],[2.2126165,48.7287545],[2.2134541,48.7281469],[2.2127064,48.7265435],[2.2129299,48.7263166],[2.2138365,48.7262061],[2.2152909,48.7257061],[2.2187297,48.7257973],[2.2215493,48.7254842],[2.2233133,48.7250074]]]]}},{"type":"Feature","properties":{"id":"91326","nom":"JUVISY SUR ORGE","created":"2004-04-01","updated":"2025-11-18","code_commune":"91326"},"geometry":{"type":"MultiPolygon","coordinates":[[[[2.3859763,48.6836465],[2.3861826,48.6852429],[2.3870767,48.6873945],[2.3899371,48.6918547],[2.3872499,48.6927898],[2.3868017,48.6923759],[2.3821345,48.6920146],[2.3814641,48.6922272],[2.3816211,48.6925412],[2.3811387,48.692631],[2.3812051,48.6927505],[2.3814085,48.6927092],[2.3813573,48.6933672],[2.3808622,48.6940416],[2.3813702,48.6957158],[2.379591,48.6960146],[2.379785,48.6964236],[2.379151,48.6965566],[2.3792326,48.6967073],[2.3776048,48.6971163],[2.3777335,48.6973762],[2.3773102,48.6974701],[2.3770478,48.6970621],[2.3721327,48.6982054],[2.3718396,48.6981748],[2.3692913,48.6967171],[2.3682026,48.6972258],[2.3627833,48.6986349],[2.3594472,48.6998005],[2.3585063,48.6988474],[2.3580359,48.6990458],[2.3569705,48.6979578],[2.3544745,48.6978109],[2.3558541,48.6948408],[2.3576319,48.6947344],[2.3572986,48.6943972],[2.3592378,48.6936224],[2.3594105,48.6938018],[2.3603415,48.6934172],[2.3607919,48.6938678],[2.3611946,48.6936959],[2.3659728,48.6941115],[2.3645291,48.6926712],[2.3630438,48.6915776],[2.3644099,48.6909443],[2.3646816,48.6912329],[2.3660196,48.6906263],[2.3699611,48.6894052],[2.3688817,48.6885224],[2.3700342,48.687903],[2.369895,48.6878079],[2.3704798,48.6874771],[2.3696442,48.6869337],[2.3704725,48.6864676],[2.3697777,48.684465],[2.3731113,48.6863581],[2.3759509,48.6839284],[2.3784733,48.6852552],[2.378141,48.6854918],[2.3789236,48.685844],[2.3799358,48.6846293],[2.3832562,48.6836871],[2.3859763,48.6836465]]]]}},{"type":"Feature","properties":{"id":"91333","nom":"LEUVILLE-SUR-ORGE","created":"2003-03-25","updated":"2025-12-03","code_commune":"91333"},"geometry":{"type":"MultiPolygon","coordinates":[[[[2.2680681,48.6064941],[2.2682787,48.6065221],[2.2692094,48.6074567],[2.2718092,48.6082115],[2.27291,48.6089543],[2.2734502,48.6102459],[2.2735759,48.6107848],[2.2734158,48.611041],[2.274327,48.6111168],[2.2743898,48.6115185],[2.2749239,48.6115169],[2.2749613,48.611985],[2.2762366,48.6132821],[2.2772464,48.6137675],[2.2776795,48.6146343],[2.2782392,48.6147099],[2.2790315,48.6151218],[2.2837092,48.6167888],[2.2833503,48.6168889],[2.2829324,48.6173338],[2.2818017,48.6172516],[2.2818128,48.6174138],[2.2827091,48.6175467],[2.2829686,48.6181738],[2.282039,48.6189723],[2.2816072,48.6186599],[2.2784506,48.6207605],[2.276002,48.622031],[2.2738814,48.6223824],[2.2712776,48.6214964],[2.2667649,48.6238171],[2.2668668,48.6232288],[2.266209,48.6234169],[2.2660262,48.6231708],[2.2646447,48.6235303],[2.2626887,48.621678],[2.2620995,48.6217712],[2.2606186,48.6188456],[2.2600778,48.6172626],[2.2572403,48.6127149],[2.2566128,48.6104508],[2.2559535,48.6093439],[2.2556091,48.6069597],[2.2557169,48.6063687],[2.2580004,48.6060665],[2.2590803,48.6061487],[2.2600614,48.6058845],[2.2618313,48.6051683],[2.2633927,48.6042028],[2.2633541,48.6037502],[2.265495,48.6031789],[2.2659452,48.6052111],[2.2680681,48.6064941]]]]}},{"type":"Feature","properties":{"id":"91339","nom":"LINAS","created":"2005-08-03","updated":"2026-01-20","code_commune":"91339"},"geometry":{"type":"MultiPolygon","coordinates":[[[[2.238484,48.6131021],[2.2462032,48.6145919],[2.2505074,48.6150796],[2.2514375,48.6149663],[2.2557703,48.6136084],[2.256847,48.6134235],[2.2576152,48.6134747],[2.2600778,48.6172626],[2.2606186,48.6188456],[2.2620995,48.6217712],[2.2626887,48.621678],[2.2646328,48.62352],[2.266039,48.6231564],[2.266209,48.6234169],[2.2668668,48.6232288],[2.2667656,48.6236921],[2.2681224,48.6231698],[2.2712957,48.6214867],[2.273883,48.6223582],[2.2760595,48.6220132],[2.2785979,48.6239894],[2.2803802,48.6248589],[2.281019,48.6249957],[2.28081,48.6252996],[2.2798807,48.6255717],[2.2806146,48.6260207],[2.2815578,48.6269494],[2.2806081,48.6287449],[2.2795253,48.6300649],[2.2759947,48.630774],[2.2760953,48.6313055],[2.275837,48.6315609],[2.2763195,48.6324078],[2.2762502,48.6341387],[2.2758631,48.6344571],[2.2751494,48.6348703],[2.2741933,48.6342452],[2.2729474,48.6338108],[2.2722517,48.633143],[2.2699711,48.6345782],[2.2704425,48.6353704],[2.2709145,48.6355171],[2.2701787,48.6359304],[2.2702688,48.6360291],[2.2683053,48.6368576],[2.2683648,48.6371537],[2.2688823,48.6370569],[2.2690242,48.637198],[2.2629751,48.6388352],[2.2595941,48.639146],[2.2564279,48.6388677],[2.2531361,48.6393529],[2.2478667,48.6378162],[2.2477309,48.6370458],[2.2471863,48.6368762],[2.2455784,48.6371547],[2.2440516,48.6372325],[2.2447162,48.6356076],[2.2441696,48.6348884],[2.2438103,48.6339662],[2.2432139,48.6310667],[2.2431999,48.6313995],[2.2398542,48.6318007],[2.2399183,48.6323154],[2.2363498,48.6317013],[2.2355099,48.631147],[2.2338177,48.63054],[2.2326484,48.631042],[2.2323879,48.6305671],[2.227005,48.6284044],[2.2254902,48.6286336],[2.2241308,48.6223638],[2.2234015,48.6217864],[2.2262379,48.6216123],[2.2261487,48.6197687],[2.2273642,48.6196914],[2.2291135,48.6191543],[2.2308239,48.6192246],[2.2313953,48.6190455],[2.2324257,48.6191798],[2.2328436,48.6182507],[2.2325147,48.616643],[2.2334761,48.6144651],[2.2336807,48.6132312],[2.238484,48.6131021]]]]}},{"type":"Feature","properties":{"id":"91340","nom":"LISSES","created":"2005-03-01","updated":"2026-01-14","code_commune":"91340"},"geometry":{"type":"MultiPolygon","coordinates":[[[[2.4238433,48.5731937],[2.4244518,48.5734848],[2.4243598,48.5742326],[2.4264377,48.575204],[2.4267842,48.5755627],[2.4276819,48.5755122],[2.4282059,48.5757003],[2.4295402,48.5756252],[2.4313518,48.5763998],[2.4321931,48.5765779],[2.4348818,48.576608],[2.4364661,48.5764715],[2.4375538,48.5769873],[2.4391611,48.5771305],[2.4386904,48.5784927],[2.4360575,48.5818001],[2.4354191,48.5834348],[2.4352239,48.5834228],[2.432329,48.5889878],[2.4383377,48.5924985],[2.4403333,48.593291],[2.4402049,48.5934254],[2.4405324,48.5935409],[2.4396805,48.5944783],[2.4415956,48.5951553],[2.4437456,48.5958578],[2.4449453,48.5943109],[2.4459124,48.5945774],[2.4460904,48.5943372],[2.4488847,48.5952201],[2.449347,48.5947405],[2.4503502,48.5951621],[2.4507147,48.5953989],[2.4500556,48.5962145],[2.4492871,48.5985707],[2.4488827,48.5990053],[2.4490164,48.6002102],[2.4498046,48.6021074],[2.4507126,48.6028042],[2.4519569,48.6031228],[2.4541249,48.6032048],[2.4564004,48.6042365],[2.4574042,48.6042183],[2.4582436,48.6044684],[2.4560645,48.6046511],[2.4538724,48.6043095],[2.4528211,48.60489],[2.4517112,48.6047094],[2.4516378,48.6048293],[2.4505043,48.6050302],[2.4494497,48.6059122],[2.4487152,48.6056404],[2.4463298,48.6085242],[2.4456322,48.608444],[2.4445827,48.6094011],[2.4432882,48.6088589],[2.4428555,48.6107311],[2.4399265,48.6105272],[2.4381141,48.6105616],[2.4268533,48.6133784],[2.4176442,48.6139088],[2.4116149,48.6134936],[2.4077959,48.6134925],[2.4077028,48.6132033],[2.4092839,48.6119688],[2.4080881,48.6087154],[2.4060873,48.6091583],[2.3999758,48.6098116],[2.3985455,48.6071736],[2.3995557,48.6070246],[2.3991059,48.6058134],[2.3997206,48.6056444],[2.3996631,48.6051409],[2.4014618,48.6050178],[2.4021548,48.6048257],[2.4020974,48.6042262],[2.4022594,48.6040788],[2.4020278,48.6039778],[2.4015446,48.6040523],[2.3997929,48.6025838],[2.4032484,48.6011676],[2.4051118,48.6006506],[2.4051939,48.6003666],[2.406334,48.6003177],[2.405767,48.597719],[2.407127,48.5949081],[2.4056182,48.5946883],[2.405163,48.5939953],[2.4031494,48.5932818],[2.3990308,48.5923079],[2.394594,48.5901712],[2.3947375,48.5900945],[2.3936753,48.589291],[2.3937798,48.5892028],[2.3939525,48.5892987],[2.3949062,48.5900351],[2.3973138,48.5891142],[2.3978865,48.5894616],[2.3995599,48.5916756],[2.4014616,48.5906054],[2.4036566,48.5918258],[2.4074538,48.5887776],[2.4096787,48.5891953],[2.4119336,48.5875236],[2.4110127,48.5871524],[2.4119007,48.5862062],[2.4131893,48.5866556],[2.4154589,48.5839975],[2.4148101,48.5837183],[2.4162076,48.5818162],[2.4159599,48.581708],[2.418,48.5802141],[2.4178787,48.5797217],[2.4159527,48.5779639],[2.4181595,48.576714],[2.4170702,48.575697],[2.4187987,48.5748596],[2.4191783,48.5751836],[2.4223263,48.5732734],[2.4226093,48.5734176],[2.4238433,48.5731937]]]]}},{"type":"Feature","properties":{"id":"91345","nom":"LONGJUMEAU","created":"2009-01-12","updated":"2025-10-27","code_commune":"91345"},"geometry":{"type":"MultiPolygon","coordinates":[[[[2.3088965,48.6776002],[2.3112725,48.6787576],[2.3127708,48.6791271],[2.3152706,48.6800281],[2.3176192,48.6812733],[2.3203611,48.6818219],[2.3227524,48.6833574],[2.3222317,48.6836162],[2.3235164,48.6843275],[2.3236216,48.6846828],[2.3283581,48.6875647],[2.3235031,48.6905445],[2.3215818,48.6909115],[2.3166446,48.692237],[2.3162183,48.692196],[2.3160088,48.6913028],[2.3157923,48.6911148],[2.3162374,48.6881388],[2.3157014,48.6883602],[2.3151276,48.6888689],[2.3131694,48.6895442],[2.3120363,48.6896558],[2.3105343,48.6903338],[2.3104901,48.690716],[2.3101122,48.6906043],[2.3087837,48.691213],[2.3080843,48.6912888],[2.306615,48.6921299],[2.3055124,48.6930041],[2.3053683,48.6943889],[2.3059236,48.694768],[2.3068992,48.6959324],[2.3067722,48.6964014],[2.3021532,48.6983743],[2.3012777,48.6985897],[2.3029167,48.7016551],[2.3039311,48.7016051],[2.3042911,48.7035069],[2.3042626,48.7039125],[2.3036679,48.7046124],[2.3036235,48.705448],[2.3021896,48.7055346],[2.3023433,48.7068344],[2.3009148,48.7069117],[2.3003131,48.704527],[2.2998584,48.7042342],[2.296527,48.7041534],[2.2940591,48.704836],[2.2933986,48.7039866],[2.2932247,48.7039977],[2.292319,48.7016311],[2.2928983,48.7014583],[2.2927398,48.7011557],[2.2929792,48.7010757],[2.2916996,48.698656],[2.2898137,48.6991653],[2.2892089,48.6983341],[2.2848294,48.6993568],[2.2844627,48.6984508],[2.2838187,48.6980108],[2.2830535,48.6960457],[2.2832165,48.6956937],[2.2837428,48.6958519],[2.2835836,48.6961088],[2.284033,48.6960846],[2.284211,48.6958496],[2.2847335,48.6958389],[2.2850198,48.6961705],[2.28515,48.6953692],[2.2868586,48.6954317],[2.2867505,48.6940334],[2.2881174,48.6939485],[2.2879469,48.6923213],[2.2871783,48.6922776],[2.2867679,48.6902918],[2.2872733,48.6903427],[2.2865157,48.6884441],[2.2875946,48.6882737],[2.2860923,48.6861405],[2.2889623,48.6841594],[2.2895458,48.6851051],[2.2921903,48.6832194],[2.2924888,48.6834061],[2.2952492,48.6813366],[2.2964203,48.6822788],[2.3000244,48.6806558],[2.2994519,48.6797986],[2.2993324,48.6791298],[2.2995472,48.6787336],[2.3000689,48.678902],[2.3007243,48.6786775],[2.3013019,48.6788416],[2.3018341,48.6785046],[2.3024243,48.678432],[2.3028246,48.6786898],[2.303631,48.6787228],[2.3048732,48.6785687],[2.3088965,48.6776002]]]]}},{"type":"Feature","properties":{"id":"91347","nom":"LONGPONT-SUR-ORGE","created":"2003-12-24","updated":"2026-04-02","code_commune":"91347"},"geometry":{"type":"MultiPolygon","coordinates":[[[[2.2842231,48.6173083],[2.2842776,48.617541],[2.2855692,48.6181442],[2.285792,48.61796],[2.2862815,48.6182407],[2.2869029,48.6179828],[2.2874763,48.6182769],[2.2875955,48.6179994],[2.2881612,48.6181938],[2.2879638,48.6185514],[2.2885845,48.6185985],[2.2896041,48.6184367],[2.2900174,48.6182021],[2.2911272,48.6187249],[2.2912967,48.6190225],[2.2915768,48.6188998],[2.2916504,48.6190418],[2.2919116,48.6198061],[2.2916118,48.6201373],[2.2927868,48.6218682],[2.2922293,48.6222545],[2.2929389,48.6233009],[2.2923199,48.6236005],[2.29238,48.6241334],[2.2926818,48.624534],[2.2921137,48.6251865],[2.2924721,48.6261665],[2.2928913,48.6261739],[2.2929579,48.6264142],[2.2927847,48.629336],[2.2931503,48.6299416],[2.2931076,48.6305399],[2.2934647,48.631243],[2.293378,48.6316873],[2.2937921,48.6340745],[2.2940247,48.6340779],[2.2942178,48.6349996],[2.2947282,48.6357489],[2.2958538,48.6357007],[2.2966026,48.6361575],[2.2963792,48.637602],[2.2973888,48.6378043],[2.2975547,48.6382025],[2.2971156,48.6384779],[2.2979058,48.63867],[2.2980313,48.6391394],[2.2986388,48.6396468],[2.2976367,48.6428754],[2.2978073,48.6452314],[2.2982766,48.6459029],[2.2970822,48.6465452],[2.2981542,48.6473941],[2.2977954,48.6482255],[2.298353,48.6490382],[2.2981972,48.6494428],[2.2991206,48.6503119],[2.2974113,48.6508147],[2.2967699,48.6506936],[2.2961742,48.6509323],[2.2950678,48.6510329],[2.2929641,48.6517216],[2.2926946,48.6519499],[2.2906,48.6525306],[2.2900505,48.6524991],[2.2896419,48.6527483],[2.2901071,48.6533507],[2.2901176,48.6542302],[2.2910694,48.6558409],[2.2913916,48.6575992],[2.2885686,48.6576428],[2.2826361,48.6594887],[2.2760917,48.6604263],[2.2727124,48.6517195],[2.2745668,48.6509791],[2.27494,48.6506735],[2.2763834,48.6491073],[2.2775384,48.6465885],[2.2792235,48.6454686],[2.2809461,48.6446765],[2.2820374,48.6443546],[2.2831395,48.6443743],[2.2817771,48.6437603],[2.2813966,48.6438204],[2.2802505,48.6410796],[2.2823069,48.6408276],[2.2820013,48.639718],[2.2822631,48.6396571],[2.2812403,48.6382141],[2.2825329,48.6371536],[2.2818299,48.6343913],[2.2802353,48.6327145],[2.2809404,48.6323185],[2.282104,48.6319843],[2.2830982,48.6303659],[2.2837342,48.629774],[2.281709,48.6269723],[2.2798936,48.6255669],[2.280817,48.6253131],[2.2809906,48.6250248],[2.2803865,48.6248908],[2.2786356,48.6240222],[2.2761072,48.6220364],[2.2785015,48.6207668],[2.2815805,48.6186986],[2.2820239,48.6189983],[2.282961,48.6181772],[2.2826656,48.6175706],[2.2841005,48.6175179],[2.2842231,48.6173083]]]]}},{"type":"Feature","properties":{"id":"91363","nom":"MARCOUSSIS","created":"2005-01-05","updated":"2025-12-11","code_commune":"91363"},"geometry":{"type":"MultiPolygon","coordinates":[[[[2.1922868,48.6689419],[2.191417,48.668394],[2.191548,48.6676952],[2.1919714,48.6675613],[2.1920878,48.6673313],[2.1919031,48.6672783],[2.1920592,48.6672217],[2.1909729,48.6666536],[2.1906115,48.6662772],[2.1898578,48.6649363],[2.1872999,48.6620649],[2.1854369,48.6611011],[2.1837376,48.6605484],[2.1835658,48.6603578],[2.1836438,48.6599318],[2.1810718,48.6590761],[2.180562,48.6592149],[2.1802806,48.6597193],[2.1796739,48.6600574],[2.1795923,48.6597839],[2.1798809,48.6591609],[2.1806765,48.658405],[2.1824695,48.658015],[2.1800859,48.6572605],[2.1772278,48.6561718],[2.1744603,48.6549018],[2.1726231,48.6543023],[2.1722134,48.6540891],[2.1739814,48.6530371],[2.1720903,48.6523449],[2.1706068,48.6514503],[2.1685857,48.6505597],[2.1661668,48.6499377],[2.163284,48.6494147],[2.1622357,48.648049],[2.1640654,48.6477983],[2.168648,48.6481518],[2.16482,48.6443495],[2.1714901,48.6422779],[2.1694835,48.639612],[2.1773502,48.6349615],[2.1769611,48.6337727],[2.181893,48.6317337],[2.1837388,48.6345662],[2.1839046,48.634535],[2.1868279,48.6375961],[2.1880156,48.6385873],[2.1887689,48.6384029],[2.1893571,48.6376523],[2.1916946,48.6363224],[2.1915944,48.6362302],[2.1927118,48.6354468],[2.1931579,48.6346477],[2.1942076,48.6339596],[2.1946616,48.6334294],[2.1985953,48.6312952],[2.2008706,48.6296817],[2.2018029,48.6285436],[2.2024078,48.6284407],[2.2037171,48.6286361],[2.2048848,48.6293766],[2.2055278,48.6306012],[2.2059719,48.6309523],[2.2140355,48.6306833],[2.2165953,48.6301749],[2.2209079,48.6297043],[2.2267889,48.6283191],[2.2323879,48.6305671],[2.2326484,48.631042],[2.2338177,48.63054],[2.2351636,48.6309834],[2.236356,48.6316985],[2.2399191,48.6323125],[2.2398526,48.6317967],[2.2432166,48.6313911],[2.2437808,48.6339201],[2.244702,48.6355879],[2.2440528,48.6372173],[2.2456296,48.6371341],[2.2471988,48.6368671],[2.2477363,48.6370396],[2.247873,48.6378071],[2.2533811,48.6393207],[2.2522052,48.6402662],[2.2514487,48.6413808],[2.2512146,48.6421091],[2.2495268,48.6432183],[2.2483205,48.6434704],[2.2484417,48.6456169],[2.2450397,48.6456589],[2.2375007,48.644727],[2.234681,48.6466699],[2.2357152,48.6475316],[2.2358469,48.647899],[2.2356062,48.6486001],[2.23078,48.6496117],[2.2296175,48.6497208],[2.2295994,48.6503522],[2.2281211,48.6506542],[2.2282028,48.6510737],[2.2278146,48.6511344],[2.227616,48.6509098],[2.2269093,48.6512576],[2.2267085,48.6517703],[2.2267896,48.6524082],[2.2261732,48.652716],[2.2261045,48.6532682],[2.2233669,48.6546409],[2.2215145,48.6566471],[2.2224926,48.6610191],[2.2236266,48.6611274],[2.2179763,48.6628621],[2.2160192,48.6639149],[2.2148622,48.6643394],[2.2069827,48.6666599],[2.2013743,48.6674225],[2.1970498,48.6678147],[2.196331,48.6680692],[2.1953089,48.668731],[2.1954105,48.6689807],[2.192841,48.6698002],[2.1922868,48.6689419]]]]}},{"type":"Feature","properties":{"id":"91377","nom":"MASSY","created":"2004-03-24","updated":"2026-01-05","code_commune":"91377"},"geometry":{"type":"MultiPolygon","coordinates":[[[[2.2939911,48.7119868],[2.2943655,48.7119591],[2.2960342,48.7153445],[2.2966431,48.7152154],[2.2971663,48.7163657],[2.3001204,48.7159148],[2.3038877,48.7264796],[2.3042272,48.7284544],[2.3040047,48.7294942],[2.3017727,48.7350273],[2.3014746,48.7366149],[2.3022464,48.7405904],[2.2991418,48.7389228],[2.2971401,48.7380769],[2.2954253,48.7375547],[2.2938906,48.7368135],[2.2892915,48.7354011],[2.2853953,48.7346469],[2.282003,48.7338118],[2.2809601,48.7334109],[2.2798861,48.7327128],[2.2788525,48.7340356],[2.2775137,48.7352366],[2.2753878,48.7383561],[2.2751289,48.7390522],[2.27531,48.7395623],[2.2744504,48.7406437],[2.2743545,48.7402779],[2.2739899,48.740136],[2.2738926,48.7399214],[2.273073,48.7397386],[2.2729969,48.7395472],[2.2721616,48.7394636],[2.271745,48.739081],[2.2694805,48.738097],[2.2692087,48.7377652],[2.2688081,48.737633],[2.2678548,48.737536],[2.2672698,48.7385473],[2.2653925,48.7381975],[2.2622197,48.7383316],[2.2615452,48.7379958],[2.2599345,48.7375515],[2.2587888,48.7376224],[2.2581781,48.7375152],[2.2571237,48.7376705],[2.2568379,48.7378969],[2.2557429,48.7378228],[2.2554042,48.7382562],[2.2549323,48.7384589],[2.2527896,48.7386682],[2.2506628,48.7379418],[2.2481788,48.7367668],[2.2472027,48.7369477],[2.2461865,48.7377051],[2.2446513,48.7380675],[2.2444986,48.7378511],[2.2443095,48.7378605],[2.2439137,48.7371748],[2.2436368,48.7373187],[2.2435286,48.7371809],[2.2421575,48.7370305],[2.2406257,48.7361963],[2.2377939,48.7356162],[2.2417931,48.7323457],[2.2364448,48.7283703],[2.2349787,48.7275278],[2.23622,48.7275789],[2.2418096,48.7270581],[2.2448311,48.7262784],[2.2460291,48.726122],[2.2471059,48.7267817],[2.2505535,48.7262919],[2.2574843,48.723014],[2.2600892,48.7223441],[2.2616598,48.7206238],[2.2632556,48.7194099],[2.2638429,48.7191368],[2.2664654,48.718543],[2.2669954,48.7183336],[2.2670215,48.7179842],[2.267509,48.718066],[2.2688397,48.7178274],[2.2686179,48.7176238],[2.2716586,48.7165548],[2.2742504,48.7161366],[2.2767944,48.7160466],[2.278307,48.7155467],[2.285999,48.7139371],[2.2898427,48.7126744],[2.2939911,48.7119868]]]]}},{"type":"Feature","properties":{"id":"91386","nom":"MENNECY","created":"2004-11-04","updated":"2025-12-03","code_commune":"91386"},"geometry":{"type":"MultiPolygon","coordinates":[[[[2.4651839,48.5413319],[2.4679629,48.5436526],[2.4697242,48.5463925],[2.4692486,48.5491758],[2.4663122,48.5502056],[2.4675265,48.551537],[2.4697339,48.5559772],[2.4685686,48.5560672],[2.4682402,48.5564199],[2.4677479,48.5566228],[2.465718,48.5569346],[2.4620144,48.5569378],[2.4592469,48.5571065],[2.4538282,48.5583324],[2.455066,48.5630232],[2.4562888,48.5638198],[2.4543107,48.5650946],[2.4522466,48.5676297],[2.4509677,48.5702158],[2.4488782,48.5723352],[2.448345,48.5738095],[2.4484191,48.5753983],[2.4447788,48.5752589],[2.4440958,48.5770275],[2.4427057,48.5768896],[2.4416014,48.577031],[2.4417973,48.5772518],[2.4408768,48.5769653],[2.4392788,48.5771702],[2.4374086,48.5769388],[2.4362753,48.5764656],[2.4348869,48.5766366],[2.4324592,48.5766343],[2.4309916,48.5762927],[2.4294783,48.5755993],[2.4283635,48.5757233],[2.4275529,48.5755402],[2.4266072,48.5756159],[2.4263985,48.5753246],[2.4243132,48.5743451],[2.4244108,48.573828],[2.4241557,48.5734906],[2.4237086,48.5733237],[2.4224251,48.5735533],[2.4204981,48.5720367],[2.4202147,48.5717275],[2.4216943,48.5708355],[2.4209524,48.5703221],[2.4209706,48.5700065],[2.4203793,48.5697523],[2.4183187,48.5682179],[2.4158416,48.5669814],[2.4149503,48.5666915],[2.4139371,48.5657863],[2.412948,48.5654807],[2.4127453,48.5653238],[2.4127111,48.5648568],[2.4113076,48.5645641],[2.4080602,48.5650234],[2.4074518,48.5647911],[2.405293,48.5645673],[2.4037546,48.5640207],[2.4033584,48.5635663],[2.4025911,48.5631826],[2.4028848,48.5629895],[2.4025838,48.5628118],[2.4119069,48.5558912],[2.4122197,48.5558765],[2.4122968,48.5560569],[2.4132627,48.5564198],[2.4165813,48.5549585],[2.4171783,48.5548544],[2.414335,48.5532957],[2.4130491,48.5527986],[2.4160059,48.5528346],[2.418215,48.5512317],[2.4183936,48.5513569],[2.4200778,48.5505958],[2.4176959,48.5485015],[2.4213546,48.5466461],[2.4249228,48.5445736],[2.4282672,48.5433578],[2.4309317,48.5449584],[2.4318791,48.5460867],[2.4339252,48.5454686],[2.434841,48.5465808],[2.437571,48.5460067],[2.4375089,48.5457834],[2.4389537,48.545459],[2.440362,48.5479456],[2.4411006,48.5477645],[2.4411822,48.5479099],[2.4445993,48.5470474],[2.4540747,48.54422],[2.4597255,48.5420117],[2.462643,48.541451],[2.4651839,48.5413319]]]]}},{"type":"Feature","properties":{"id":"91421","nom":"MONTGERON","created":"2010-02-22","updated":"2025-12-16","code_commune":"91421"},"geometry":{"type":"MultiPolygon","coordinates":[[[[2.4729299,48.697311],[2.4741115,48.7005774],[2.474415,48.7005797],[2.4761398,48.7025206],[2.4754482,48.705871],[2.4746734,48.7057265],[2.4751981,48.7075226],[2.4758311,48.7076368],[2.4763276,48.709083],[2.4758516,48.7116054],[2.475202,48.7115319],[2.474744,48.7127064],[2.4741848,48.712913],[2.4735952,48.7126817],[2.4732402,48.7129116],[2.472697,48.7137487],[2.4675954,48.7117188],[2.466939,48.711667],[2.4647462,48.712062],[2.4646365,48.7116022],[2.4643997,48.7115773],[2.4644359,48.7113124],[2.4638839,48.7113098],[2.463241,48.7108259],[2.4590846,48.7116648],[2.4585803,48.7118378],[2.457803,48.7125475],[2.4567499,48.7130895],[2.4561123,48.7137039],[2.4539313,48.7146792],[2.4523171,48.7150927],[2.4516476,48.7150674],[2.4514087,48.7148521],[2.4511704,48.7149332],[2.4509125,48.7144237],[2.4487376,48.7148468],[2.4459699,48.7171811],[2.4434617,48.7206396],[2.4424407,48.7204976],[2.4416116,48.7201988],[2.4411236,48.7198435],[2.4393249,48.7171516],[2.4379295,48.7155361],[2.4360373,48.7140652],[2.4346174,48.713217],[2.4351698,48.7129627],[2.4346393,48.7121999],[2.434572,48.711539],[2.4350279,48.7110705],[2.4345252,48.709969],[2.4369409,48.7088567],[2.4388957,48.7072075],[2.4395156,48.7068728],[2.4393425,48.7065016],[2.4384546,48.7057461],[2.4386323,48.7053495],[2.4382487,48.704481],[2.4413285,48.7014707],[2.4421622,48.6992451],[2.4438446,48.6966847],[2.4442586,48.696708],[2.4444239,48.6961668],[2.4434469,48.6955962],[2.4443073,48.6934229],[2.4459461,48.6914755],[2.4464398,48.6904609],[2.4482852,48.6890459],[2.449671,48.6887781],[2.4509297,48.6890746],[2.4516308,48.6888735],[2.4519564,48.6885874],[2.4529728,48.6852736],[2.4541748,48.6833842],[2.454692,48.682133],[2.4559126,48.6806541],[2.4597774,48.6770326],[2.4615431,48.6748238],[2.4622111,48.6745362],[2.4628333,48.6735825],[2.4647463,48.6722847],[2.4673935,48.6710846],[2.4693587,48.6696237],[2.4729132,48.6724618],[2.4748686,48.6734637],[2.4755835,48.6741375],[2.4776675,48.6754687],[2.4786436,48.6763812],[2.4783695,48.6768227],[2.4893226,48.6797789],[2.4898169,48.6797777],[2.4900239,48.679954],[2.4932213,48.6808058],[2.4742822,48.696324],[2.4728868,48.697192],[2.4729299,48.697311]]]]}},{"type":"Feature","properties":{"id":"91425","nom":"MONTLHERY","created":"2006-01-24","updated":"2026-06-03","code_commune":"91425"},"geometry":{"type":"MultiPolygon","coordinates":[[[[2.2816306,48.6269022],[2.2837302,48.6296704],[2.282115,48.6319738],[2.2807854,48.6323981],[2.2802399,48.632724],[2.2810151,48.6333369],[2.2818399,48.6343887],[2.2816991,48.6344431],[2.282232,48.6354563],[2.2825318,48.6371548],[2.2816786,48.6380285],[2.2812255,48.6382311],[2.2822623,48.6396573],[2.2819991,48.6397186],[2.2823088,48.640831],[2.2802154,48.641117],[2.2814214,48.643833],[2.2818383,48.6437575],[2.2822344,48.6439705],[2.2804753,48.6447123],[2.2770895,48.6467369],[2.2774343,48.646853],[2.2762131,48.6493144],[2.2747648,48.6508162],[2.2727167,48.6517426],[2.2728384,48.6520563],[2.2724671,48.6519222],[2.2722618,48.651243],[2.2719855,48.6510662],[2.2706215,48.6506984],[2.2697841,48.6502429],[2.2690013,48.6501955],[2.2688155,48.6503408],[2.2681748,48.6501817],[2.2667357,48.6494181],[2.2658934,48.6494158],[2.2620854,48.6505602],[2.2602337,48.6501823],[2.2579538,48.6501513],[2.2571219,48.6494638],[2.2537384,48.6479648],[2.2541178,48.6476823],[2.251316,48.6456902],[2.2484374,48.6456168],[2.2483186,48.6434637],[2.2495156,48.6432211],[2.2512548,48.6420777],[2.2513719,48.6414806],[2.2519159,48.6406019],[2.2533592,48.6393148],[2.2562795,48.6388865],[2.2595941,48.639146],[2.2629751,48.6388352],[2.2690242,48.637198],[2.2688823,48.6370569],[2.2683648,48.6371537],[2.2683053,48.6368576],[2.2702688,48.6360291],[2.2701787,48.6359304],[2.2709145,48.6355171],[2.2704425,48.6353704],[2.2699711,48.6345782],[2.2722517,48.633143],[2.2729474,48.6338108],[2.2741933,48.6342452],[2.2751494,48.6348703],[2.2755046,48.6346817],[2.2762502,48.6341387],[2.2762985,48.6322285],[2.275837,48.6315609],[2.2760953,48.6313055],[2.2759938,48.6307708],[2.279485,48.6300855],[2.2806314,48.6287269],[2.2809831,48.6278034],[2.2816306,48.6269022]]]]}},{"type":"Feature","properties":{"id":"91432","nom":"MORANGIS","created":"2004-11-26","updated":"2026-04-16","code_commune":"91432"},"geometry":{"type":"MultiPolygon","coordinates":[[[[2.3283456,48.6875629],[2.3299795,48.6887887],[2.3310392,48.6900082],[2.3333913,48.6931876],[2.3345447,48.6950996],[2.3363447,48.6944056],[2.336311,48.6934438],[2.3377675,48.6923321],[2.3392333,48.6904337],[2.3409216,48.6921741],[2.3433621,48.6951632],[2.345233,48.6966136],[2.3504839,48.7012695],[2.3516146,48.7028822],[2.3533174,48.708222],[2.355869,48.71483],[2.3559185,48.7164169],[2.3547126,48.7164048],[2.3545907,48.7159606],[2.35118,48.7161595],[2.3498971,48.7158554],[2.3486033,48.715741],[2.3441181,48.7169353],[2.3405594,48.7134981],[2.3369154,48.70927],[2.3370576,48.7094425],[2.3361072,48.7095709],[2.3358374,48.7097912],[2.3325835,48.7105932],[2.3263727,48.7110207],[2.3248485,48.7109946],[2.3264535,48.7068553],[2.3269199,48.7064187],[2.3253472,48.7047125],[2.3234396,48.7030338],[2.3236634,48.7029254],[2.3231283,48.7022732],[2.3203542,48.6995609],[2.3225952,48.6984485],[2.3234927,48.6982602],[2.3206019,48.6943448],[2.3201708,48.6943331],[2.3184929,48.6933101],[2.3174383,48.6930757],[2.3170358,48.6926591],[2.3162167,48.6922233],[2.3166109,48.6922359],[2.3215565,48.6909198],[2.3232985,48.6906074],[2.3246276,48.6899396],[2.3254464,48.6892327],[2.3283456,48.6875629]]]]}},{"type":"Feature","properties":{"id":"91434","nom":"MORSANG SUR ORGE","created":"2004-11-29","updated":"2026-01-23","code_commune":"91434"},"geometry":{"type":"MultiPolygon","coordinates":[[[[2.355338,48.641433],[2.3579432,48.6435371],[2.358627,48.6447933],[2.3587247,48.6456246],[2.3591315,48.6461925],[2.3608696,48.6468626],[2.3635488,48.6492285],[2.3583217,48.6496351],[2.3610115,48.6518248],[2.3614573,48.6532079],[2.3635233,48.6537543],[2.3641409,48.6542366],[2.3659074,48.6572802],[2.365321,48.6578947],[2.3635545,48.6587156],[2.3616592,48.6593676],[2.3622237,48.6601968],[2.3628358,48.6617676],[2.3584842,48.6629638],[2.3632046,48.6660821],[2.3606826,48.6663202],[2.3565296,48.6678466],[2.3561193,48.6699653],[2.3554074,48.6704966],[2.355437,48.6708898],[2.354668,48.6708783],[2.3538377,48.6713025],[2.3533382,48.671357],[2.3497508,48.6703705],[2.3447874,48.6681703],[2.3435051,48.6678418],[2.3420337,48.6676678],[2.3409635,48.6619818],[2.3367639,48.6504326],[2.355338,48.641433]]]]}},{"type":"Feature","properties":{"id":"91435","nom":"MORSANG-SUR-SEINE","created":"2005-05-17","updated":"2025-10-27","code_commune":"91435"},"geometry":{"type":"MultiPolygon","coordinates":[[[[2.4977715,48.5671658],[2.4991395,48.5673032],[2.5080004,48.5695363],[2.5182636,48.572469],[2.5224143,48.573064],[2.5219224,48.5743863],[2.5222335,48.5744433],[2.5222824,48.5749628],[2.5226385,48.5752253],[2.5222486,48.5767432],[2.5220271,48.577132],[2.5211527,48.5775468],[2.5194182,48.5790657],[2.5190733,48.5802148],[2.5192534,48.5815421],[2.5190115,48.5823399],[2.5184454,48.5827015],[2.516705,48.5847231],[2.5168352,48.5848253],[2.5140839,48.5847688],[2.5119512,48.5872853],[2.5104623,48.587615],[2.510267,48.586069],[2.5089553,48.5840845],[2.5062767,48.5823622],[2.5060762,48.5826286],[2.5039095,48.5823929],[2.5019678,48.5824889],[2.4978514,48.5832551],[2.4940878,48.5821665],[2.4917519,48.5818165],[2.4918112,48.5815902],[2.4891244,48.5813847],[2.4855027,48.5815296],[2.4855484,48.5817095],[2.4821912,48.5825265],[2.4801843,48.5783677],[2.4800454,48.5764335],[2.4804658,48.5749812],[2.4834134,48.5712699],[2.4855932,48.5695401],[2.4886024,48.5682708],[2.4912873,48.5676702],[2.4977715,48.5671658]]]]}},{"type":"Feature","properties":{"id":"91457","nom":"LA NORVILLE","created":"2005-04-19","updated":"2025-10-27","code_commune":"91457"},"geometry":{"type":"MultiPolygon","coordinates":[[[[2.2814533,48.572618],[2.2820377,48.57353],[2.2822943,48.5734595],[2.2832449,48.5744881],[2.2837671,48.5743632],[2.2849754,48.5754087],[2.28472,48.5755807],[2.2854738,48.5766018],[2.284749,48.5769662],[2.2855721,48.5780751],[2.2868818,48.5775679],[2.287016,48.5777113],[2.2882565,48.5772465],[2.2896788,48.5790116],[2.2891787,48.5794479],[2.2906482,48.580957],[2.2871094,48.5820223],[2.2842744,48.5823503],[2.2794855,48.5832472],[2.279768,48.5852582],[2.2744634,48.5873943],[2.2723617,48.5880048],[2.2694561,48.5908327],[2.2683696,48.5913782],[2.2683541,48.5916829],[2.2673907,48.5918704],[2.2643886,48.5930697],[2.2632813,48.5933688],[2.2626017,48.5934605],[2.2616632,48.5926471],[2.2579511,48.5911513],[2.2583238,48.5905732],[2.257206,48.5897432],[2.2575211,48.5890957],[2.2553973,48.5889765],[2.2547735,48.5890608],[2.2552791,48.5880629],[2.2543118,48.5877674],[2.2517745,48.5873535],[2.252829,48.5862717],[2.2518604,48.5858754],[2.2519725,48.5857165],[2.2517211,48.5856329],[2.2488258,48.5849829],[2.2489992,48.5829922],[2.2488154,48.5817528],[2.2480656,48.5811915],[2.2425188,48.5793376],[2.2415267,48.5785317],[2.2444841,48.5767808],[2.244331,48.576631],[2.2451043,48.5761679],[2.2468257,48.5755347],[2.2471211,48.5756571],[2.2512548,48.5746205],[2.2515382,48.5750842],[2.2541269,48.5745193],[2.253611,48.5735912],[2.2568126,48.5727571],[2.2572359,48.5728173],[2.257572,48.5734118],[2.2591889,48.5731975],[2.2587768,48.5741282],[2.2609229,48.5739607],[2.2610332,48.573582],[2.2627923,48.5733414],[2.2642989,48.5744512],[2.2660147,48.573406],[2.268719,48.5761019],[2.2711733,48.5753401],[2.2713139,48.5755313],[2.2723003,48.5751713],[2.2713864,48.5739282],[2.2738494,48.5732884],[2.2747211,48.5746332],[2.2773981,48.5738519],[2.2777326,48.5739641],[2.2792476,48.5734621],[2.2794564,48.5731687],[2.2814533,48.572618]]]]}},{"type":"Feature","properties":{"id":"91458","nom":"NOZAY","created":"2008-01-31","updated":"2025-10-27","code_commune":"91458"},"geometry":{"type":"MultiPolygon","coordinates":[[[[2.2375021,48.6447257],[2.2450228,48.645651],[2.2513269,48.6456901],[2.2541145,48.6476826],[2.2537357,48.6479643],[2.2570372,48.6494273],[2.2579594,48.6501579],[2.2585652,48.6500881],[2.2576588,48.6505742],[2.2571086,48.6511579],[2.2589393,48.6528708],[2.2582017,48.6531461],[2.2589074,48.6537834],[2.2581235,48.655053],[2.2575874,48.6552254],[2.2574055,48.6570593],[2.2559443,48.6568065],[2.253388,48.656955],[2.2529091,48.6580502],[2.2524691,48.6584623],[2.2528889,48.6588388],[2.2530806,48.6593902],[2.2530876,48.6595295],[2.2525235,48.6596066],[2.2528328,48.6604197],[2.2527232,48.6607557],[2.2509764,48.6615803],[2.2501503,48.6617788],[2.2503911,48.663162],[2.2499209,48.6633616],[2.2499316,48.6635396],[2.2507458,48.6647424],[2.2493624,48.6651648],[2.2489407,48.666553],[2.253866,48.6680328],[2.2566749,48.6680928],[2.2578606,48.6683294],[2.2602188,48.6689877],[2.2613824,48.6701509],[2.2621185,48.6702561],[2.2637459,48.6700505],[2.2646359,48.670503],[2.2621878,48.6712506],[2.2598152,48.6716621],[2.2578151,48.673264],[2.2569405,48.6733981],[2.253208,48.6733379],[2.2519008,48.6735682],[2.2509771,48.6734711],[2.2494741,48.6737758],[2.2454293,48.6736761],[2.242307,48.6741395],[2.2405393,48.6736298],[2.2381699,48.6737742],[2.2361596,48.673469],[2.2333261,48.6733729],[2.2319363,48.6730818],[2.230832,48.6731032],[2.2293431,48.667319],[2.226707,48.6677559],[2.2241085,48.668545],[2.2205035,48.6703665],[2.2179585,48.6718902],[2.214725,48.6721031],[2.213319,48.6718895],[2.213465,48.6708591],[2.2123173,48.6710206],[2.2116795,48.6695411],[2.2086319,48.6663329],[2.2085736,48.6661849],[2.2151778,48.6641845],[2.2185034,48.6626101],[2.2236346,48.6610712],[2.2224706,48.6609305],[2.2215022,48.656579],[2.2234061,48.6545406],[2.2259269,48.6533615],[2.2261699,48.6526451],[2.226746,48.6523295],[2.2266584,48.6516806],[2.2269068,48.6511671],[2.227604,48.6508393],[2.2277513,48.6510675],[2.2281877,48.6510262],[2.2280993,48.6506129],[2.2295426,48.6503203],[2.2295918,48.6496951],[2.2309896,48.6495651],[2.2355667,48.6485918],[2.2358382,48.6478588],[2.2357277,48.6475402],[2.2346878,48.6466723],[2.2375021,48.6447257]]]]}},{"type":"Feature","properties":{"id":"91461","nom":"OLLAINVILLE","created":"2005-06-16","updated":"2025-12-31","code_commune":"91461"},"geometry":{"type":"MultiPolygon","coordinates":[[[[2.2136837,48.5826655],[2.2138248,48.5829861],[2.2146264,48.5834008],[2.2260842,48.5843933],[2.2284574,48.5852769],[2.2287752,48.5856834],[2.2306565,48.5869857],[2.2331734,48.5881231],[2.2337413,48.5881782],[2.2344538,48.5887917],[2.2349552,48.5889506],[2.2342684,48.5895835],[2.2346272,48.5896262],[2.2354626,48.5901979],[2.2378284,48.5907019],[2.2400004,48.5909316],[2.2399979,48.591042],[2.2382406,48.5911613],[2.2369308,48.5962155],[2.2362246,48.597232],[2.2345119,48.5981669],[2.2370422,48.5996182],[2.237903,48.5998685],[2.2387474,48.5997551],[2.2402378,48.6008922],[2.2402994,48.6014538],[2.2399045,48.6027946],[2.2409082,48.602926],[2.240894,48.6033169],[2.2435866,48.6037673],[2.2405387,48.6080642],[2.2400007,48.6081367],[2.2384844,48.6079049],[2.236909,48.6132224],[2.2336807,48.6132312],[2.2334761,48.6144651],[2.2325147,48.616643],[2.2328436,48.6182507],[2.2324257,48.6191798],[2.2313953,48.6190455],[2.2308239,48.6192246],[2.2291135,48.6191543],[2.2273642,48.6196914],[2.2261487,48.6197687],[2.2262379,48.6216123],[2.2234015,48.6217864],[2.2241308,48.6223638],[2.2255127,48.628655],[2.2236329,48.6292259],[2.2209174,48.6297879],[2.2165523,48.6302497],[2.2140386,48.6307564],[2.205193,48.6310655],[2.2049939,48.6307364],[2.2049472,48.6293965],[2.1999617,48.6266862],[2.1997869,48.6266048],[2.1996194,48.6267051],[2.1986741,48.6262633],[2.1975327,48.6251836],[2.1971859,48.6232005],[2.1972035,48.6208842],[2.1975279,48.6198884],[2.1979993,48.6187576],[2.1994169,48.617711],[2.2009299,48.6173114],[2.2059556,48.6153268],[2.2082508,48.6147348],[2.2066041,48.6118364],[2.2060879,48.61195],[2.2054256,48.611065],[2.2136049,48.6067587],[2.2097575,48.6051436],[2.2054351,48.6006963],[2.2034829,48.5996162],[2.2020638,48.59923],[2.202367,48.5984171],[2.2019131,48.5974009],[2.2025838,48.5974383],[2.2021113,48.5971595],[2.2016614,48.5963247],[2.2010468,48.5943694],[2.2009787,48.5933895],[2.2017878,48.5923151],[2.2021227,48.5922975],[2.2029232,48.5909686],[2.2029297,48.5903045],[2.2025046,48.5891082],[2.2028253,48.5874043],[2.2027522,48.5860172],[2.2032211,48.5843403],[2.2038047,48.5843042],[2.2039735,48.5839152],[2.2084767,48.5842673],[2.2089007,48.5840815],[2.2101464,48.584209],[2.211777,48.5847897],[2.2121302,48.5851796],[2.2126542,48.5853715],[2.2130973,48.5829706],[2.2136837,48.5826655]]]]}},{"type":"Feature","properties":{"id":"91468","nom":"ORMOY","created":"2004-06-30","updated":"2025-12-16","code_commune":"91468"},"geometry":{"type":"MultiPolygon","coordinates":[[[[2.4562758,48.5638301],[2.4593411,48.5660103],[2.4628787,48.5679039],[2.4654821,48.5702119],[2.4663179,48.5712728],[2.4692356,48.5719388],[2.4723017,48.5740021],[2.4728635,48.5756015],[2.4729143,48.5764722],[2.473812,48.5777807],[2.4723103,48.5780703],[2.4711098,48.5785396],[2.4709209,48.5789475],[2.4704731,48.5790543],[2.4702942,48.5786957],[2.4698071,48.5787598],[2.469391,48.5777277],[2.4694631,48.5774816],[2.4686571,48.5770573],[2.4676411,48.5770006],[2.4656086,48.5775737],[2.4648788,48.5770446],[2.4624722,48.5762847],[2.4591938,48.5762607],[2.4581638,48.5765521],[2.4573242,48.576598],[2.4571671,48.576831],[2.4573813,48.5774319],[2.4568258,48.5782276],[2.4552078,48.5788217],[2.4538425,48.5787322],[2.453389,48.5782284],[2.451936,48.5783967],[2.4507808,48.578708],[2.4494324,48.5784898],[2.4467333,48.5785966],[2.4456808,48.5789036],[2.4449544,48.5787053],[2.4432009,48.5777912],[2.4429357,48.5773817],[2.44251,48.5772298],[2.4417913,48.577237],[2.4415921,48.5770255],[2.4421467,48.5769239],[2.444087,48.5770191],[2.4447717,48.5752557],[2.4484306,48.575399],[2.4483654,48.5736464],[2.4489577,48.5722242],[2.4508829,48.5703152],[2.4522116,48.5676701],[2.4542645,48.5651368],[2.4562758,48.5638301]]]]}},{"type":"Feature","properties":{"id":"91471","nom":"ORSAY","created":"2007-03-07","updated":"2026-05-04","code_commune":"91471"},"geometry":{"type":"MultiPolygon","coordinates":[[[[2.1839501,48.6755088],[2.1855913,48.6807993],[2.1854415,48.6808184],[2.1857181,48.6817367],[2.1888,48.6837656],[2.1881235,48.6848571],[2.1886525,48.6846453],[2.1894208,48.6869974],[2.1896888,48.687653],[2.1898624,48.6876506],[2.1898534,48.6880158],[2.1909097,48.6904323],[2.1944507,48.6904058],[2.1968992,48.6895918],[2.1990438,48.68915],[2.2008999,48.6894419],[2.2009894,48.69076],[2.2038955,48.6910016],[2.2045126,48.6922299],[2.207261,48.6928834],[2.2077372,48.6935809],[2.205964,48.6946598],[2.205407,48.6952782],[2.2061877,48.6956388],[2.2066162,48.6969791],[2.2066068,48.6977947],[2.2083879,48.6990288],[2.2090112,48.700621],[2.2096986,48.7016598],[2.2037082,48.7022543],[2.2043367,48.7046117],[2.2041695,48.7056861],[2.2036234,48.7055786],[2.2036323,48.7068805],[2.2038249,48.7068295],[2.203999,48.7073677],[2.2034595,48.7075505],[2.2034611,48.7078726],[2.2031988,48.7080526],[2.202062,48.7084466],[2.2014331,48.708849],[2.1998823,48.7092478],[2.1982428,48.7092376],[2.197695,48.708842],[2.1963198,48.7084865],[2.192728,48.7092613],[2.1944492,48.7114641],[2.1917401,48.712305],[2.1933569,48.7185355],[2.1918909,48.7188549],[2.1830052,48.7181242],[2.1727467,48.7152565],[2.1721903,48.7136672],[2.1716203,48.7082541],[2.1700285,48.7049153],[2.169751,48.703428],[2.1695993,48.7011398],[2.1725939,48.7013226],[2.1743267,48.7008447],[2.175196,48.7003412],[2.1755256,48.7003671],[2.1760155,48.6965077],[2.1762268,48.6960629],[2.1760624,48.6958801],[2.1761697,48.6954029],[2.1731777,48.6952493],[2.1732415,48.6948486],[2.1736881,48.69485],[2.17368,48.6944824],[2.1743513,48.6944194],[2.1742467,48.6938993],[2.1748941,48.6938412],[2.174783,48.6932797],[2.1751083,48.6932424],[2.1753528,48.6927332],[2.1751641,48.6916891],[2.1741044,48.6909276],[2.174244,48.6902875],[2.1755344,48.6902],[2.1754965,48.6900036],[2.177069,48.6894088],[2.1768796,48.6892758],[2.17736,48.6887913],[2.1788877,48.6881397],[2.179352,48.6876415],[2.1796765,48.6875304],[2.1794305,48.68676],[2.1798245,48.686601],[2.1788965,48.6849648],[2.1791277,48.6847347],[2.1789294,48.6846148],[2.1808314,48.6850099],[2.1819847,48.6849695],[2.1823544,48.6832969],[2.1813776,48.6831902],[2.1809224,48.6833758],[2.180806,48.6840184],[2.179742,48.6833566],[2.1767023,48.6792467],[2.1776789,48.6789875],[2.1773871,48.6783534],[2.1802542,48.6769338],[2.1819624,48.6759368],[2.1819234,48.6758344],[2.1839501,48.6755088]]]]}},{"type":"Feature","properties":{"id":"91477","nom":"PALAISEAU","created":"2002-12-06","updated":"2026-04-13","code_commune":"91477"},"geometry":{"type":"MultiPolygon","coordinates":[[[[2.2354212,48.7008045],[2.2359518,48.7008898],[2.2360474,48.70119],[2.2366157,48.7011545],[2.2374226,48.7015183],[2.2381871,48.7013862],[2.2388772,48.7014606],[2.2395015,48.7017796],[2.2398423,48.7023022],[2.2405779,48.7023297],[2.2412197,48.7036218],[2.2421283,48.7037867],[2.243214,48.7055821],[2.2434605,48.7066354],[2.2442198,48.7072284],[2.2451688,48.707529],[2.2455273,48.7079545],[2.2466289,48.70826],[2.2483589,48.7081932],[2.2495647,48.7086082],[2.2514301,48.7084156],[2.2522494,48.7086811],[2.2536052,48.7078237],[2.2537995,48.707389],[2.254835,48.7067189],[2.256268,48.7065481],[2.2592836,48.7065113],[2.2588181,48.7079677],[2.2591011,48.7102383],[2.2621684,48.7118615],[2.2626432,48.7122567],[2.2646117,48.7146291],[2.2654069,48.71521],[2.2668676,48.7183804],[2.2639816,48.7190764],[2.26337,48.7193542],[2.2613488,48.720951],[2.2600613,48.7223848],[2.2574747,48.723015],[2.2518624,48.7257778],[2.2502049,48.7263783],[2.2471066,48.726775],[2.2461678,48.7262252],[2.2455226,48.7261523],[2.241642,48.7270759],[2.2360956,48.7275703],[2.2350886,48.7275157],[2.2327886,48.7283825],[2.230935,48.7275306],[2.2306573,48.727664],[2.2313102,48.7300892],[2.2299005,48.7297386],[2.2285506,48.7299384],[2.2297667,48.7283838],[2.2289461,48.728044],[2.228038,48.7280962],[2.2270638,48.7277677],[2.2234652,48.7251287],[2.2235383,48.7250434],[2.2215873,48.7254856],[2.2186801,48.7257989],[2.2151594,48.7257322],[2.2138976,48.7262177],[2.2128912,48.7263221],[2.2126769,48.7266166],[2.2134817,48.7281526],[2.2126721,48.7287494],[2.2105892,48.7276199],[2.2092907,48.7272941],[2.2078662,48.7256847],[2.2058002,48.7243456],[2.2037174,48.7210399],[2.2033931,48.7200378],[2.2004689,48.7191379],[2.1987105,48.7189162],[2.1976216,48.7185729],[2.1955031,48.7183666],[2.193355,48.718539],[2.1917397,48.7123319],[2.1944516,48.7114822],[2.1927184,48.7092573],[2.1963256,48.7084886],[2.1976943,48.7088435],[2.1982422,48.7092376],[2.1998823,48.7092478],[2.2014331,48.708849],[2.202062,48.7084466],[2.2032619,48.7080121],[2.2034657,48.7075466],[2.2040014,48.7073666],[2.2038216,48.7068233],[2.2036173,48.7068718],[2.2036182,48.7055718],[2.2041638,48.7056823],[2.2043367,48.7046117],[2.2037161,48.7022593],[2.2097019,48.7016572],[2.2108261,48.7018608],[2.2126358,48.7018105],[2.2129905,48.7020021],[2.213429,48.7017958],[2.2135615,48.7020794],[2.214035,48.7023069],[2.21465,48.7020912],[2.2147823,48.7017445],[2.2151272,48.7015913],[2.2156755,48.701677],[2.2161406,48.7021446],[2.2171703,48.7020554],[2.2174772,48.7021483],[2.2179457,48.7019905],[2.2188456,48.7021397],[2.2192113,48.7020062],[2.219832,48.7023557],[2.2201658,48.7020315],[2.2211898,48.7018457],[2.2216619,48.7018519],[2.2222259,48.7021075],[2.2223659,48.701728],[2.2227257,48.7016212],[2.2234045,48.7018851],[2.2245843,48.7011718],[2.2252055,48.7012635],[2.22586,48.7018432],[2.2264675,48.7017235],[2.2270058,48.7013597],[2.2273164,48.7013545],[2.2277249,48.7017198],[2.2292735,48.7012955],[2.2300664,48.7015555],[2.231812,48.7009487],[2.2327547,48.7009514],[2.2334619,48.701142],[2.2342413,48.7008705],[2.2354212,48.7008045]]]]}},{"type":"Feature","properties":{"id":"91479","nom":"PARAY VIEILLE POSTE","created":"2002-10-31","updated":"2026-03-13","code_commune":"91479"},"geometry":{"type":"MultiPolygon","coordinates":[[[[2.3538053,48.7017187],[2.3563042,48.705576],[2.3673333,48.7057832],[2.3678522,48.7077861],[2.3714444,48.7075247],[2.3711188,48.713634],[2.3674595,48.7139626],[2.3675339,48.7170709],[2.368226,48.7182512],[2.3708794,48.7178156],[2.3692618,48.7461569],[2.3658246,48.7462558],[2.3628751,48.7461403],[2.3628466,48.7440746],[2.3590189,48.7425198],[2.3567969,48.7381782],[2.3538125,48.7388233],[2.3542916,48.738072],[2.3528233,48.7379051],[2.3514992,48.7363623],[2.3498895,48.7340235],[2.3465576,48.7346565],[2.3436009,48.7347461],[2.3457877,48.7321344],[2.3466987,48.726944],[2.3471337,48.7269781],[2.3476046,48.7251391],[2.3503314,48.7246223],[2.3500404,48.7238891],[2.3501942,48.7238735],[2.3492133,48.722199],[2.3476242,48.7202054],[2.3457406,48.7186829],[2.3441564,48.7170145],[2.348588,48.7157927],[2.350974,48.7161776],[2.3545965,48.7159258],[2.3547207,48.7164088],[2.3559313,48.7164075],[2.3558916,48.7148749],[2.3535229,48.7087752],[2.3515718,48.7028038],[2.3538053,48.7017187]]]]}},{"type":"Feature","properties":{"id":"91494","nom":"LE PLESSIS PATE","created":"2003-03-25","updated":"2026-02-26","code_commune":"91494"},"geometry":{"type":"MultiPolygon","coordinates":[[[[2.3383898,48.5904302],[2.3388728,48.5915866],[2.3391042,48.591603],[2.3395904,48.5926035],[2.3381881,48.5929706],[2.3388268,48.5939278],[2.3400065,48.5939862],[2.3412596,48.5936725],[2.3423859,48.5947588],[2.3446801,48.5939502],[2.3461832,48.5953403],[2.3478968,48.5946554],[2.3484048,48.5941977],[2.3496606,48.5954957],[2.3501705,48.5952971],[2.3509318,48.5962961],[2.3553301,48.5983134],[2.3564664,48.5971595],[2.360271,48.5955964],[2.3613917,48.596965],[2.3619558,48.5988071],[2.3616427,48.6000678],[2.3618729,48.6000691],[2.3617446,48.6014973],[2.3623423,48.6014342],[2.3619498,48.6023692],[2.3619691,48.6028207],[2.3602882,48.6035926],[2.3605554,48.6040593],[2.360221,48.6047526],[2.360954,48.6067184],[2.3606096,48.6068281],[2.3619931,48.6093689],[2.3588618,48.61034],[2.358884,48.6104669],[2.3573188,48.61076],[2.3588687,48.6141688],[2.3575967,48.6141697],[2.359452,48.6181095],[2.3571103,48.6188258],[2.3555984,48.6195],[2.353993,48.619454],[2.3525659,48.6196046],[2.3498469,48.620251],[2.3340479,48.620115],[2.330547,48.6201838],[2.3304013,48.6202918],[2.3221301,48.6156816],[2.3205376,48.6154554],[2.3184513,48.612296],[2.3200959,48.6117085],[2.318791,48.6100111],[2.3202602,48.6094418],[2.3200268,48.6091652],[2.3234559,48.6070358],[2.3236675,48.6072555],[2.3249021,48.6064403],[2.3247768,48.6055105],[2.3238901,48.6043797],[2.3238521,48.6040492],[2.3235484,48.6037589],[2.3227611,48.6039838],[2.3227439,48.6037926],[2.3238001,48.6035703],[2.3254799,48.6020836],[2.3259766,48.6008008],[2.3256926,48.6006594],[2.327008,48.5990472],[2.3277936,48.5985889],[2.3280393,48.5987559],[2.3299804,48.5978017],[2.3283583,48.5962622],[2.3291915,48.5959805],[2.3264493,48.5930534],[2.3298545,48.5917293],[2.3308189,48.5928654],[2.3383898,48.5904302]]]]}},{"type":"Feature","properties":{"id":"91514","nom":"QUINCY-SOUS-SENART","created":"2006-10-10","updated":"2026-06-04","code_commune":"91514"},"geometry":{"type":"MultiPolygon","coordinates":[[[[2.5334395,48.6572527],[2.5382106,48.6595965],[2.5349103,48.6620495],[2.5386425,48.6635268],[2.5398981,48.6643135],[2.5399701,48.665564],[2.5403357,48.6648016],[2.5433768,48.668523],[2.5432654,48.668636],[2.5444282,48.6693201],[2.5455171,48.6696435],[2.5447944,48.6710726],[2.5475525,48.6717929],[2.5469642,48.6735187],[2.5469989,48.6738689],[2.5473541,48.6741768],[2.5472979,48.6744392],[2.5455335,48.6761785],[2.5433734,48.6779651],[2.5406753,48.68116],[2.5404897,48.6825948],[2.5406652,48.6831003],[2.5417766,48.6842553],[2.5423118,48.6845298],[2.542078,48.6854463],[2.5432447,48.6866567],[2.5429037,48.6868595],[2.5424302,48.6868619],[2.5421456,48.6871616],[2.5389616,48.6860512],[2.537863,48.685922],[2.53721,48.6860582],[2.5368048,48.6844912],[2.5337858,48.6813976],[2.5284875,48.6775912],[2.5276196,48.6779793],[2.5261232,48.6790892],[2.523653,48.6797697],[2.5218439,48.6810105],[2.5205185,48.6815636],[2.5200525,48.6816173],[2.5191586,48.6811042],[2.5189578,48.68072],[2.5191445,48.6796194],[2.5215661,48.6779442],[2.5238026,48.6769414],[2.5041927,48.6718451],[2.5218888,48.6572747],[2.5287033,48.6607211],[2.5334395,48.6572527]]]]}},{"type":"Feature","properties":{"id":"91521","nom":"RIS ORANGIS","created":"2004-06-30","updated":"2026-05-13","code_commune":"91521"},"geometry":{"type":"MultiPolygon","coordinates":[[[[2.3989721,48.6240252],[2.3981112,48.6262469],[2.4000537,48.6269234],[2.4020956,48.6269538],[2.4036639,48.6264721],[2.4040286,48.6269335],[2.4042775,48.6275267],[2.4045417,48.6301923],[2.4048777,48.6300697],[2.4065491,48.632371],[2.4069306,48.6326256],[2.4065495,48.6328155],[2.4063667,48.6333761],[2.4069896,48.6343176],[2.4078916,48.6347261],[2.4105205,48.6350076],[2.4126756,48.6354988],[2.4131712,48.6362747],[2.4152003,48.6377091],[2.4157245,48.6385357],[2.4194068,48.6380988],[2.4210209,48.6438152],[2.4215076,48.644692],[2.4219329,48.6447456],[2.4263595,48.6410178],[2.434819,48.646283],[2.4349993,48.6467997],[2.4355191,48.6472844],[2.4377166,48.6485336],[2.431545,48.6523543],[2.4170686,48.6603148],[2.4163486,48.6609253],[2.4141722,48.6622002],[2.4128504,48.6637344],[2.4104851,48.6657438],[2.408667,48.6667493],[2.4073591,48.667261],[2.4040743,48.6649626],[2.4044621,48.6646762],[2.404096,48.6643866],[2.4037586,48.6646218],[2.400903,48.6626814],[2.4028021,48.6610627],[2.3995886,48.6579525],[2.3970437,48.6544208],[2.3961528,48.6526955],[2.3981787,48.6522818],[2.3957807,48.6484205],[2.3939697,48.6459797],[2.392842,48.6445344],[2.3913796,48.6434259],[2.3902563,48.6420834],[2.392986,48.6411613],[2.3875405,48.6373154],[2.3832555,48.6301328],[2.3876415,48.6313328],[2.3877958,48.6312571],[2.3884047,48.6271398],[2.3893735,48.6268974],[2.3912864,48.6270137],[2.3928225,48.626477],[2.3941962,48.6264737],[2.3963113,48.6251682],[2.396509,48.6249177],[2.3964029,48.6247354],[2.3975542,48.6240161],[2.3990482,48.6238283],[2.3989721,48.6240252]]]]}},{"type":"Feature","properties":{"id":"91534","nom":"SACLAY","created":"2006-12-04","updated":"2026-01-12","code_commune":"91534"},"geometry":{"type":"MultiPolygon","coordinates":[[[[2.1727469,48.715257],[2.1830052,48.7181242],[2.1913075,48.7188724],[2.1946801,48.7183582],[2.1976216,48.7185729],[2.1987105,48.7189162],[2.2004691,48.7191379],[2.2033931,48.7200378],[2.2037174,48.7210399],[2.2021961,48.7212788],[2.1965528,48.7215146],[2.1957392,48.7216806],[2.1925953,48.7229307],[2.1892737,48.7247221],[2.1885608,48.7254178],[2.1875196,48.7259408],[2.1847551,48.7267231],[2.1818,48.7280552],[2.1827666,48.7291741],[2.1829913,48.730594],[2.1833401,48.7306647],[2.183746,48.7315277],[2.1851126,48.7326985],[2.1857738,48.7336372],[2.185966,48.7368646],[2.1878748,48.7383607],[2.1900809,48.7391068],[2.1902848,48.739332],[2.1896356,48.7393554],[2.1855493,48.7402126],[2.1825768,48.7412827],[2.1845865,48.7440997],[2.1856489,48.7469785],[2.1887981,48.7512602],[2.1895128,48.7542336],[2.1893314,48.7543256],[2.1880429,48.7539605],[2.1862067,48.7539607],[2.1807607,48.7588144],[2.1744473,48.7572981],[2.1732824,48.757853],[2.172313,48.7567555],[2.1681474,48.756644],[2.1672842,48.756157],[2.1655816,48.7546132],[2.161268,48.7500736],[2.156467,48.7517549],[2.1569183,48.7523525],[2.1536787,48.7532202],[2.1532849,48.7538478],[2.1526549,48.7543677],[2.1516426,48.7546424],[2.1512696,48.754018],[2.150644,48.7535619],[2.1502366,48.7528444],[2.1496549,48.7524438],[2.1468707,48.7508681],[2.1465444,48.7511091],[2.14255,48.7485704],[2.1416429,48.7477597],[2.1413007,48.7470516],[2.1412715,48.7468012],[2.1416644,48.7464315],[2.1415942,48.7459621],[2.1413041,48.746135],[2.1391313,48.7460774],[2.1381318,48.7464163],[2.137885,48.7461485],[2.1371967,48.7464238],[2.136745,48.7456263],[2.1387549,48.7433066],[2.1400597,48.7421534],[2.1391143,48.7417995],[2.1384092,48.7408321],[2.1379572,48.7408037],[2.1350272,48.7374522],[2.1411858,48.7333238],[2.1444478,48.7317767],[2.144149,48.7312689],[2.1454835,48.7312249],[2.1458364,48.7318033],[2.1468241,48.7315389],[2.1464461,48.7296806],[2.1458863,48.7295911],[2.1434198,48.7231575],[2.1464824,48.7226484],[2.1484442,48.7218235],[2.1533782,48.720243],[2.1549495,48.7187529],[2.154864,48.7184357],[2.156591,48.7168024],[2.1661632,48.7154751],[2.1666168,48.7155324],[2.1663937,48.7159104],[2.168463,48.7164766],[2.1717719,48.7160599],[2.1713881,48.7147949],[2.1720728,48.7146649],[2.1725646,48.714802],[2.1727469,48.715257]]]]}},{"type":"Feature","properties":{"id":"91538","nom":"SAINT-AUBIN","created":"2006-10-24","updated":"2026-04-28","code_commune":"91538"},"geometry":{"type":"MultiPolygon","coordinates":[[[[2.1385757,48.7061526],[2.1384125,48.7059923],[2.1429716,48.7060435],[2.1460714,48.7056825],[2.1458444,48.7062073],[2.1459881,48.7069551],[2.146541,48.7070872],[2.1466029,48.7074575],[2.1482808,48.7073244],[2.148357,48.7076782],[2.1537259,48.7072385],[2.1538498,48.7104295],[2.1533649,48.7104725],[2.1540955,48.7149704],[2.1540151,48.7169553],[2.1543657,48.7169431],[2.1549097,48.7187422],[2.1533605,48.7202326],[2.1484114,48.7219541],[2.1464519,48.7227823],[2.1388471,48.7240062],[2.138119,48.7237712],[2.1381098,48.7236195],[2.1368949,48.7236563],[2.1358295,48.7232278],[2.1336388,48.7216983],[2.1316813,48.7209125],[2.1308931,48.7199919],[2.1291437,48.7205403],[2.1287217,48.7205175],[2.1284185,48.7208811],[2.1273442,48.7214583],[2.1259141,48.7221629],[2.1254124,48.7222297],[2.1251827,48.7219803],[2.1251675,48.721484],[2.1244408,48.7211582],[2.1240726,48.7202976],[2.1235034,48.7198897],[2.1228689,48.7188849],[2.1221907,48.7182865],[2.1227921,48.7174347],[2.1234414,48.7151736],[2.124103,48.7141615],[2.1237218,48.7129141],[2.1246624,48.7116624],[2.1257814,48.7105661],[2.1273929,48.7094992],[2.1279896,48.7099786],[2.1286208,48.7100629],[2.1317953,48.7082022],[2.1331762,48.7078634],[2.134185,48.7082794],[2.1347224,48.7081918],[2.1354183,48.7066733],[2.1361072,48.7061713],[2.1371637,48.7059825],[2.1386162,48.7063069],[2.1385757,48.7061526]]]]}},{"type":"Feature","properties":{"id":"91549","nom":"STE GENEVIEVE DES BOIS","created":"2005-12-12","updated":"2026-01-05","code_commune":"91549"},"geometry":{"type":"MultiPolygon","coordinates":[[[[2.3340479,48.620115],[2.3498826,48.6202487],[2.3526889,48.6264561],[2.3518865,48.6267113],[2.3508167,48.6274189],[2.3494202,48.6278758],[2.3505965,48.6298914],[2.3532025,48.6318379],[2.3542514,48.6331989],[2.3565682,48.6376153],[2.3563093,48.6378148],[2.3570363,48.6385849],[2.3553429,48.6414306],[2.3263729,48.6554463],[2.3258318,48.6558604],[2.3253182,48.656087],[2.3251317,48.6559588],[2.3241578,48.6566103],[2.3239634,48.6564819],[2.3227336,48.6572447],[2.3223972,48.6571801],[2.3219667,48.6575878],[2.322137,48.6576449],[2.3204759,48.6582567],[2.3233917,48.6598843],[2.3211279,48.6602529],[2.3213871,48.6607322],[2.3175791,48.6620676],[2.3187705,48.6657872],[2.315618,48.6649233],[2.3156751,48.6638281],[2.3152276,48.662461],[2.313649,48.6601843],[2.3125025,48.6594127],[2.3121357,48.6587554],[2.3107495,48.6576986],[2.3095299,48.6572806],[2.305571,48.6546505],[2.3041235,48.654214],[2.301228,48.6523695],[2.2982839,48.6496187],[2.2983596,48.6490512],[2.2978017,48.6482222],[2.2981593,48.6473988],[2.2970825,48.6465443],[2.2982766,48.6459016],[2.2978139,48.645266],[2.2978053,48.6443803],[2.3012892,48.6446206],[2.3021473,48.6449265],[2.3047085,48.6452519],[2.3059546,48.6455556],[2.3086007,48.6456435],[2.3185217,48.6429192],[2.3183536,48.642655],[2.3150428,48.6419098],[2.314089,48.6382965],[2.3200454,48.6387557],[2.3231715,48.6384088],[2.3229095,48.6363989],[2.3261854,48.6358553],[2.3250979,48.6350664],[2.3303554,48.6342933],[2.3298263,48.632417],[2.3288577,48.6311581],[2.3276942,48.6305676],[2.3271624,48.6288966],[2.3299225,48.6276613],[2.3313817,48.6254219],[2.3329349,48.6251594],[2.3331238,48.6243189],[2.3324415,48.6215074],[2.3303686,48.6203033],[2.330547,48.6201838],[2.3340479,48.620115]]]]}},{"type":"Feature","properties":{"id":"91552","nom":"ST GERMAIN LES ARPAJON","created":"2005-02-04","updated":"2026-04-10","code_commune":"91552"},"geometry":{"type":"MultiPolygon","coordinates":[[[[2.2896409,48.5811958],[2.2912243,48.5836925],[2.2904437,48.5839575],[2.2916283,48.5851872],[2.2919616,48.5857121],[2.2916095,48.5858659],[2.2922508,48.5866248],[2.2870408,48.5880829],[2.2885801,48.5905469],[2.2887249,48.5906428],[2.2894109,48.5904452],[2.2913893,48.5939276],[2.2875771,48.5950042],[2.2873877,48.5951715],[2.2876326,48.5955322],[2.2872778,48.5957525],[2.2875897,48.5960989],[2.2857759,48.596705],[2.2856537,48.5970737],[2.2858016,48.5973292],[2.2850094,48.5970232],[2.2824232,48.5967944],[2.2825343,48.5979268],[2.2822533,48.5978782],[2.2797026,48.5996195],[2.2765582,48.6019737],[2.2768041,48.6020211],[2.2732783,48.6036307],[2.2710613,48.6050067],[2.2683438,48.6061865],[2.2680463,48.6064673],[2.2659452,48.6052111],[2.265495,48.6031789],[2.2633541,48.6037502],[2.2633927,48.6042028],[2.2618313,48.6051683],[2.2598513,48.6059623],[2.2590803,48.6061487],[2.2580004,48.6060665],[2.2557169,48.6063687],[2.2556091,48.6069597],[2.2558793,48.6090774],[2.2566097,48.610445],[2.2575954,48.6134718],[2.256847,48.6134235],[2.2557703,48.6136084],[2.2514088,48.614972],[2.2504512,48.6150659],[2.2465632,48.6146544],[2.2385412,48.6131042],[2.2369789,48.6131812],[2.2384844,48.6079049],[2.2400007,48.6081367],[2.2405645,48.6080578],[2.2435866,48.6037673],[2.2427745,48.6036314],[2.2429522,48.6033706],[2.2447943,48.6013546],[2.2454237,48.6016378],[2.2456416,48.6009071],[2.2462489,48.6000094],[2.2455269,48.5988372],[2.2459481,48.5970685],[2.2478119,48.5970697],[2.2494763,48.5964291],[2.2491788,48.5959728],[2.2506343,48.5953447],[2.2506186,48.5951506],[2.2518579,48.5941997],[2.2502259,48.5935747],[2.250902,48.5914618],[2.2526203,48.5918977],[2.2532468,48.5904902],[2.2576671,48.5915295],[2.2578928,48.5911372],[2.261729,48.5926881],[2.2626448,48.5934676],[2.2637661,48.5932684],[2.2673756,48.5918674],[2.2683481,48.5916853],[2.2683689,48.5913774],[2.2694466,48.5908335],[2.2723102,48.5880148],[2.2743611,48.587436],[2.2797625,48.5853416],[2.279444,48.5832931],[2.2843673,48.5823588],[2.2871094,48.5820223],[2.2896409,48.5811958]]]]}},{"type":"Feature","properties":{"id":"91553","nom":"ST GERMAIN LES CORBEIL","created":"2005-03-11","updated":"2026-04-09","code_commune":"91553"},"geometry":{"type":"MultiPolygon","coordinates":[[[[2.486883,48.6157093],[2.4873845,48.6156591],[2.4893459,48.6160117],[2.4925124,48.6162817],[2.4951018,48.6166783],[2.4984477,48.6174054],[2.5026158,48.6161024],[2.5051035,48.6181103],[2.5130189,48.6227175],[2.5102278,48.6230946],[2.5081845,48.6228487],[2.5096186,48.6247127],[2.5091632,48.6248892],[2.5085718,48.6254449],[2.5076349,48.6265988],[2.5063803,48.6291061],[2.5046381,48.629902],[2.5054182,48.6313837],[2.498585,48.6317867],[2.4966805,48.6314335],[2.4926849,48.6371832],[2.4915079,48.6398202],[2.4901117,48.6381945],[2.4888473,48.6361315],[2.4876961,48.6359851],[2.4877088,48.6352486],[2.48526,48.632701],[2.485461,48.6322356],[2.4833807,48.6312757],[2.4842389,48.6301585],[2.4817615,48.6290655],[2.4813562,48.6295096],[2.4798759,48.6289026],[2.4797697,48.6290662],[2.4777681,48.6279702],[2.4775654,48.6280958],[2.4768111,48.6276299],[2.4754328,48.6270969],[2.4754865,48.6270057],[2.4738842,48.6264994],[2.47397,48.6263613],[2.4731288,48.6261316],[2.471065,48.6249194],[2.473149,48.6233532],[2.4756653,48.6207825],[2.4767477,48.6211045],[2.4768423,48.6213325],[2.4789146,48.6221439],[2.4800162,48.6200688],[2.4814924,48.6189273],[2.4826352,48.6177408],[2.4833465,48.6177909],[2.4833361,48.61738],[2.4835935,48.6170604],[2.4838883,48.6169033],[2.4843067,48.6170497],[2.4848881,48.616184],[2.4845264,48.6159863],[2.4850288,48.615482],[2.4854874,48.6155609],[2.4858367,48.6152619],[2.4862097,48.6152999],[2.4862839,48.6157683],[2.486883,48.6157093]]]]}},{"type":"Feature","properties":{"id":"91570","nom":"ST MICHEL SUR ORGE","created":"2004-05-27","updated":"2026-03-06","code_commune":"91570"},"geometry":{"type":"MultiPolygon","coordinates":[[[[2.329224,48.6196506],[2.3323971,48.6214208],[2.3331477,48.6244881],[2.3330095,48.6251621],[2.3313832,48.6254259],[2.3299225,48.6276613],[2.3271497,48.6289102],[2.3276979,48.6305726],[2.3288471,48.6311427],[2.3298281,48.6324108],[2.3303475,48.6342788],[2.3251837,48.6350531],[2.3261045,48.6358733],[2.3229095,48.6363989],[2.3231715,48.6384088],[2.3201011,48.6387619],[2.3141153,48.6383088],[2.3150438,48.6419068],[2.3183457,48.642654],[2.3185429,48.6429209],[2.3085826,48.6456427],[2.3059546,48.6455556],[2.3025737,48.6450054],[2.3012017,48.6446026],[2.2978234,48.6443776],[2.2976365,48.642883],[2.2986359,48.6396833],[2.2980293,48.6391355],[2.2978998,48.6386677],[2.2971102,48.6384806],[2.2975514,48.6382076],[2.2973775,48.6377969],[2.2963808,48.6376031],[2.2966007,48.6361559],[2.2958671,48.6356995],[2.2947343,48.6357494],[2.2942205,48.6349961],[2.2940288,48.6340792],[2.2937941,48.634074],[2.2933761,48.631665],[2.2934648,48.631229],[2.2931063,48.6305369],[2.2931463,48.6299278],[2.2927828,48.6293209],[2.292892,48.6261729],[2.2971803,48.6262633],[2.3035003,48.6257041],[2.3066309,48.6246338],[2.3095203,48.6239934],[2.3127625,48.6228596],[2.316894,48.6218734],[2.3216918,48.6203864],[2.325243,48.6197632],[2.329224,48.6196506]]]]}},{"type":"Feature","properties":{"id":"91573","nom":"SAINT-PIERRE-DU-PERRAY","created":"2005-02-10","updated":"2026-01-06","code_commune":"91573"},"geometry":{"type":"MultiPolygon","coordinates":[[[[2.5182324,48.5830087],[2.5185023,48.58458],[2.5218474,48.5859319],[2.5242387,48.5868417],[2.5247237,48.5858882],[2.5252058,48.585908],[2.5275677,48.586708],[2.5301373,48.587927],[2.5302368,48.5881102],[2.5323844,48.5885401],[2.5342391,48.5893736],[2.5339845,48.5905134],[2.5355932,48.5926163],[2.536438,48.5924418],[2.5377205,48.5936602],[2.5388497,48.593383],[2.5393464,48.5939331],[2.5410905,48.5943448],[2.5408508,48.5946872],[2.5415203,48.5969721],[2.5439568,48.604063],[2.5424854,48.6087298],[2.5406531,48.6112958],[2.5257187,48.6131809],[2.5267866,48.6194236],[2.526743,48.6213365],[2.5250471,48.621272],[2.5175807,48.627635],[2.5163291,48.6283593],[2.5155946,48.6292389],[2.5207022,48.6315193],[2.5128272,48.6311156],[2.5054182,48.6313837],[2.5046381,48.629902],[2.506563,48.6290556],[2.5079699,48.6262698],[2.5088236,48.6252516],[2.5096212,48.624781],[2.5081928,48.6228553],[2.510206,48.6231059],[2.5130516,48.6227093],[2.5049777,48.6180244],[2.5026426,48.6161233],[2.5014374,48.6163824],[2.4983723,48.6173959],[2.4952161,48.6167044],[2.492158,48.6162288],[2.4893459,48.6160117],[2.4873845,48.6156591],[2.4864418,48.6157585],[2.4866338,48.6153237],[2.4864547,48.6150041],[2.4877212,48.6138198],[2.4893453,48.6131795],[2.4893204,48.6128721],[2.4899126,48.6125176],[2.4896034,48.6123959],[2.4905986,48.6115818],[2.4902618,48.6114244],[2.4922619,48.6104427],[2.4915011,48.6098938],[2.4918001,48.6097935],[2.4895146,48.6089356],[2.4901974,48.6074944],[2.4927261,48.6077859],[2.4936571,48.6069503],[2.4939643,48.6061669],[2.4972194,48.6067256],[2.4981072,48.606466],[2.499068,48.6064188],[2.5002932,48.6034189],[2.5004277,48.6019389],[2.5015853,48.6006345],[2.5017126,48.5992304],[2.5021807,48.598149],[2.5021422,48.597108],[2.5030775,48.5949981],[2.5031227,48.592823],[2.5035711,48.5912246],[2.5040024,48.5879196],[2.504804,48.5849829],[2.5088601,48.5840434],[2.5101463,48.5860311],[2.5104469,48.5876828],[2.5118745,48.5872473],[2.5140805,48.5847525],[2.5165407,48.5848148],[2.5167414,48.5847078],[2.5182324,48.5830087]]]]}},{"type":"Feature","properties":{"id":"91577","nom":"SAINTRY SUR SEINE","created":"2005-02-03","updated":"2020-07-29","code_commune":"91577"},"geometry":{"type":"MultiPolygon","coordinates":[[[[2.4890875,48.5813862],[2.4908982,48.58145],[2.4920703,48.5816787],[2.4920095,48.5818851],[2.4943465,48.5821844],[2.4981477,48.5833465],[2.5018741,48.5825501],[2.5040515,48.5824514],[2.5060431,48.582664],[2.5062168,48.5823162],[2.5088281,48.584019],[2.5048633,48.5849061],[2.504022,48.5879228],[2.5035711,48.5912246],[2.5030639,48.5928498],[2.5032376,48.5933778],[2.5030775,48.5949981],[2.5021422,48.597108],[2.5021807,48.598149],[2.5016829,48.5992744],[2.5015267,48.6006835],[2.500378,48.6019564],[2.5002932,48.6034189],[2.499068,48.6064188],[2.4981,48.6064669],[2.4972194,48.6067256],[2.4939647,48.6061662],[2.4936549,48.6069508],[2.4927303,48.6077788],[2.4902573,48.6075108],[2.490937,48.6060636],[2.4910983,48.6049997],[2.4906659,48.6027637],[2.4895518,48.6011801],[2.4866267,48.5987823],[2.4856712,48.597598],[2.4851671,48.5957336],[2.4849401,48.5934846],[2.4854515,48.5904078],[2.4853151,48.5885531],[2.4847143,48.5869716],[2.4822106,48.5825774],[2.4855484,48.5817095],[2.4855027,48.5815296],[2.4890875,48.5813862]]]]}},{"type":"Feature","properties":{"id":"91581","nom":"SAINT-YON","created":"2005-01-14","updated":"2026-01-09","code_commune":"91581"},"geometry":{"type":"MultiPolygon","coordinates":[[[[2.1874533,48.5465111],[2.1883231,48.5469764],[2.1881149,48.5472562],[2.1887694,48.548371],[2.1894712,48.5487514],[2.1924122,48.5497738],[2.1941639,48.5515765],[2.1966716,48.5534487],[2.1973245,48.5536782],[2.1975164,48.5539185],[2.1974734,48.5549635],[2.1981498,48.556112],[2.1987419,48.5560536],[2.2011175,48.5564163],[2.2017963,48.556357],[2.2038222,48.559686],[2.2036035,48.5597133],[2.2036317,48.559898],[2.2040862,48.5599541],[2.2051672,48.559676],[2.2062004,48.5614529],[2.2060432,48.5616276],[2.2064781,48.5619181],[2.2109601,48.5696573],[2.2108068,48.5696068],[2.2094985,48.5704482],[2.2077659,48.5711558],[2.2049728,48.572775],[2.2012947,48.5739155],[2.1996543,48.5745786],[2.1986098,48.5754657],[2.198788,48.5755512],[2.1985778,48.575743],[2.1976893,48.575226],[2.1970745,48.5752292],[2.195783,48.5744066],[2.1943115,48.5739555],[2.1935835,48.5733317],[2.1926645,48.5729231],[2.1916271,48.5721895],[2.1908438,48.5711182],[2.1896935,48.5706304],[2.1888765,48.5698044],[2.1880861,48.5695832],[2.1876771,48.5697007],[2.1874236,48.5693892],[2.1866576,48.569379],[2.1862572,48.5696343],[2.1843272,48.5685286],[2.1841862,48.567777],[2.1819927,48.5657529],[2.181673,48.5647518],[2.1817965,48.5640871],[2.181365,48.5637667],[2.1808974,48.5627308],[2.1800922,48.5621674],[2.179841,48.5614994],[2.1790594,48.5607801],[2.1790983,48.5604109],[2.1797408,48.5601175],[2.1797449,48.5599817],[2.1785948,48.5588994],[2.1781401,48.5581221],[2.1760713,48.5567626],[2.1756142,48.5559999],[2.174499,48.5556212],[2.1736526,48.5544523],[2.1740921,48.5540272],[2.1742658,48.5534117],[2.1739649,48.5529707],[2.1739281,48.5519088],[2.1734543,48.5512344],[2.1730978,48.5502166],[2.1733142,48.5501734],[2.1735584,48.5506744],[2.1781511,48.5493469],[2.1805945,48.5493381],[2.1820901,48.54816],[2.1831302,48.5476693],[2.1864312,48.54703],[2.1874533,48.5465111]]]]}},{"type":"Feature","properties":{"id":"91587","nom":"SAULX-LES-CHARTREUX","created":"2005-07-28","updated":"2023-03-06","code_commune":"91587"},"geometry":{"type":"MultiPolygon","coordinates":[[[[2.2685755,48.6697018],[2.2697749,48.6700289],[2.2713228,48.6702357],[2.2727749,48.670116],[2.2770136,48.6702224],[2.277147,48.6709745],[2.2783818,48.6710099],[2.2791848,48.6734807],[2.2793361,48.6734744],[2.2802847,48.6779377],[2.2810958,48.6805514],[2.2809026,48.6806169],[2.282985,48.6832648],[2.2856676,48.6851454],[2.2860761,48.6861192],[2.2875946,48.6882737],[2.2865157,48.6884441],[2.2872728,48.690335],[2.2867657,48.6903106],[2.287023,48.691721],[2.287173,48.6917086],[2.2871868,48.6922678],[2.2879556,48.6923068],[2.2881211,48.6939508],[2.2867622,48.6940253],[2.2868497,48.6954159],[2.2851331,48.6953727],[2.2850681,48.6962147],[2.2846466,48.6958762],[2.2841925,48.6958964],[2.2838191,48.6961239],[2.283488,48.696085],[2.2835932,48.6958622],[2.2830752,48.6957231],[2.283938,48.6980373],[2.284548,48.6984661],[2.2849564,48.6991867],[2.2839633,48.6994901],[2.2830072,48.6995557],[2.2822993,48.6998921],[2.2816441,48.6998891],[2.281124,48.6997158],[2.2809198,48.6998425],[2.2805328,48.699693],[2.2802143,48.6997922],[2.2791409,48.6994571],[2.2788326,48.699829],[2.2783483,48.6997135],[2.2781545,48.6999371],[2.2756098,48.7005973],[2.2750611,48.7005926],[2.2748038,48.7008312],[2.274334,48.700693],[2.2742879,48.7008479],[2.2738714,48.7008397],[2.2736141,48.7006782],[2.2733043,48.7008832],[2.2734141,48.7010752],[2.272804,48.7011247],[2.2724196,48.7014209],[2.2716305,48.7016815],[2.2717185,48.7019828],[2.2715363,48.7022429],[2.2706097,48.7021897],[2.2707024,48.7024422],[2.2713492,48.702532],[2.2706935,48.702995],[2.2688188,48.7038972],[2.2681239,48.7040564],[2.268091,48.7033741],[2.2675523,48.7034708],[2.2673624,48.7033787],[2.2675262,48.7030926],[2.2681357,48.7031609],[2.2686405,48.7013274],[2.2682223,48.7010598],[2.2690112,48.7004494],[2.2678692,48.6992111],[2.2676005,48.6993221],[2.2656119,48.6971515],[2.265596,48.6968286],[2.2651701,48.696664],[2.2646915,48.696145],[2.2615905,48.6972301],[2.2595932,48.6961021],[2.2585314,48.69596],[2.2581239,48.6960519],[2.2576003,48.6956538],[2.2571888,48.6943793],[2.2577074,48.6937548],[2.2566177,48.6932783],[2.2548591,48.6930577],[2.2529499,48.6916465],[2.2513839,48.6903173],[2.2510002,48.6884839],[2.2500128,48.6877326],[2.2481531,48.6866109],[2.2476512,48.6867903],[2.2461801,48.6861744],[2.2457665,48.6864469],[2.2437557,48.6868911],[2.2429117,48.6867653],[2.2423603,48.6859851],[2.2414906,48.685328],[2.2425692,48.6852951],[2.2429245,48.6847092],[2.243482,48.6843846],[2.2440183,48.6842552],[2.2449062,48.6844406],[2.2449065,48.6842555],[2.2457954,48.6836979],[2.2445094,48.6830775],[2.2458682,48.6824449],[2.2451303,48.6822147],[2.2450214,48.6787411],[2.2457423,48.6766618],[2.2452377,48.6753572],[2.2456611,48.6750878],[2.2452584,48.6737822],[2.2489492,48.6738819],[2.2509906,48.6735179],[2.2521444,48.6736439],[2.2532665,48.6734119],[2.2567525,48.6734769],[2.2579273,48.673357],[2.2598693,48.671783],[2.2622276,48.671375],[2.264824,48.6705777],[2.2650398,48.6706824],[2.2670071,48.6699344],[2.2674763,48.6699888],[2.26746,48.6697594],[2.2679315,48.6698977],[2.2685755,48.6697018]]]]}},{"type":"Feature","properties":{"id":"91589","nom":"SAVIGNY SUR ORGE","created":"2004-06-04","updated":"2026-04-15","code_commune":"91589"},"geometry":{"type":"MultiPolygon","coordinates":[[[[2.3402447,48.6675138],[2.344243,48.6679997],[2.3453115,48.6683503],[2.3496579,48.6703357],[2.3528188,48.6712816],[2.3537088,48.6713374],[2.3545421,48.6709083],[2.3553442,48.6708407],[2.3558362,48.6712872],[2.3573893,48.6717499],[2.3578862,48.672508],[2.3589316,48.6731752],[2.3588343,48.6742907],[2.3597312,48.6764948],[2.3638195,48.6781207],[2.3644581,48.6787649],[2.3660008,48.679216],[2.3671607,48.6806687],[2.3679123,48.6811264],[2.3689668,48.6822058],[2.3703513,48.6841072],[2.3717203,48.6856024],[2.3697777,48.684465],[2.3704725,48.6864676],[2.3696442,48.6869337],[2.3704798,48.6874771],[2.369895,48.6878079],[2.3700342,48.687903],[2.3688817,48.6885224],[2.3699701,48.6894131],[2.3660151,48.6906259],[2.3646962,48.6912276],[2.3644099,48.6909527],[2.3630559,48.6915753],[2.3645071,48.6926421],[2.3659844,48.6941174],[2.3611946,48.6936959],[2.3607952,48.6938706],[2.3603471,48.6934145],[2.3594316,48.6938046],[2.3592471,48.6936174],[2.3572986,48.6943972],[2.3576319,48.6947344],[2.3558576,48.6948423],[2.3544637,48.6978161],[2.3569903,48.697965],[2.3580442,48.6990442],[2.3585074,48.6988446],[2.3594498,48.6997992],[2.3547754,48.7013551],[2.3515751,48.7028043],[2.3499422,48.700741],[2.3462255,48.6976351],[2.3447399,48.6961801],[2.3434449,48.6952415],[2.3392431,48.6904346],[2.3378284,48.6923018],[2.3363536,48.6934003],[2.3363476,48.6944106],[2.3345411,48.6950991],[2.3333089,48.6930677],[2.3300832,48.6888823],[2.3283727,48.6875773],[2.3266769,48.6866429],[2.3296972,48.6830889],[2.3321113,48.6808536],[2.3316277,48.6802598],[2.3351367,48.678346],[2.3360635,48.6771331],[2.3372345,48.6766551],[2.3363917,48.6760907],[2.3352238,48.6749003],[2.3362647,48.6728403],[2.3358619,48.6722822],[2.3366168,48.6713524],[2.3366251,48.6707742],[2.3376979,48.6701811],[2.3379141,48.669743],[2.3384545,48.6694205],[2.3384089,48.6691395],[2.3388849,48.6689457],[2.3391439,48.6685372],[2.3387664,48.668392],[2.3379652,48.6675391],[2.3402447,48.6675138]]]]}},{"type":"Feature","properties":{"id":"91600","nom":"SOISY-SUR-SEINE","created":"2010-06-18","updated":"2026-01-09","code_commune":"91600"},"geometry":{"type":"MultiPolygon","coordinates":[[[[2.4519718,48.6377114],[2.4590023,48.6422579],[2.4624808,48.6441011],[2.4637448,48.6450747],[2.4630622,48.6453822],[2.4655469,48.6470215],[2.4664362,48.6512037],[2.4674762,48.6522795],[2.4682616,48.6522845],[2.468981,48.653854],[2.4680229,48.6544783],[2.4675799,48.6545523],[2.4666227,48.65548],[2.4662304,48.6560306],[2.4658279,48.6575266],[2.4665109,48.6588646],[2.4681347,48.6602067],[2.4705538,48.6617481],[2.4706407,48.6622338],[2.4684447,48.6627347],[2.4804099,48.665863],[2.4937892,48.6691881],[2.4944879,48.6692603],[2.4989699,48.670553],[2.5014422,48.6711057],[2.5016539,48.6712984],[2.5020246,48.6712544],[2.5041929,48.6718004],[2.4932558,48.6808155],[2.4900239,48.679954],[2.4898169,48.6797777],[2.4784122,48.6768257],[2.4786927,48.676369],[2.4776646,48.6754225],[2.475539,48.6740774],[2.474734,48.6733535],[2.4729881,48.6724823],[2.4692374,48.6695603],[2.4670525,48.6712177],[2.4658774,48.6716509],[2.4637461,48.6728518],[2.4595734,48.6717299],[2.4590361,48.6690451],[2.4591658,48.668467],[2.4574983,48.6685129],[2.4291397,48.6537139],[2.4322918,48.6519369],[2.4392017,48.6476002],[2.4468295,48.6415737],[2.4479534,48.6398126],[2.4490846,48.6388623],[2.4519718,48.6377114]]]]}},{"type":"Feature","properties":{"id":"91631","nom":"VARENNES-JARCY","created":"2004-08-04","updated":"2026-04-10","code_commune":"91631"},"geometry":{"type":"MultiPolygon","coordinates":[[[[2.5686108,48.6667179],[2.5700147,48.6672909],[2.5708158,48.6681663],[2.5717616,48.668503],[2.5718738,48.6688479],[2.571902,48.6701483],[2.5710055,48.6707851],[2.5704729,48.6722756],[2.5705531,48.6733573],[2.5710385,48.6750103],[2.5724513,48.6755833],[2.5728101,48.6755837],[2.5731491,48.675957],[2.5734576,48.6758141],[2.5743635,48.6766134],[2.5793994,48.6776922],[2.5832738,48.6776031],[2.5840061,48.6771384],[2.584959,48.6778773],[2.5847859,48.6779716],[2.5856357,48.6789494],[2.5852827,48.6791246],[2.5799118,48.6863435],[2.5812056,48.6870346],[2.5819347,48.6895357],[2.5778336,48.6904655],[2.5767724,48.6911949],[2.5756304,48.6915048],[2.5753169,48.6918804],[2.5717937,48.6920291],[2.5697272,48.6916432],[2.5697341,48.6918818],[2.5661381,48.6917462],[2.5659258,48.6909941],[2.5635133,48.690997],[2.5610733,48.6906594],[2.5611874,48.6896514],[2.5548279,48.6884593],[2.5550152,48.687611],[2.553717,48.6876208],[2.5539633,48.6883186],[2.5514729,48.6884976],[2.5500095,48.6884551],[2.5489016,48.6890908],[2.5465133,48.6881121],[2.544167,48.6874802],[2.5420414,48.6854886],[2.5423173,48.6845435],[2.5415446,48.6840994],[2.5405593,48.6830286],[2.5406932,48.6812924],[2.5411621,48.6804708],[2.5434636,48.6779533],[2.5458066,48.6759676],[2.5472926,48.6744134],[2.5473545,48.6741499],[2.5469695,48.6736554],[2.5471616,48.6728066],[2.5482322,48.6702376],[2.5492043,48.6692518],[2.5496892,48.6690225],[2.5496871,48.6688471],[2.5499461,48.6689282],[2.551128,48.6698704],[2.5519338,48.6711696],[2.552519,48.6740903],[2.5554571,48.6759012],[2.5559389,48.6760472],[2.5563548,48.675916],[2.5567569,48.6759841],[2.5576532,48.675465],[2.5579162,48.6749817],[2.5579537,48.6742817],[2.5595275,48.6722273],[2.5605467,48.6713578],[2.5616241,48.6697846],[2.5631781,48.66809],[2.5653152,48.6672285],[2.5660381,48.6673298],[2.5670244,48.6671893],[2.5686108,48.6667179]]]]}},{"type":"Feature","properties":{"id":"91635","nom":"VAUHALLAN","created":"2006-05-09","updated":"2025-10-27","code_commune":"91635"},"geometry":{"type":"MultiPolygon","coordinates":[[[[2.2048605,48.722959],[2.2057832,48.7243749],[2.2077793,48.7256573],[2.2093191,48.7273244],[2.210566,48.7275908],[2.2134448,48.7293869],[2.2136071,48.7297887],[2.2134948,48.7307346],[2.2152053,48.7319882],[2.2153391,48.7327189],[2.2149815,48.7341433],[2.2153631,48.7343347],[2.215365,48.7346886],[2.2162531,48.7347698],[2.2165915,48.7354974],[2.2174852,48.735644],[2.2172919,48.7361471],[2.2175897,48.7363141],[2.2166728,48.7376144],[2.216926,48.7377317],[2.2169091,48.7380069],[2.2149251,48.7383265],[2.2147423,48.7387209],[2.2096806,48.7372059],[2.2075253,48.7369028],[2.2056963,48.7368419],[2.2032951,48.7370342],[2.2008818,48.737018],[2.1955155,48.7374321],[2.1919168,48.7385902],[2.1904144,48.7393373],[2.1888591,48.7386398],[2.1878896,48.7383793],[2.1859491,48.7368425],[2.1858192,48.7336559],[2.1851043,48.7326957],[2.1837805,48.7315387],[2.1833273,48.7306705],[2.1829769,48.730591],[2.1827498,48.729178],[2.1817813,48.7280602],[2.1846122,48.7267593],[2.1874908,48.7259217],[2.1885205,48.7254037],[2.1892737,48.7247221],[2.1925953,48.7229307],[2.19601,48.7216518],[2.2021329,48.7213224],[2.2036684,48.7210546],[2.2048605,48.722959]]]]}},{"type":"Feature","properties":{"id":"91645","nom":"VERRIERES LE BUISSON","created":"2010-01-12","updated":"2025-11-06","code_commune":"91645"},"geometry":{"type":"MultiPolygon","coordinates":[[[[2.2385352,48.7357506],[2.2406257,48.7361963],[2.2421575,48.7370305],[2.2435286,48.7371809],[2.2436368,48.7373187],[2.2439276,48.7371752],[2.2445151,48.738034],[2.2460006,48.737818],[2.2471897,48.7369247],[2.2481296,48.7367791],[2.2506344,48.7379439],[2.2528146,48.7386487],[2.2549323,48.7384589],[2.2554042,48.7382562],[2.2557331,48.7378314],[2.2568379,48.7378969],[2.2571237,48.7376705],[2.2581781,48.7375152],[2.2587888,48.7376224],[2.2599345,48.7375515],[2.2615452,48.7379958],[2.2622197,48.7383316],[2.2653967,48.7382001],[2.2672751,48.7385388],[2.2678548,48.737536],[2.2689943,48.7376162],[2.2695073,48.7380958],[2.2717555,48.7390669],[2.272172,48.7394179],[2.2729032,48.7395134],[2.2730663,48.7397112],[2.2738144,48.7399174],[2.2743442,48.7403105],[2.2743346,48.7405807],[2.2745425,48.7407049],[2.2761828,48.7407473],[2.2768741,48.7416707],[2.2772756,48.7417367],[2.2783322,48.7423718],[2.2787592,48.74241],[2.2788232,48.7426477],[2.2793897,48.7427636],[2.2793864,48.7430442],[2.2800003,48.7431919],[2.280455,48.7435924],[2.28107,48.743671],[2.2823872,48.7446384],[2.2827406,48.7446372],[2.282996,48.7448812],[2.2833778,48.7448931],[2.2847552,48.7455624],[2.2840895,48.7461431],[2.2853692,48.7475038],[2.2826534,48.7496942],[2.2819816,48.7505308],[2.2820263,48.7507668],[2.2813993,48.7511563],[2.2796338,48.7530766],[2.2772682,48.753822],[2.2773773,48.7540012],[2.2760794,48.7544705],[2.2749826,48.7551825],[2.2761326,48.7566346],[2.271387,48.7577439],[2.2704185,48.7578123],[2.2693933,48.7576348],[2.2710067,48.760693],[2.2687044,48.7607004],[2.2690191,48.7618929],[2.26887,48.7620315],[2.2671943,48.7623463],[2.2649263,48.7614539],[2.2620278,48.7598033],[2.2595645,48.760972],[2.2554437,48.7614595],[2.2544558,48.7611397],[2.2514567,48.7607335],[2.2492499,48.7617995],[2.2469832,48.7608341],[2.2452509,48.762634],[2.2407353,48.7637331],[2.2385826,48.7664702],[2.2330668,48.7661974],[2.2323074,48.7652453],[2.2301223,48.7639413],[2.2296527,48.7631831],[2.2276531,48.7621592],[2.2257538,48.7608014],[2.225875,48.7606683],[2.2250701,48.7600331],[2.224921,48.7600944],[2.2244076,48.7595051],[2.2235701,48.757251],[2.2239548,48.7562368],[2.2236255,48.7552652],[2.2242272,48.7546118],[2.225192,48.7521482],[2.2244218,48.751081],[2.2253787,48.7510701],[2.2267409,48.7498019],[2.2284622,48.7494841],[2.2287478,48.7492594],[2.2275987,48.7484537],[2.2280345,48.748161],[2.2279363,48.7480877],[2.2302555,48.74715],[2.2302649,48.74641],[2.2288324,48.745605],[2.2294388,48.7454556],[2.2300141,48.744566],[2.2303921,48.7443348],[2.2305531,48.7431186],[2.2310058,48.7424851],[2.2308733,48.742163],[2.2317753,48.7416143],[2.2347441,48.741737],[2.2366081,48.7411008],[2.2358666,48.7404126],[2.2366673,48.7383992],[2.2369375,48.7380757],[2.2374439,48.7378784],[2.2372115,48.7377604],[2.2372837,48.7376104],[2.2381195,48.7373519],[2.2373651,48.7363531],[2.2385352,48.7357506]]]]}},{"type":"Feature","properties":{"id":"91657","nom":"VIGNEUX SUR SEINE","created":"2009-01-26","updated":"2026-01-13","code_commune":"91657"},"geometry":{"type":"MultiPolygon","coordinates":[[[[2.4456257,48.679243],[2.4474045,48.6800624],[2.4544688,48.6825147],[2.4541748,48.6833842],[2.4529728,48.6852736],[2.4519564,48.6885874],[2.4516308,48.6888735],[2.4509983,48.6890776],[2.4495839,48.688795],[2.4481297,48.6891411],[2.4464061,48.6905239],[2.4458572,48.6916326],[2.4442942,48.6934375],[2.4434396,48.6956045],[2.4444128,48.696171],[2.4442586,48.696708],[2.4438446,48.6966847],[2.4422598,48.6990102],[2.4413202,48.7014735],[2.4382487,48.704481],[2.4386323,48.7053495],[2.4384546,48.7057461],[2.4393425,48.7065016],[2.4395156,48.7068728],[2.4388957,48.7072075],[2.4369409,48.7088567],[2.4345252,48.709969],[2.4350279,48.7110705],[2.434572,48.711539],[2.4346362,48.712213],[2.4351674,48.7129579],[2.4346328,48.7131613],[2.4379465,48.715561],[2.4393562,48.717193],[2.4411273,48.7198476],[2.4418654,48.720316],[2.4430878,48.7205666],[2.4422909,48.7216508],[2.4435042,48.7229238],[2.4435559,48.7243984],[2.4418857,48.7238713],[2.4407069,48.7242357],[2.439639,48.7252658],[2.4361106,48.7243816],[2.4279268,48.7232794],[2.4235423,48.7221823],[2.4197632,48.7205763],[2.4078029,48.7143885],[2.4062887,48.7133131],[2.4053983,48.7122566],[2.4040205,48.7096671],[2.4019935,48.7042956],[2.4004411,48.7018221],[2.4078129,48.6991011],[2.4097807,48.6981235],[2.4102045,48.698401],[2.4108033,48.6979935],[2.41258,48.6972789],[2.4183239,48.6938792],[2.4186125,48.6940903],[2.4212788,48.6928574],[2.4259234,48.6957668],[2.4310709,48.6922176],[2.4367696,48.6867182],[2.4456257,48.679243]]]]}},{"type":"Feature","properties":{"id":"91659","nom":"VILLABE","created":"2005-01-31","updated":"2025-12-15","code_commune":"91659"},"geometry":{"type":"MultiPolygon","coordinates":[[[[2.4620135,48.5762284],[2.4629005,48.576329],[2.4646105,48.5769222],[2.4652064,48.5771792],[2.4655727,48.577618],[2.4680324,48.5769706],[2.4687201,48.5770706],[2.4693688,48.577416],[2.4696173,48.5783566],[2.4694357,48.5787429],[2.4695124,48.5793716],[2.4703987,48.5796335],[2.470479,48.5799489],[2.4701523,48.5804427],[2.4696652,48.5806521],[2.4696531,48.5808499],[2.4701869,48.5809483],[2.470413,48.5811429],[2.4707613,48.582023],[2.4702847,48.5830193],[2.4705982,48.5834223],[2.470531,48.5836066],[2.4692127,48.5840116],[2.4688595,48.5846016],[2.4690867,48.5863044],[2.4697813,48.587193],[2.4691106,48.5879281],[2.4691573,48.5886613],[2.4682137,48.5891729],[2.468299,48.5897045],[2.4679002,48.5906257],[2.4665339,48.5902956],[2.4657696,48.592823],[2.4636164,48.5954279],[2.4617124,48.5950078],[2.4605548,48.5956609],[2.4582397,48.5957917],[2.4574215,48.5959913],[2.457181,48.5963317],[2.4564438,48.595991],[2.4558368,48.5965691],[2.4547311,48.5961419],[2.4544844,48.5963808],[2.4509333,48.5950634],[2.4506524,48.5954631],[2.4492876,48.5948052],[2.4488197,48.5952907],[2.4460904,48.5943372],[2.4459124,48.5945774],[2.4449317,48.5943065],[2.4437438,48.5958578],[2.4396818,48.5944783],[2.4405311,48.5935424],[2.440208,48.5934282],[2.4403355,48.5932899],[2.4388327,48.5927585],[2.4374611,48.5920256],[2.4323657,48.5889433],[2.435209,48.5834209],[2.4353985,48.5834388],[2.4360843,48.5818195],[2.4386888,48.578498],[2.4391166,48.5771586],[2.4409307,48.5769961],[2.4417025,48.5772358],[2.4425919,48.5772683],[2.4433509,48.5778832],[2.4454846,48.5788685],[2.4467522,48.5785687],[2.4492767,48.578474],[2.4509262,48.5786987],[2.4518261,48.5783679],[2.4532885,48.5782244],[2.4536297,48.5783351],[2.4539237,48.5787302],[2.4549781,48.5789101],[2.4569238,48.5781594],[2.4574284,48.5774943],[2.4572175,48.5767908],[2.4574564,48.5765716],[2.4583409,48.576534],[2.458989,48.5762987],[2.4620135,48.5762284]]]]}},{"type":"Feature","properties":{"id":"91661","nom":"VILLEBON SUR YVETTE","created":"2012-09-05","updated":"2026-01-16","code_commune":"91661"},"geometry":{"type":"MultiPolygon","coordinates":[[[[2.2244654,48.6841204],[2.2275964,48.6863864],[2.2306403,48.6893988],[2.2333731,48.6914452],[2.235554,48.6899316],[2.2365145,48.6898024],[2.2373776,48.6891453],[2.237907,48.6884387],[2.2385589,48.6860763],[2.239233,48.6851202],[2.2407543,48.6858172],[2.2409729,48.685478],[2.2414512,48.6853958],[2.2423439,48.6860612],[2.2428181,48.6868802],[2.2432108,48.6869859],[2.2438411,48.6870752],[2.2456015,48.6865522],[2.2460434,48.6862387],[2.247532,48.6868065],[2.2479915,48.6866387],[2.2509081,48.688621],[2.2511996,48.6902932],[2.2536928,48.6923109],[2.2532771,48.6925118],[2.2540052,48.6925406],[2.2546093,48.6930389],[2.2560739,48.693167],[2.257671,48.6937617],[2.2571002,48.6944153],[2.2576743,48.6957519],[2.2580891,48.6960202],[2.2583031,48.6958984],[2.2595656,48.6961047],[2.2615947,48.6971939],[2.2647129,48.6961292],[2.2651663,48.6966229],[2.265611,48.6967595],[2.265628,48.6971054],[2.26766,48.6992837],[2.2678747,48.6992316],[2.2690116,48.7004495],[2.2682228,48.7010745],[2.268675,48.701364],[2.2681496,48.7031164],[2.2675542,48.7030066],[2.2673269,48.7033584],[2.2675183,48.7034628],[2.2681065,48.703391],[2.2679961,48.7043626],[2.2673868,48.7047212],[2.2657793,48.7050859],[2.2653832,48.7053321],[2.2651879,48.7050444],[2.2647301,48.7049484],[2.2635249,48.7054381],[2.2627619,48.7055002],[2.2607548,48.706514],[2.2579313,48.7064594],[2.2549283,48.7066725],[2.2537299,48.7073669],[2.253696,48.7077508],[2.2522055,48.708715],[2.2514401,48.7083967],[2.2495167,48.7085779],[2.2486186,48.7082002],[2.2467714,48.7082611],[2.2454169,48.7078615],[2.2451853,48.7074591],[2.2441839,48.7071722],[2.2433953,48.7065186],[2.2432106,48.7055513],[2.2426609,48.704964],[2.2421296,48.7038581],[2.241885,48.7036877],[2.2412037,48.7036316],[2.2405419,48.7023447],[2.2397303,48.7023011],[2.2396095,48.7018989],[2.2389224,48.7014845],[2.2382358,48.701394],[2.2374673,48.7015213],[2.2367159,48.7011727],[2.2360956,48.701195],[2.235843,48.7008505],[2.2341758,48.7008793],[2.2335241,48.7011231],[2.231763,48.7009661],[2.2301474,48.7015603],[2.2297303,48.7015398],[2.2293016,48.701292],[2.227706,48.7017215],[2.2273401,48.7013607],[2.2269415,48.7013546],[2.2266473,48.7016381],[2.2258866,48.7018454],[2.2251987,48.7012471],[2.2245332,48.7011767],[2.2243384,48.7014408],[2.2233792,48.701896],[2.2227248,48.7016134],[2.2223709,48.7017239],[2.2222704,48.7021045],[2.2217073,48.7018598],[2.2212341,48.701835],[2.220163,48.702029],[2.2198078,48.7023566],[2.2192582,48.7019949],[2.2189095,48.7021281],[2.2179761,48.7019838],[2.2174734,48.7021385],[2.2161477,48.7021462],[2.2157024,48.7016886],[2.2153401,48.7015894],[2.2148254,48.7017022],[2.2146881,48.7020523],[2.2140282,48.7023067],[2.2135503,48.702074],[2.2134541,48.7017854],[2.2130079,48.7020001],[2.212645,48.7017995],[2.2121655,48.7019035],[2.2118412,48.7017612],[2.21086,48.7018401],[2.2098622,48.7016633],[2.209787,48.7017736],[2.2081985,48.6990095],[2.2084073,48.699036],[2.2066157,48.6977442],[2.2066224,48.6970093],[2.2061878,48.6956402],[2.2054181,48.6952556],[2.2059837,48.6946402],[2.207574,48.6937906],[2.2077695,48.693529],[2.2073337,48.6929076],[2.2045359,48.692262],[2.2042488,48.6918065],[2.204854,48.6874027],[2.2047228,48.685229],[2.210876,48.6861497],[2.2139131,48.6855481],[2.2151447,48.6854367],[2.2210285,48.6853263],[2.2244654,48.6841204]]]]}},{"type":"Feature","properties":{"id":"91665","nom":"VILLE-DU-BOIS (LA)","created":"2008-01-31","updated":"2026-01-02","code_commune":"91665"},"geometry":{"type":"MultiPolygon","coordinates":[[[[2.2688592,48.650251],[2.2697841,48.6502429],[2.2706215,48.6506984],[2.2719855,48.6510662],[2.2722618,48.651243],[2.2724671,48.6519222],[2.2728384,48.6520563],[2.2799251,48.670337],[2.2787366,48.6702054],[2.2725212,48.6701026],[2.2712598,48.6702023],[2.2697242,48.6700188],[2.2686583,48.6696979],[2.2679339,48.6699024],[2.267465,48.66977],[2.2650052,48.6706831],[2.2638515,48.6701047],[2.2622379,48.6703132],[2.261455,48.6701989],[2.2603452,48.6690788],[2.2596305,48.6687724],[2.2567554,48.6681435],[2.2539567,48.6680811],[2.2489412,48.6665704],[2.2493929,48.6651631],[2.2507516,48.6647828],[2.2498682,48.6635356],[2.2498597,48.6633611],[2.2503029,48.6631892],[2.2502466,48.6617327],[2.2509098,48.6616269],[2.2527671,48.6607623],[2.2524771,48.6596152],[2.2530496,48.6596065],[2.2528512,48.658778],[2.2524989,48.6584813],[2.2529335,48.6580534],[2.253388,48.656955],[2.2559443,48.6568065],[2.2574055,48.6570593],[2.2575874,48.6552254],[2.2581235,48.655053],[2.2589074,48.6537834],[2.2582736,48.6531208],[2.2589521,48.652887],[2.2571086,48.6511579],[2.2576588,48.6505742],[2.2585652,48.6500881],[2.2602337,48.6501823],[2.2622167,48.6505463],[2.2660148,48.6494051],[2.2669659,48.6494555],[2.2671922,48.649734],[2.2679603,48.6501028],[2.2688592,48.650251]]]]}},{"type":"Feature","properties":{"id":"91666","nom":"VILLEJUST","created":"2008-01-31","updated":"2026-04-27","code_commune":"91666"},"geometry":{"type":"MultiPolygon","coordinates":[[[[2.2085113,48.6661887],[2.2117421,48.6695434],[2.2123409,48.6710346],[2.213465,48.6708591],[2.2133166,48.6718909],[2.214725,48.6721031],[2.2179585,48.6718902],[2.2205514,48.6703239],[2.2245097,48.6683745],[2.2268985,48.6676963],[2.2293174,48.6672859],[2.2307995,48.6730715],[2.2318966,48.6730517],[2.2338107,48.6735462],[2.2349297,48.6736519],[2.2381972,48.6737596],[2.240574,48.6736219],[2.2423616,48.6741341],[2.2452136,48.6737515],[2.2457443,48.6749907],[2.2451796,48.6752387],[2.245551,48.6756979],[2.24578,48.6765363],[2.2450045,48.678622],[2.2451303,48.6822147],[2.2458682,48.6824449],[2.2445094,48.6830775],[2.2457954,48.6836979],[2.2449065,48.6842555],[2.2449062,48.6844406],[2.2440183,48.6842552],[2.243482,48.6843846],[2.2429245,48.6847092],[2.2425692,48.6852951],[2.240982,48.6853538],[2.2407303,48.6857039],[2.2392641,48.6850629],[2.2385315,48.686072],[2.2379488,48.6883579],[2.2373334,48.6891271],[2.236576,48.6897201],[2.2355817,48.6898513],[2.2337447,48.6911967],[2.2333275,48.6913282],[2.2303378,48.6891532],[2.2276873,48.6864835],[2.2244265,48.6841438],[2.2207595,48.6853608],[2.2147803,48.6855253],[2.2108731,48.6861348],[2.204722,48.6851986],[2.2047148,48.6849852],[2.2026951,48.6851707],[2.2027499,48.6820621],[2.2043595,48.6817804],[2.2044963,48.6808867],[2.2078481,48.6802573],[2.2092184,48.6797264],[2.2099559,48.6802061],[2.2108488,48.6795453],[2.2119583,48.679069],[2.2110082,48.6786872],[2.2101322,48.678045],[2.2081766,48.6758628],[2.205797,48.6745602],[2.2045095,48.6736416],[2.2017681,48.6726223],[2.1986658,48.6725301],[2.1975939,48.6717348],[2.1968892,48.6708537],[2.1960046,48.6703326],[2.1955531,48.6687323],[2.1968038,48.6679188],[2.1974971,48.6677606],[2.2055547,48.6668425],[2.2085113,48.6661887]]]]}},{"type":"Feature","properties":{"id":"91667","nom":"VILLEMOISSON-S-ORGE","created":"2004-09-02","updated":"2026-04-13","code_commune":"91667"},"geometry":{"type":"MultiPolygon","coordinates":[[[[2.334438,48.6515808],[2.3367649,48.650436],[2.3409572,48.6619786],[2.3420337,48.6676678],[2.3401688,48.6675014],[2.3380262,48.6675802],[2.3376555,48.6670236],[2.3373948,48.6670427],[2.3369389,48.6674473],[2.3362275,48.6675095],[2.3336785,48.6672127],[2.3304327,48.667654],[2.3289139,48.6680875],[2.3283547,48.6681116],[2.3281618,48.6682793],[2.3271639,48.6683337],[2.3243672,48.6693716],[2.3225436,48.6687609],[2.3222284,48.6684066],[2.3207978,48.6684238],[2.3202174,48.6679515],[2.3185003,48.6653467],[2.3175716,48.6620684],[2.3213866,48.6607312],[2.3211264,48.660251],[2.3233594,48.65988],[2.3204831,48.6582579],[2.32214,48.6576445],[2.3219628,48.6575847],[2.3223978,48.6571735],[2.3227342,48.6572446],[2.3239679,48.6564803],[2.3241587,48.6566076],[2.3251337,48.6559598],[2.3253198,48.6560894],[2.3266172,48.6553248],[2.334438,48.6515808]]]]}},{"type":"Feature","properties":{"id":"91679","nom":"VILLIERS-LE-BACLE","created":"2006-10-26","updated":"2025-10-27","code_commune":"91679"},"geometry":{"type":"MultiPolygon","coordinates":[[[[2.1141129,48.7141403],[2.1150175,48.7143963],[2.1162365,48.7143417],[2.1174554,48.7146574],[2.1180739,48.7149726],[2.1181254,48.7148297],[2.1193249,48.715162],[2.1211657,48.7153758],[2.1219916,48.7156689],[2.1232073,48.7157755],[2.1227831,48.7173299],[2.1221893,48.718224],[2.1228263,48.7187369],[2.1234372,48.7198172],[2.124014,48.7201984],[2.1243889,48.7210739],[2.1250782,48.7213975],[2.1254124,48.7222297],[2.1259141,48.7221629],[2.1273442,48.7214583],[2.1284185,48.7208811],[2.1286977,48.7205342],[2.1289716,48.7205887],[2.1308684,48.7200015],[2.1313507,48.7206667],[2.1337911,48.7217261],[2.1359711,48.7232299],[2.1369663,48.7236543],[2.1381515,48.7236325],[2.1382024,48.7237782],[2.1388635,48.7240142],[2.1433815,48.7232421],[2.1457739,48.729277],[2.1460238,48.7296461],[2.1463836,48.7297164],[2.1467332,48.7315571],[2.145732,48.7317731],[2.1454769,48.7312041],[2.1441298,48.731277],[2.144345,48.7318225],[2.1411052,48.7333937],[2.135099,48.7372898],[2.1260223,48.7376763],[2.1254465,48.7401054],[2.1224113,48.741066],[2.1200334,48.7420619],[2.1162146,48.7406952],[2.1162413,48.7396135],[2.1139255,48.7396754],[2.1134146,48.7393615],[2.1125331,48.7396754],[2.110978,48.7397841],[2.1108244,48.7395616],[2.1090202,48.7392612],[2.1033558,48.7375936],[2.1024091,48.7376921],[2.1023054,48.7374904],[2.0984641,48.7352436],[2.0980715,48.7348377],[2.0980223,48.7342053],[2.0984455,48.7339681],[2.1024977,48.732696],[2.1036762,48.7328478],[2.1022018,48.7311882],[2.1023932,48.7306695],[2.1069024,48.7287941],[2.1085501,48.7276711],[2.1096637,48.7256413],[2.1102474,48.7252575],[2.1117457,48.7232462],[2.1125127,48.7228375],[2.1119542,48.7228317],[2.1099578,48.7213428],[2.1083969,48.7205172],[2.1071301,48.7201424],[2.1061508,48.7193449],[2.1061301,48.7189816],[2.1076136,48.7179012],[2.1075936,48.7177175],[2.1098477,48.7158327],[2.1098395,48.7148294],[2.1115721,48.7145228],[2.1117988,48.714635],[2.1125681,48.7146001],[2.1130254,48.7143572],[2.1141129,48.7141403]]]]}},{"type":"Feature","properties":{"id":"91685","nom":"VILLIERS-SUR-ORGE","created":"2004-02-10","updated":"2025-10-27","code_commune":"91685"},"geometry":{"type":"MultiPolygon","coordinates":[[[[2.2989959,48.6503469],[2.2993012,48.650462],[2.3012324,48.6523773],[2.3042212,48.6542734],[2.305533,48.6546444],[2.3093272,48.6571309],[2.3086385,48.6574627],[2.3062407,48.6597314],[2.3080682,48.6616509],[2.3074415,48.6625664],[2.3049526,48.6637066],[2.3045243,48.6641463],[2.3051663,48.6658759],[2.3037968,48.6678781],[2.3002786,48.6698097],[2.2960064,48.6649246],[2.2946695,48.6653876],[2.2938447,48.6643342],[2.293038,48.6603678],[2.2913916,48.6575992],[2.2910694,48.6558409],[2.2901176,48.6542302],[2.2901071,48.6533507],[2.2896474,48.6527463],[2.2901315,48.6524798],[2.290814,48.6524906],[2.2914702,48.652204],[2.2926658,48.6519646],[2.2929926,48.6517063],[2.2950148,48.6510189],[2.2961018,48.6509345],[2.2965878,48.6507423],[2.2974608,48.6508206],[2.2989959,48.6503469]]]]}},{"type":"Feature","properties":{"id":"91687","nom":"VIRY CHATILLON","created":"2005-03-09","updated":"2026-05-11","code_commune":"91687"},"geometry":{"type":"MultiPolygon","coordinates":[[[[2.3654776,48.6463289],[2.3659533,48.6461508],[2.3702606,48.6511177],[2.3795,48.6633883],[2.3801814,48.6637907],[2.3802965,48.6636533],[2.3826081,48.6648964],[2.3833784,48.6655274],[2.3961641,48.6737351],[2.392524,48.6759966],[2.3878781,48.6783752],[2.3869758,48.679484],[2.3864932,48.6805278],[2.3861152,48.6816855],[2.3859925,48.6836536],[2.383247,48.6836985],[2.380548,48.6844617],[2.3801862,48.6843205],[2.3789159,48.6858483],[2.3781351,48.6854969],[2.3784698,48.6852588],[2.3759529,48.6839333],[2.3731113,48.6863581],[2.3719884,48.6857787],[2.3703457,48.6841103],[2.3689412,48.6821976],[2.3678553,48.6811041],[2.3671763,48.6806818],[2.3659181,48.6791546],[2.3645655,48.6788213],[2.3637862,48.6781142],[2.3597148,48.6764843],[2.3588138,48.6742374],[2.3589212,48.6731421],[2.3578973,48.6725241],[2.3574565,48.6717993],[2.3558172,48.6712873],[2.3554247,48.670887],[2.3554074,48.6704966],[2.3561193,48.6699653],[2.3564812,48.6678729],[2.3606826,48.6663202],[2.3632046,48.6660821],[2.3584842,48.6629638],[2.362835,48.6617683],[2.3622748,48.6602954],[2.3616536,48.6593712],[2.3635551,48.65872],[2.3653239,48.6578973],[2.3659279,48.6572685],[2.3641435,48.6542336],[2.3635214,48.6537576],[2.361457,48.6532053],[2.3610078,48.6518237],[2.3583217,48.6496351],[2.3635627,48.6492343],[2.3623091,48.6480696],[2.363402,48.647224],[2.3654776,48.6463289]]]]}},{"type":"Feature","properties":{"id":"91689","nom":"WISSOUS","created":"2009-12-09","updated":"2026-02-05","code_commune":"91689"},"geometry":{"type":"MultiPolygon","coordinates":[[[[2.3371205,48.7094346],[2.3404305,48.7133735],[2.3457553,48.7186599],[2.3476617,48.7202394],[2.3494077,48.7225043],[2.3501431,48.7238197],[2.3502784,48.7245698],[2.3475758,48.7250894],[2.3470927,48.7269433],[2.3467017,48.7269093],[2.3457877,48.7321344],[2.3436009,48.7347461],[2.3465576,48.7346565],[2.3498895,48.7340235],[2.3514992,48.7363623],[2.3528233,48.7379051],[2.3539248,48.7380889],[2.354188,48.7379978],[2.3543407,48.7381617],[2.3539247,48.7387686],[2.3478479,48.7415438],[2.3476403,48.7412495],[2.3455011,48.7416834],[2.3445039,48.7406848],[2.3422711,48.7403301],[2.3395694,48.7412373],[2.3391157,48.7415963],[2.3389318,48.7416512],[2.3387128,48.7414286],[2.3377502,48.7417321],[2.3367485,48.7422874],[2.3377358,48.7431692],[2.3362801,48.7439754],[2.3363796,48.7442895],[2.3334708,48.7468543],[2.330848,48.7479872],[2.3288385,48.7499215],[2.327406,48.7508774],[2.323648,48.7523024],[2.3248189,48.7505367],[2.3226787,48.7481082],[2.320721,48.7487573],[2.3193169,48.7471235],[2.3204615,48.7467993],[2.3184779,48.7450377],[2.317542,48.7444924],[2.3172072,48.7447268],[2.3163594,48.7441287],[2.3161616,48.7443262],[2.3143401,48.743299],[2.3170255,48.7408993],[2.3155519,48.7399264],[2.315419,48.7396231],[2.3141683,48.7389002],[2.3143052,48.7387691],[2.3130224,48.7381952],[2.3145424,48.736847],[2.318153,48.7378876],[2.318529,48.7372988],[2.317017,48.73535],[2.3164103,48.7338432],[2.3149308,48.7335918],[2.3153631,48.7334019],[2.3144268,48.7304303],[2.3079106,48.7293518],[2.304011,48.7294596],[2.3042251,48.7284528],[2.3038822,48.7264674],[2.3014997,48.7197247],[2.3046864,48.7193149],[2.3047497,48.7194963],[2.3081626,48.7190848],[2.3087813,48.72205],[2.3109277,48.721942],[2.3109374,48.7220383],[2.3173086,48.7212628],[2.3239673,48.7209835],[2.3237816,48.7182309],[2.3241144,48.7184251],[2.3238847,48.7156427],[2.3240542,48.7147],[2.3239163,48.7146922],[2.3248524,48.7109925],[2.3264012,48.711027],[2.3325875,48.7105978],[2.3358952,48.7097737],[2.3360784,48.7095909],[2.3371205,48.7094346]]]]}},{"type":"Feature","properties":{"id":"91691","nom":"YERRES","created":"2007-04-04","updated":"2026-01-19","code_commune":"91691"},"geometry":{"type":"MultiPolygon","coordinates":[[[[2.4822596,48.6898266],[2.4899966,48.6943729],[2.4882403,48.6956958],[2.4883853,48.696114],[2.4876525,48.6980365],[2.4904012,48.6988007],[2.4867094,48.7012612],[2.4870601,48.7030512],[2.4875081,48.7035638],[2.4890638,48.7033273],[2.4923131,48.7034147],[2.4934784,48.7031312],[2.493531,48.7033489],[2.4942652,48.7032727],[2.494361,48.7037198],[2.4949539,48.7044761],[2.4961426,48.7051695],[2.4966554,48.7066061],[2.4973657,48.7064519],[2.4981883,48.7069613],[2.5008354,48.7073607],[2.5025636,48.7072034],[2.5040099,48.7087091],[2.5027295,48.7094066],[2.5033038,48.7098443],[2.5045421,48.7102083],[2.506231,48.7112348],[2.5063889,48.7110548],[2.5072754,48.711171],[2.508194,48.7115202],[2.508868,48.7114498],[2.5092248,48.7120554],[2.5105241,48.7120844],[2.5117051,48.7124907],[2.5124254,48.7120568],[2.5136465,48.7120119],[2.5176015,48.7130779],[2.5180244,48.7128087],[2.5182612,48.712959],[2.5190104,48.7126006],[2.5209765,48.7127943],[2.5189625,48.7146647],[2.5180908,48.7150722],[2.5173009,48.7157088],[2.518232,48.715989],[2.5174943,48.7171818],[2.515522,48.7293402],[2.5100081,48.7347901],[2.5095952,48.7347159],[2.5091484,48.7336782],[2.5074315,48.7331135],[2.5077036,48.7350689],[2.5061965,48.7358554],[2.5033073,48.7350386],[2.503035,48.7352392],[2.4846185,48.7291857],[2.4800619,48.7279208],[2.4751885,48.7276314],[2.475345,48.7270809],[2.4744922,48.7266919],[2.4750697,48.7252432],[2.4760903,48.7253107],[2.4761262,48.7235772],[2.4755281,48.7235626],[2.475703,48.7225748],[2.4763948,48.7215671],[2.4756389,48.7195604],[2.4757042,48.7186488],[2.4754922,48.7178301],[2.4745115,48.7174837],[2.4738673,48.7174195],[2.4715989,48.7180815],[2.4707964,48.717109],[2.4700574,48.7173107],[2.4695092,48.716779],[2.4684889,48.7151911],[2.4680179,48.7150592],[2.4672442,48.7126609],[2.4661258,48.712571],[2.4659576,48.7122783],[2.4654566,48.71213],[2.4654322,48.7119931],[2.4669571,48.7116657],[2.4676782,48.7117468],[2.47268,48.713729],[2.4732364,48.7129104],[2.4736034,48.7126762],[2.4741903,48.7129184],[2.474739,48.712718],[2.4751591,48.711537],[2.4758531,48.7116063],[2.4763309,48.7090642],[2.4762424,48.70854],[2.476011,48.7085609],[2.4758252,48.7076287],[2.4752226,48.7075703],[2.4746582,48.7057651],[2.4754486,48.7058709],[2.4761389,48.7025139],[2.4744315,48.7005866],[2.4741022,48.7005777],[2.4728809,48.6971963],[2.4743611,48.696291],[2.4822596,48.6898266]]]]}},{"type":"Feature","properties":{"id":"91692","nom":"LES ULIS","created":"2016-03-14","updated":"2016-04-12","code_commune":"91692"},"geometry":{"type":"MultiPolygon","coordinates":[[[[2.1911846,48.6683705],[2.1921473,48.6688841],[2.1927695,48.6697169],[2.1937238,48.6695789],[2.1941718,48.6693157],[2.195584,48.6689498],[2.1958229,48.6701986],[2.1969002,48.6709197],[2.1974833,48.6717426],[2.1982915,48.6723898],[2.1987586,48.6725813],[2.2000353,48.6724796],[2.201895,48.6726281],[2.2045488,48.6736941],[2.2079559,48.6757106],[2.2086624,48.6762788],[2.2099168,48.6778813],[2.2109167,48.6786131],[2.2119951,48.6790978],[2.2098879,48.680178],[2.209237,48.6797255],[2.2079582,48.6802243],[2.204532,48.6808917],[2.2043606,48.6817879],[2.2027251,48.6820621],[2.2027303,48.6851778],[2.2046983,48.6849564],[2.2048733,48.6875063],[2.2042823,48.6916465],[2.2038943,48.690996],[2.2009892,48.6907522],[2.2008821,48.68944],[2.1990255,48.689137],[2.1968696,48.6895815],[2.1944531,48.6903844],[2.1908882,48.6904116],[2.1898612,48.6880275],[2.189874,48.6876375],[2.1896751,48.6876417],[2.1893102,48.6867268],[2.1889779,48.6853982],[2.1884011,48.6845445],[2.1887754,48.6838255],[2.1857201,48.6817339],[2.1855897,48.6807934],[2.1839362,48.6755162],[2.1819286,48.6758331],[2.1802715,48.676914],[2.177393,48.6783547],[2.1776758,48.6789857],[2.1767009,48.6792457],[2.1797186,48.6833431],[2.1807678,48.6840024],[2.1808918,48.6833576],[2.1813359,48.6831769],[2.1822939,48.6832887],[2.1819378,48.6849537],[2.1807483,48.6849876],[2.1788334,48.6846785],[2.1790457,48.6847724],[2.1788523,48.6849755],[2.1797997,48.6866071],[2.1794015,48.6867694],[2.1796493,48.6875252],[2.1793462,48.6876219],[2.1788659,48.6881358],[2.1773297,48.6887928],[2.1768616,48.6892721],[2.1770478,48.6893892],[2.1754717,48.6899912],[2.1755061,48.6901791],[2.1741465,48.6903104],[2.1731375,48.692195],[2.1738144,48.6924539],[2.1746388,48.6924133],[2.1747268,48.6927463],[2.1715673,48.6931807],[2.1690063,48.6932681],[2.167416,48.6931539],[2.1658353,48.6942798],[2.1661431,48.6948515],[2.1641128,48.6943755],[2.1648152,48.6940351],[2.1660192,48.6929388],[2.1658444,48.6927789],[2.1661017,48.6928653],[2.1663181,48.6926718],[2.1627392,48.6906514],[2.1608461,48.6890966],[2.1612547,48.6888552],[2.1611939,48.6883436],[2.1617586,48.6878328],[2.164142,48.6873536],[2.1625876,48.6836029],[2.1612289,48.6837318],[2.1613519,48.6803429],[2.162309,48.6794767],[2.1635156,48.6767194],[2.1613964,48.6756374],[2.1632854,48.6754719],[2.1632279,48.6753786],[2.1653975,48.6748442],[2.1657971,48.6761343],[2.1679097,48.6759943],[2.1681846,48.6771412],[2.1717558,48.6767747],[2.1715633,48.6746568],[2.1713301,48.6742518],[2.1723727,48.6737888],[2.173151,48.6740802],[2.1756942,48.6739929],[2.1794879,48.6732509],[2.1812836,48.6722725],[2.183758,48.6718174],[2.1868895,48.6718493],[2.1904233,48.671585],[2.1902188,48.6702377],[2.1876828,48.6704982],[2.1874227,48.6701439],[2.186754,48.6703757],[2.1846243,48.6706809],[2.1853204,48.6700221],[2.1870159,48.6697484],[2.1878291,48.6690054],[2.1898383,48.6690373],[2.1903154,48.6685765],[2.1911846,48.6683705]]]]}},{"type":"Feature","properties":{"id":"92002","nom":"ANTONY","created":"2020-08-18","updated":"2026-01-14","code_commune":"92002"},"geometry":{"type":"MultiPolygon","coordinates":[[[[2.3074635,48.7293405],[2.3144465,48.7304336],[2.3153635,48.7334028],[2.3149313,48.733592],[2.316411,48.733843],[2.3170154,48.7353504],[2.3185306,48.7372983],[2.3181524,48.7378905],[2.3145456,48.7368437],[2.3130207,48.7381961],[2.3143074,48.7387671],[2.3141685,48.7389002],[2.3154189,48.7396229],[2.315552,48.7399265],[2.317026,48.7408993],[2.3143398,48.7432996],[2.3161613,48.744326],[2.3163593,48.7441286],[2.3172076,48.744727],[2.3175417,48.7444925],[2.3184763,48.745037],[2.3204615,48.7467991],[2.3193165,48.7471224],[2.3207221,48.7487551],[2.3200296,48.749015],[2.3193806,48.7495516],[2.3177505,48.7500986],[2.317068,48.7501833],[2.3170546,48.7500514],[2.3142144,48.7513466],[2.3123145,48.751338],[2.3101193,48.7521914],[2.3116397,48.7530197],[2.3108863,48.753761],[2.3114756,48.7543223],[2.3086736,48.7554196],[2.3133981,48.7601496],[2.3131097,48.761585],[2.3136464,48.7622842],[2.3143488,48.7620503],[2.3148451,48.7639314],[2.3152935,48.7648011],[2.3153503,48.7654465],[2.3150895,48.7655149],[2.3157405,48.7667891],[2.3164312,48.7672556],[2.3172297,48.7683457],[2.3178813,48.7686745],[2.3199227,48.7707608],[2.3123947,48.7721408],[2.3118157,48.7706861],[2.3093455,48.7709264],[2.3074226,48.7707498],[2.3072166,48.7697262],[2.3065465,48.7692202],[2.2902548,48.7666001],[2.2919397,48.7644932],[2.2908439,48.7609422],[2.2881729,48.761081],[2.2881026,48.7604867],[2.2848347,48.7606358],[2.2786191,48.7600157],[2.2749829,48.7551839],[2.2760795,48.7544704],[2.2773774,48.7540012],[2.277263,48.7538237],[2.2796341,48.7530768],[2.281399,48.7511561],[2.2820259,48.7507671],[2.2819818,48.7505313],[2.2826543,48.7496923],[2.2853692,48.7475039],[2.2840897,48.7461431],[2.2847559,48.7455621],[2.2833777,48.7448932],[2.2829961,48.7448813],[2.2827405,48.7446371],[2.2823876,48.7446385],[2.2810698,48.7436709],[2.2804543,48.7435923],[2.2800003,48.7431919],[2.2793864,48.7430442],[2.2793892,48.7427628],[2.278823,48.7426477],[2.2787593,48.7424101],[2.2783326,48.7423719],[2.2772754,48.7417367],[2.2768739,48.7416708],[2.2761834,48.7407475],[2.2757401,48.7406664],[2.2751065,48.7408131],[2.2745425,48.7407051],[2.2747861,48.7401189],[2.2752972,48.7397049],[2.2751694,48.7390435],[2.2753995,48.7383487],[2.2774857,48.7352957],[2.278813,48.7340901],[2.2798713,48.7327287],[2.2809199,48.7334015],[2.2820763,48.7338422],[2.2895553,48.7355512],[2.2938258,48.7368909],[2.2995486,48.7391574],[2.3024545,48.7408018],[2.3015409,48.7362475],[2.3017768,48.7350147],[2.3040148,48.7294507],[2.3074635,48.7293405]]]]}},{"type":"Feature","properties":{"id":"92004","nom":"ASNIERES-SUR-SEINE","created":"2020-08-06","updated":"2025-12-16","code_commune":"92004"},"geometry":{"type":"MultiPolygon","coordinates":[[[[2.2842847,48.9022294],[2.291634,48.9056589],[2.2931008,48.9065408],[2.2946404,48.907916],[2.2983297,48.909789],[2.3021216,48.9111535],[2.3087408,48.9124784],[2.3198017,48.9159298],[2.3218626,48.9187527],[2.3177592,48.9208214],[2.3149417,48.9200737],[2.3099551,48.9183924],[2.3079788,48.9174598],[2.3020818,48.9152624],[2.2988906,48.9137205],[2.2962549,48.9127196],[2.2952253,48.9199468],[2.2918586,48.9178958],[2.2902804,48.9188691],[2.2869204,48.9216778],[2.2859486,48.92268],[2.2862801,48.9228799],[2.2845176,48.9261344],[2.2843698,48.9302355],[2.2833447,48.931749],[2.2810242,48.93306],[2.2771176,48.9335516],[2.27566,48.9335471],[2.2743696,48.9332668],[2.2737954,48.9333984],[2.2730393,48.9338378],[2.2723557,48.9284955],[2.2718049,48.9277716],[2.2729687,48.9272723],[2.2760411,48.9231509],[2.2806131,48.9191061],[2.2785923,48.9174482],[2.2743036,48.9144201],[2.272389,48.9127623],[2.2721179,48.9101744],[2.2693864,48.9103367],[2.2681394,48.9105991],[2.2666775,48.9106277],[2.2649666,48.9102725],[2.2665207,48.9061287],[2.2678846,48.9058715],[2.2743165,48.9082795],[2.2757245,48.9070147],[2.2761258,48.9069502],[2.2762941,48.906444],[2.2770796,48.905737],[2.2801144,48.9036513],[2.2818482,48.9046352],[2.2842847,48.9022294]]]]}},{"type":"Feature","properties":{"id":"92007","nom":"BAGNEUX","created":"2020-08-18","updated":"2026-01-02","code_commune":"92007"},"geometry":{"type":"MultiPolygon","coordinates":[[[[2.3096981,48.7848976],[2.3108423,48.7857765],[2.3111973,48.7872968],[2.3124602,48.7893189],[2.3141078,48.78939],[2.318671,48.7879759],[2.3259835,48.8067349],[2.3263679,48.8082945],[2.3252482,48.80842],[2.3250053,48.8081538],[2.3247555,48.8076708],[2.324789,48.8070149],[2.3245363,48.8069957],[2.3243436,48.8066813],[2.3244418,48.8058162],[2.3242754,48.8058594],[2.3239966,48.8053612],[2.3217381,48.8059513],[2.3210257,48.8056876],[2.3204199,48.8061277],[2.3183344,48.8060873],[2.3178684,48.8083956],[2.3190471,48.8099684],[2.3175679,48.8098684],[2.3026572,48.8111074],[2.3017586,48.809999],[2.305928,48.8085546],[2.3036774,48.8059173],[2.3030366,48.8034399],[2.2995833,48.8028327],[2.2936384,48.7977681],[2.2928877,48.7970164],[2.2923324,48.7960043],[2.2933665,48.7959838],[2.2952374,48.7956208],[2.2961612,48.7957538],[2.2983289,48.7944122],[2.2974425,48.7936792],[2.2987911,48.7923891],[2.3031186,48.7855318],[2.3040364,48.7852125],[2.3060922,48.7849751],[2.3096981,48.7848976]]]]}},{"type":"Feature","properties":{"id":"92009","nom":"BOIS COLOMBES","created":"2020-08-06","updated":"2026-06-12","code_commune":"92009"},"geometry":{"type":"MultiPolygon","coordinates":[[[[2.2632445,48.9033974],[2.2669958,48.9046444],[2.2649666,48.9102725],[2.2666775,48.9106277],[2.2681394,48.9105991],[2.2693864,48.9103367],[2.2721179,48.9101744],[2.272389,48.9127623],[2.2743036,48.9144201],[2.2785923,48.9174482],[2.2806131,48.9191061],[2.2760411,48.9231509],[2.2733138,48.9268326],[2.2678085,48.9250406],[2.2697815,48.9246626],[2.2686311,48.9229768],[2.2687933,48.9229332],[2.2679079,48.9213863],[2.268308,48.9212861],[2.2671534,48.9195048],[2.2652036,48.920368],[2.2646136,48.9191745],[2.263185,48.9202074],[2.2623941,48.9188006],[2.2625384,48.918591],[2.2623411,48.9178618],[2.2617874,48.916582],[2.2615545,48.9138763],[2.2574766,48.9138847],[2.2574147,48.9135578],[2.2579348,48.913489],[2.2576737,48.9108774],[2.2570398,48.9109429],[2.2582142,48.906072],[2.2613722,48.9068226],[2.2632445,48.9033974]]]]}},{"type":"Feature","properties":{"id":"92012","nom":"BOULOGNE BILLANCOURT","created":"2020-08-18","updated":"2025-11-25","code_commune":"92012"},"geometry":{"type":"MultiPolygon","coordinates":[[[[2.2372155,48.8215021],[2.2394614,48.821801],[2.2416909,48.8226518],[2.2446254,48.8233142],[2.2506577,48.8252167],[2.2526304,48.8263354],[2.2571876,48.8296327],[2.2602486,48.8313319],[2.2627909,48.8339228],[2.2551487,48.8348045],[2.2516488,48.8389059],[2.2512193,48.8428915],[2.252538,48.8455684],[2.2504613,48.8456616],[2.2424356,48.8477362],[2.2403223,48.8496029],[2.2392383,48.8501195],[2.2241306,48.8534659],[2.225349,48.8498745],[2.2255326,48.8478882],[2.2253013,48.8462691],[2.2241975,48.8425273],[2.2228494,48.8388166],[2.2228344,48.8378583],[2.2232061,48.8361885],[2.2260223,48.8325439],[2.2265914,48.8299585],[2.2273237,48.8282149],[2.2273359,48.8272358],[2.2284648,48.8257901],[2.2305797,48.8240155],[2.2330859,48.8225888],[2.2350635,48.8218472],[2.2363559,48.8215331],[2.2372155,48.8215021]]]]}},{"type":"Feature","properties":{"id":"92014","nom":"BOURG LA REINE","created":"2020-08-18","updated":"2025-12-17","code_commune":"92014"},"geometry":{"type":"MultiPolygon","coordinates":[[[[2.3199227,48.7707608],[2.3205553,48.7714417],[2.3223478,48.7746322],[2.3237392,48.7765867],[2.324238,48.7763566],[2.3250509,48.7772723],[2.325708,48.7770416],[2.3266172,48.7787313],[2.3245787,48.7790733],[2.3258244,48.7819215],[2.3244371,48.7822444],[2.324838,48.783227],[2.324543,48.7832803],[2.3250696,48.7844125],[2.3247263,48.7844788],[2.3251234,48.786339],[2.3220765,48.7870151],[2.3141078,48.78939],[2.3124602,48.7893189],[2.3111973,48.7872968],[2.3108423,48.7857765],[2.3096981,48.7848976],[2.3104735,48.7848816],[2.3068352,48.7783281],[2.3074293,48.7782107],[2.3069291,48.7774669],[2.3108642,48.7768737],[2.3121433,48.7765292],[2.3142724,48.7768222],[2.3123947,48.7721408],[2.3199227,48.7707608]]]]}},{"type":"Feature","properties":{"id":"92019","nom":"CHATENAY-MALABRY","created":"2020-08-18","updated":"2025-12-02","code_commune":"92019"},"geometry":{"type":"MultiPolygon","coordinates":[[[[2.276133,48.7566347],[2.2786191,48.7600157],[2.2848347,48.7606358],[2.2881026,48.7604867],[2.2881729,48.761081],[2.2908439,48.7609422],[2.2919392,48.7644798],[2.2862859,48.7713006],[2.2862413,48.7729787],[2.2864831,48.773396],[2.2870291,48.7737138],[2.2863028,48.7741554],[2.2852589,48.7742431],[2.2850632,48.7744029],[2.2845488,48.7742784],[2.282749,48.7743947],[2.2825316,48.7744501],[2.2827101,48.774779],[2.2815455,48.7744992],[2.2801342,48.7739127],[2.2790864,48.7751398],[2.2787807,48.7759658],[2.2782784,48.7764161],[2.2801101,48.7789773],[2.2804197,48.7798456],[2.2799712,48.7820238],[2.2794123,48.7825825],[2.2789697,48.7827536],[2.278275,48.7820447],[2.2780711,48.7821015],[2.2775085,48.7811063],[2.2764018,48.7813662],[2.2762942,48.7811855],[2.2762151,48.7813014],[2.2753582,48.7794393],[2.275064,48.7794752],[2.274389,48.776999],[2.2723304,48.7773501],[2.2714526,48.7768882],[2.2699491,48.7765849],[2.2693245,48.7759678],[2.2674416,48.7764783],[2.2670778,48.7756852],[2.2672254,48.7752758],[2.266377,48.7752102],[2.2659283,48.7755351],[2.2650986,48.77495],[2.2649661,48.7750476],[2.2647324,48.7748538],[2.2645596,48.7749956],[2.2642868,48.7749351],[2.2643105,48.7745908],[2.2638004,48.7746013],[2.2593225,48.7731288],[2.2572307,48.7733232],[2.2564672,48.7730522],[2.2565878,48.7732429],[2.2557072,48.7732376],[2.2557153,48.7730497],[2.2541268,48.7730256],[2.254063,48.7727526],[2.2513542,48.7725953],[2.2501967,48.7729751],[2.2464777,48.773516],[2.24632,48.7727162],[2.244951,48.7728005],[2.2438381,48.7730697],[2.2426857,48.773387],[2.2419187,48.7738318],[2.2420586,48.7730618],[2.2406482,48.7730441],[2.2391957,48.7726619],[2.2390236,48.7732636],[2.2387374,48.7732228],[2.2385138,48.7737811],[2.2372276,48.7736296],[2.236826,48.773726],[2.2364814,48.7749499],[2.2372405,48.7755439],[2.237165,48.7758193],[2.2374498,48.7762973],[2.2304227,48.776809],[2.2289091,48.7760481],[2.2287252,48.7755179],[2.2288496,48.7744577],[2.2302714,48.7740561],[2.230715,48.7734683],[2.2303161,48.7723195],[2.2304649,48.7714165],[2.230879,48.771157],[2.2318722,48.7709423],[2.2326785,48.770098],[2.2330467,48.7693846],[2.2327248,48.7678082],[2.2328088,48.7662977],[2.2325978,48.7660346],[2.2328539,48.7659858],[2.2329743,48.766193],[2.2385826,48.7664699],[2.2407355,48.763733],[2.2452509,48.762634],[2.2469825,48.7608339],[2.2497431,48.7620113],[2.250278,48.7613226],[2.2514505,48.7607344],[2.2544562,48.7611398],[2.2554362,48.7614609],[2.2595655,48.7609719],[2.2620237,48.7598042],[2.2649268,48.7614531],[2.2671961,48.7623464],[2.2688697,48.7620316],[2.2690191,48.761893],[2.268705,48.7607006],[2.271011,48.7607038],[2.2693927,48.7576345],[2.2704204,48.7578125],[2.2713874,48.7577439],[2.276133,48.7566347]]]]}},{"type":"Feature","properties":{"id":"92020","nom":"CHATILLON","created":"2020-08-18","updated":"2025-10-27","code_commune":"92020"},"geometry":{"type":"MultiPolygon","coordinates":[[[[2.2722319,48.7940656],[2.2766121,48.7959356],[2.2785064,48.7955531],[2.2797267,48.7954759],[2.2802475,48.7955859],[2.2805331,48.7950067],[2.2844869,48.7958939],[2.285226,48.7962704],[2.2854033,48.7966131],[2.2865757,48.7961439],[2.2877052,48.7950342],[2.2879124,48.7944863],[2.2901388,48.7955327],[2.2923324,48.7960043],[2.2928877,48.7970164],[2.2936384,48.7977681],[2.2995833,48.8028327],[2.3030366,48.8034399],[2.3036774,48.8059173],[2.305928,48.8085546],[2.3017586,48.809999],[2.3026572,48.8111074],[2.3000764,48.8113028],[2.2996795,48.8108918],[2.2980089,48.8121345],[2.29479,48.8105279],[2.2938392,48.8118712],[2.2935248,48.8118648],[2.291996,48.8097046],[2.2904445,48.8096921],[2.2904561,48.8089304],[2.2874287,48.8101033],[2.2849975,48.8106671],[2.2834802,48.8102165],[2.2832541,48.8105575],[2.2798912,48.8109067],[2.2772176,48.8074856],[2.2760885,48.8052302],[2.2742996,48.8033961],[2.2731097,48.8018477],[2.2775361,48.8015077],[2.2771197,48.8008895],[2.2764911,48.8004614],[2.2764213,48.8002136],[2.2766348,48.800148],[2.276481,48.7990865],[2.2762295,48.7988212],[2.2756989,48.7989385],[2.2753877,48.7982012],[2.2763636,48.7977088],[2.2713932,48.794934],[2.2722319,48.7940656]]]]}},{"type":"Feature","properties":{"id":"92022","nom":"CHAVILLE","created":"2020-08-18","updated":"2025-12-09","code_commune":"92022"},"geometry":{"type":"MultiPolygon","coordinates":[[[[2.182919,48.7972152],[2.1964703,48.7975326],[2.1984027,48.79864],[2.1986191,48.798462],[2.2026362,48.7984359],[2.2048868,48.7995517],[2.2060527,48.7999375],[2.2046299,48.8021198],[2.2042272,48.8021299],[2.2040057,48.8023761],[2.2041559,48.802589],[2.204522,48.8026541],[2.205987,48.8088984],[2.1966851,48.815132],[2.1972209,48.8157601],[2.1991121,48.8165875],[2.1995383,48.8170717],[2.1989659,48.8172726],[2.1982084,48.8180533],[2.2002642,48.8190502],[2.1996636,48.819706],[2.1978754,48.8209139],[2.1972289,48.8202615],[2.1961671,48.8197274],[2.1946599,48.8185597],[2.1938707,48.8182522],[2.1917199,48.8168766],[2.1914787,48.8170256],[2.1895782,48.8167032],[2.1900049,48.8164089],[2.1896799,48.8160975],[2.1897898,48.8157664],[2.182982,48.8154592],[2.1818911,48.8148876],[2.1810894,48.8146699],[2.1785874,48.8148621],[2.1767848,48.8139924],[2.1759059,48.8127819],[2.1759477,48.8119287],[2.176594,48.8115776],[2.1763801,48.8109365],[2.1774035,48.8102263],[2.1773342,48.8099989],[2.17816,48.8094506],[2.1785496,48.8096001],[2.1804494,48.8080827],[2.1820448,48.8062377],[2.1819175,48.8061825],[2.183053,48.8052608],[2.1803292,48.8047944],[2.1819709,48.8005977],[2.1854601,48.8010498],[2.1869682,48.8007093],[2.182919,48.7972152]]]]}},{"type":"Feature","properties":{"id":"92023","nom":"CLAMART","created":"2020-08-18","updated":"2025-12-09","code_commune":"92023"},"geometry":{"type":"MultiPolygon","coordinates":[[[[2.2288496,48.7744577],[2.2288014,48.7759216],[2.2292115,48.7762949],[2.2304227,48.776809],[2.2376857,48.7762807],[2.2403047,48.7747634],[2.2406649,48.7760756],[2.2392033,48.7762501],[2.2402171,48.7798496],[2.2463316,48.7791157],[2.2467852,48.7802887],[2.2485031,48.7826801],[2.2505716,48.7846794],[2.2506529,48.7844981],[2.2520813,48.7844902],[2.2549038,48.7849682],[2.2587289,48.7861782],[2.2641256,48.7884944],[2.2690134,48.7893776],[2.2712334,48.7902232],[2.2722927,48.7907963],[2.2730196,48.7908339],[2.2722319,48.7940656],[2.2713932,48.794934],[2.2763636,48.7977088],[2.2753877,48.7982012],[2.2756989,48.7989385],[2.2762295,48.7988212],[2.276481,48.7990865],[2.2766348,48.800148],[2.2764213,48.8002136],[2.2764911,48.8004614],[2.2771197,48.8008895],[2.2775361,48.8015077],[2.2731097,48.8018477],[2.2742996,48.8033961],[2.2760885,48.8052302],[2.2772176,48.8074856],[2.2799477,48.8109789],[2.2760117,48.812418],[2.2743961,48.8134639],[2.2781522,48.8143318],[2.2780528,48.8148473],[2.2771811,48.8153511],[2.2761437,48.8149687],[2.2741719,48.8145337],[2.2673167,48.8139963],[2.2649385,48.8135837],[2.2639357,48.8144661],[2.2613436,48.8132645],[2.2603668,48.8143918],[2.2599363,48.8142626],[2.2596592,48.8146641],[2.2595305,48.8146067],[2.2593598,48.8147729],[2.2596763,48.8149166],[2.2588269,48.8155271],[2.2583566,48.8152176],[2.2576138,48.8161662],[2.2570495,48.8159596],[2.256479,48.817033],[2.2555774,48.8166858],[2.2555337,48.8168252],[2.2537328,48.8165218],[2.2518267,48.8163896],[2.2526327,48.8155403],[2.2543448,48.8142778],[2.2536471,48.8141181],[2.2545382,48.812389],[2.254974,48.8101387],[2.2526427,48.8096075],[2.251695,48.8087191],[2.2502568,48.8078084],[2.2483269,48.8074781],[2.2485765,48.8064736],[2.2492787,48.8060711],[2.2495509,48.8055846],[2.2492062,48.8056766],[2.2488776,48.804646],[2.2483117,48.8039706],[2.246304,48.8047918],[2.2457178,48.8042991],[2.2450758,48.8047365],[2.2433618,48.80387],[2.2425976,48.8031025],[2.2423346,48.8034504],[2.2415687,48.8029233],[2.2410795,48.801894],[2.2418051,48.8016059],[2.2415751,48.8008971],[2.2405835,48.8007287],[2.2400678,48.7996242],[2.2395889,48.799637],[2.2387571,48.7977659],[2.2361047,48.7956279],[2.2347744,48.7954493],[2.2365402,48.7888949],[2.2358643,48.7883056],[2.2348679,48.7844957],[2.2297567,48.7831147],[2.227823,48.7820616],[2.2250813,48.7809508],[2.2236169,48.7806333],[2.22403,48.7801319],[2.2242582,48.7792194],[2.2240184,48.7779728],[2.2245652,48.777447],[2.2249383,48.7767063],[2.226215,48.7761626],[2.2271079,48.7761119],[2.2279629,48.7755701],[2.2282963,48.7749542],[2.2288496,48.7744577]]]]}},{"type":"Feature","properties":{"id":"92024","nom":"CLICHY","created":"2020-08-06","updated":"2025-12-09","code_commune":"92024"},"geometry":{"type":"MultiPolygon","coordinates":[[[[2.303785,48.8941721],[2.3075546,48.8959598],[2.3123033,48.8977401],[2.3185174,48.8996333],[2.3198887,48.9004593],[2.3196103,48.9013136],[2.3209022,48.9046203],[2.3180223,48.9078349],[2.3183846,48.9079655],[2.3162651,48.9101532],[2.3164931,48.9103789],[2.313773,48.9140183],[2.3074941,48.9121559],[2.3021216,48.9111535],[2.2983297,48.909789],[2.2946404,48.907916],[2.2924266,48.9061011],[2.2873943,48.9036414],[2.303785,48.8941721]]]]}},{"type":"Feature","properties":{"id":"92025","nom":"COLOMBES","created":"2020-08-06","updated":"2026-01-13","code_commune":"92025"},"geometry":{"type":"MultiPolygon","coordinates":[[[[2.2290988,48.9060273],[2.2348788,48.9076035],[2.2373853,48.9086948],[2.239473,48.9094004],[2.249946,48.9126892],[2.2526363,48.9132617],[2.2550861,48.913568],[2.2574123,48.9135586],[2.2574743,48.9138856],[2.2615545,48.9138763],[2.2617874,48.916582],[2.2623411,48.9178618],[2.2625384,48.918591],[2.2623941,48.9188006],[2.263185,48.9202074],[2.2646136,48.9191745],[2.2652036,48.920368],[2.2671534,48.9195048],[2.268308,48.9212861],[2.2679079,48.9213863],[2.2687933,48.9229332],[2.2686311,48.9229768],[2.2697815,48.9246626],[2.2678085,48.9250406],[2.2733138,48.9268326],[2.2727693,48.9274258],[2.2718049,48.9277716],[2.2723557,48.9284955],[2.2730393,48.9338378],[2.2719497,48.9341198],[2.2712505,48.9338743],[2.2624837,48.9354585],[2.2622569,48.9349164],[2.2590449,48.9368669],[2.2580874,48.937623],[2.256865,48.9374962],[2.2535259,48.936157],[2.2510655,48.935869],[2.2493071,48.9346576],[2.2483827,48.9337967],[2.2475919,48.9367935],[2.2451624,48.9353342],[2.2417306,48.9328553],[2.2371943,48.9310281],[2.2320039,48.9283542],[2.2228145,48.9223293],[2.2204269,48.9205987],[2.2241639,48.9179527],[2.2221182,48.9164657],[2.2239572,48.9152046],[2.2238149,48.915139],[2.2257743,48.9131028],[2.2256032,48.9130304],[2.2263682,48.9120038],[2.2266395,48.9120773],[2.2275345,48.9107728],[2.2291469,48.9083426],[2.2279526,48.9079202],[2.2290988,48.9060273]]]]}},{"type":"Feature","properties":{"id":"92026","nom":"COURBEVOIE","created":"2020-08-06","updated":"2026-06-18","code_commune":"92026"},"geometry":{"type":"MultiPolygon","coordinates":[[[[2.2537328,48.8869033],[2.2559024,48.8889138],[2.2593212,48.8913026],[2.2625189,48.8943357],[2.2654139,48.8960634],[2.2695789,48.8978367],[2.2734131,48.8992092],[2.2784658,48.9007061],[2.280697,48.9009784],[2.2842847,48.9022294],[2.2818482,48.9046352],[2.2801144,48.9036513],[2.2770796,48.905737],[2.2762941,48.906444],[2.2761258,48.9069502],[2.2757245,48.9070147],[2.2743165,48.9082795],[2.2678846,48.9058715],[2.266429,48.9061785],[2.2669958,48.9046444],[2.2632445,48.9033974],[2.2613722,48.9068226],[2.260224,48.9066333],[2.2558117,48.9053945],[2.2558939,48.9045911],[2.2531421,48.9036952],[2.2464071,48.902048],[2.2457001,48.9029912],[2.2430259,48.9023379],[2.2425958,48.9027744],[2.2317737,48.9006899],[2.2305915,48.9003342],[2.2321495,48.8977715],[2.2337632,48.8956713],[2.2350756,48.8955155],[2.2359834,48.8949914],[2.2378897,48.8945937],[2.2405665,48.8950217],[2.2411666,48.8908861],[2.2537328,48.8869033]]]]}},{"type":"Feature","properties":{"id":"92032","nom":"FONTENAY AUX ROSES","created":"2020-08-18","updated":"2025-12-02","code_commune":"92032"},"geometry":{"type":"MultiPolygon","coordinates":[[[[2.2861188,48.782454],[2.2879239,48.7825825],[2.2915604,48.7836001],[2.2914618,48.7838333],[2.2932238,48.7841888],[2.3034075,48.7853966],[2.3031186,48.7855318],[2.3022531,48.7868179],[2.2987911,48.7923891],[2.2974425,48.7936792],[2.2983289,48.7944122],[2.2961612,48.7957538],[2.2952374,48.7956208],[2.2933665,48.7959838],[2.2922229,48.7960059],[2.2901388,48.7955327],[2.2879124,48.7944863],[2.2877052,48.7950342],[2.2865757,48.7961439],[2.2854033,48.7966131],[2.285226,48.7962704],[2.2844869,48.7958939],[2.2805331,48.7950067],[2.2802475,48.7955859],[2.2797267,48.7954759],[2.2785064,48.7955531],[2.2766121,48.7959356],[2.2722319,48.7940656],[2.2730196,48.7908339],[2.2722927,48.7907963],[2.2716664,48.7904782],[2.2720641,48.7891534],[2.2731233,48.7883699],[2.2748573,48.7876739],[2.274824,48.787569],[2.2739784,48.7877017],[2.2738941,48.7865203],[2.2748245,48.785773],[2.2766502,48.7860523],[2.2784002,48.785655],[2.2801607,48.7855436],[2.2801569,48.7850286],[2.2790667,48.7851809],[2.2787598,48.7842656],[2.27897,48.7841506],[2.2808014,48.7838783],[2.2809469,48.7834845],[2.2818015,48.7834152],[2.2818462,48.7832219],[2.2824205,48.7830049],[2.2852833,48.7824776],[2.2861188,48.782454]]]]}},{"type":"Feature","properties":{"id":"92033","nom":"GARCHES","created":"2020-08-18","updated":"2026-05-06","code_commune":"92033"},"geometry":{"type":"MultiPolygon","coordinates":[[[[2.1872092,48.837734],[2.1881678,48.8383864],[2.1875553,48.8389115],[2.1880416,48.8390692],[2.1940742,48.840615],[2.1988192,48.8414906],[2.1991043,48.8428965],[2.1990013,48.8440312],[2.197992,48.8455722],[2.1978601,48.847376],[2.1998453,48.8483347],[2.2018643,48.8495822],[2.2051485,48.8510555],[2.2055334,48.8518245],[2.203863,48.8522112],[2.2013516,48.8531465],[2.1994249,48.854166],[2.1951135,48.8556686],[2.1942667,48.8561281],[2.1934682,48.8552922],[2.192105,48.854391],[2.1920523,48.8542141],[2.1923315,48.8540476],[2.1903342,48.852059],[2.1873025,48.8525562],[2.1868712,48.8521985],[2.1843452,48.8516296],[2.1826108,48.851616],[2.1819373,48.8484738],[2.1804646,48.8461757],[2.1795229,48.8451783],[2.1790351,48.8441815],[2.1752221,48.8435237],[2.1742673,48.8431607],[2.1670533,48.8421692],[2.1669554,48.841911],[2.1673675,48.841822],[2.16731,48.8393567],[2.1668614,48.8393483],[2.1666727,48.8377402],[2.1716205,48.8384785],[2.177012,48.8381628],[2.1808073,48.8382004],[2.1864225,48.8385407],[2.1872092,48.837734]]]]}},{"type":"Feature","properties":{"id":"92035","nom":"LA GARENNE COLOMBES","created":"2020-08-06","updated":"2026-01-13","code_commune":"92035"},"geometry":{"type":"MultiPolygon","coordinates":[[[[2.2316112,48.900641],[2.2425958,48.9027744],[2.2430259,48.9023379],[2.2457001,48.9029912],[2.2464071,48.902048],[2.2521305,48.9033993],[2.2558939,48.9045911],[2.2558117,48.9053945],[2.2582142,48.906072],[2.2570398,48.9109429],[2.2576737,48.9108774],[2.2579348,48.913489],[2.255092,48.9135661],[2.2526347,48.9132577],[2.2499457,48.9126878],[2.239473,48.9094004],[2.2373853,48.9086948],[2.2348788,48.9076035],[2.2290988,48.9060273],[2.2318946,48.9009382],[2.2316112,48.900641]]]]}},{"type":"Feature","properties":{"id":"92036","nom":"GENNEVILLIERS","created":"2020-08-06","updated":"2025-12-26","code_commune":"92036"},"geometry":{"type":"MultiPolygon","coordinates":[[[[2.2962549,48.9127196],[2.2988906,48.9137205],[2.3020818,48.9152624],[2.3079788,48.9174598],[2.3099551,48.9183924],[2.3149417,48.9200737],[2.3177592,48.9208214],[2.3218626,48.9187527],[2.3257849,48.9206237],[2.3285207,48.9226937],[2.3254237,48.9249031],[2.3183375,48.9275166],[2.3220873,48.9327089],[2.3209786,48.9344959],[2.3193157,48.9360988],[2.3177049,48.9372091],[2.314833,48.938014],[2.3126027,48.9391965],[2.3091993,48.9403002],[2.3099839,48.9413059],[2.3092546,48.9415133],[2.3116736,48.9479251],[2.3017267,48.9502087],[2.2996462,48.9504873],[2.2933281,48.9505919],[2.2907458,48.9510386],[2.2821004,48.949914],[2.2796524,48.9493561],[2.2741037,48.9477341],[2.2681231,48.9463099],[2.2604731,48.9432144],[2.2577794,48.9418071],[2.255664,48.9402891],[2.2475919,48.9367935],[2.2483827,48.9337967],[2.2493071,48.9346576],[2.2510655,48.935869],[2.2535259,48.936157],[2.256865,48.9374962],[2.2580874,48.937623],[2.2590449,48.9368669],[2.2622569,48.9349164],[2.2624837,48.9354585],[2.2712505,48.9338743],[2.2722505,48.934105],[2.2743696,48.9332668],[2.27566,48.9335471],[2.2771176,48.9335516],[2.2811942,48.9330044],[2.2833447,48.931749],[2.2843698,48.9302355],[2.2845176,48.9261344],[2.2862801,48.9228799],[2.2859486,48.92268],[2.2869439,48.9216556],[2.2902804,48.9188691],[2.2918586,48.9178958],[2.2952253,48.9199468],[2.2962549,48.9127196]]]]}},{"type":"Feature","properties":{"id":"92040","nom":"ISSY LES MOULINEAUX","created":"2020-08-18","updated":"2026-01-13","code_commune":"92040"},"geometry":{"type":"MultiPolygon","coordinates":[[[[2.2613436,48.8132645],[2.2639357,48.8144661],[2.2649385,48.8135837],[2.2673167,48.8139963],[2.2725782,48.814388],[2.2733844,48.8153321],[2.2757897,48.817183],[2.2770816,48.8174435],[2.2780261,48.8181214],[2.2818646,48.8202442],[2.2813625,48.8211218],[2.2819286,48.8212954],[2.281093,48.8228378],[2.281571,48.8230708],[2.2810139,48.8235041],[2.2808063,48.8247412],[2.2800513,48.8252024],[2.2808435,48.8256301],[2.2804948,48.8259156],[2.2830525,48.8271127],[2.284393,48.8275191],[2.2878865,48.8275137],[2.2866751,48.8284986],[2.2877883,48.8282505],[2.2893644,48.8283316],[2.2834818,48.8308112],[2.2790269,48.8324543],[2.2753038,48.829435],[2.272742,48.8279278],[2.2678265,48.827836],[2.2676249,48.8279603],[2.267339,48.8315317],[2.2700407,48.8329982],[2.2678439,48.8345691],[2.2672999,48.8346539],[2.2627909,48.8339228],[2.2602486,48.8313319],[2.2571876,48.8296327],[2.2526304,48.8263354],[2.2505057,48.8251503],[2.2446254,48.8233142],[2.2416909,48.8226518],[2.2394614,48.821801],[2.2377245,48.8215251],[2.2363152,48.8215493],[2.2383049,48.8208491],[2.2402886,48.82047],[2.2429275,48.8205476],[2.2425665,48.8190129],[2.2490955,48.8178924],[2.2502523,48.8172226],[2.2510215,48.8162938],[2.2537328,48.8165218],[2.2555337,48.8168252],[2.2555774,48.8166858],[2.256479,48.817033],[2.2570495,48.8159596],[2.2576138,48.8161662],[2.2583566,48.8152176],[2.2588269,48.8155271],[2.2596763,48.8149166],[2.2593598,48.8147729],[2.2595305,48.8146067],[2.2596592,48.8146641],[2.2599363,48.8142626],[2.2603668,48.8143918],[2.2613436,48.8132645]]]]}},{"type":"Feature","properties":{"id":"92044","nom":"LEVALLOIS PERRET","created":"2020-08-06","updated":"2025-12-15","code_commune":"92044"},"geometry":{"type":"MultiPolygon","coordinates":[[[[2.2844606,48.8856409],[2.2856605,48.8865693],[2.291534,48.8894508],[2.2950546,48.8898664],[2.303785,48.8941721],[2.2873943,48.9036414],[2.2827374,48.9016215],[2.2803676,48.9008988],[2.2783355,48.9006719],[2.2710313,48.898364],[2.2844606,48.8856409]]]]}},{"type":"Feature","properties":{"id":"92046","nom":"MALAKOFF","created":"2020-08-18","updated":"2026-04-29","code_commune":"92046"},"geometry":{"type":"MultiPolygon","coordinates":[[[[2.2904561,48.8089304],[2.2904445,48.8096921],[2.291996,48.8097046],[2.2935248,48.8118648],[2.2938392,48.8118712],[2.29479,48.8105279],[2.2980089,48.8121345],[2.2996795,48.8108918],[2.3015635,48.8128415],[2.3042151,48.8150926],[2.3141615,48.8222565],[2.3013164,48.8251255],[2.2954511,48.8203315],[2.2929492,48.8187127],[2.2911413,48.8177699],[2.2877399,48.8164019],[2.285054,48.8155523],[2.2794252,48.8144453],[2.2781522,48.8143318],[2.2743961,48.8134639],[2.2760117,48.812418],[2.2798912,48.8109067],[2.2832541,48.8105575],[2.2834802,48.8102165],[2.2849975,48.8106671],[2.2874287,48.8101033],[2.2904561,48.8089304]]]]}},{"type":"Feature","properties":{"id":"92047","nom":"MARNES LA COQUETTE","created":"2020-08-18","updated":"2026-04-28","code_commune":"92047"},"geometry":{"type":"MultiPolygon","coordinates":[[[[2.1501697,48.8187327],[2.1507743,48.8188808],[2.1524372,48.8208216],[2.1533318,48.82141],[2.156153,48.821478],[2.1572468,48.8209346],[2.1579456,48.8209921],[2.1589183,48.8208448],[2.1594335,48.8209698],[2.1617281,48.8236355],[2.1621946,48.8236721],[2.1646213,48.8231059],[2.167049,48.8233171],[2.1737913,48.8242709],[2.1764135,48.8272407],[2.1761507,48.8281112],[2.1768798,48.8282651],[2.1784746,48.8290565],[2.179708,48.8303694],[2.1807965,48.8306241],[2.1853065,48.8339102],[2.1862928,48.8364813],[2.1874236,48.8375561],[2.1864225,48.8385407],[2.1808073,48.8382004],[2.177012,48.8381628],[2.1717076,48.8384813],[2.1670212,48.8377391],[2.1609727,48.8376125],[2.1575408,48.8378017],[2.1559209,48.837566],[2.1552028,48.8359193],[2.1543154,48.834637],[2.1516635,48.8297253],[2.1514509,48.8259474],[2.151,48.8235403],[2.1514818,48.8213045],[2.1501697,48.8187327]]]]}},{"type":"Feature","properties":{"id":"92048","nom":"MEUDON","created":"2020-08-18","updated":"2025-12-09","code_commune":"92048"},"geometry":{"type":"MultiPolygon","coordinates":[[[[2.226635,48.7815836],[2.2297567,48.7831147],[2.2348679,48.7844957],[2.2358643,48.7883056],[2.2365402,48.7888949],[2.2347744,48.7954493],[2.2361047,48.7956279],[2.2387571,48.7977659],[2.2395889,48.799637],[2.2400678,48.7996242],[2.2405835,48.8007287],[2.2415751,48.8008971],[2.2418051,48.8016059],[2.2410795,48.801894],[2.2415687,48.8029233],[2.2423346,48.8034504],[2.2425976,48.8031025],[2.2433618,48.80387],[2.2450758,48.8047365],[2.2457178,48.8042991],[2.246304,48.8047918],[2.2483117,48.8039706],[2.2488776,48.804646],[2.2492062,48.8056766],[2.2495509,48.8055846],[2.2492787,48.8060711],[2.2485765,48.8064736],[2.2483269,48.8074781],[2.2502568,48.8078084],[2.251695,48.8087191],[2.2526427,48.8096075],[2.2549757,48.8101608],[2.2545382,48.812389],[2.2536471,48.8141181],[2.2543448,48.8142778],[2.2526327,48.8155403],[2.2518267,48.8163896],[2.2510215,48.8162938],[2.2502523,48.8172226],[2.2490955,48.8178924],[2.2425665,48.8190129],[2.2429275,48.8205476],[2.2402886,48.82047],[2.2383049,48.8208491],[2.2343595,48.8220551],[2.2327047,48.822804],[2.2320479,48.8222824],[2.2318281,48.8223851],[2.2307735,48.8215975],[2.2306393,48.821758],[2.2299682,48.8215428],[2.2298177,48.8220402],[2.2273397,48.82367],[2.2269138,48.8234102],[2.2260738,48.8239843],[2.2248268,48.8233618],[2.2253325,48.823022],[2.2251222,48.8228834],[2.2254018,48.8226921],[2.2219593,48.8205233],[2.2217722,48.8202253],[2.221328,48.8202625],[2.220995,48.8195914],[2.2205494,48.8196095],[2.220517,48.8192539],[2.2194155,48.818941],[2.219072,48.8186608],[2.2189368,48.8187334],[2.2171502,48.8177374],[2.2199514,48.816372],[2.2201645,48.8157175],[2.2206657,48.8151695],[2.2159336,48.8128612],[2.2104918,48.811396],[2.205526,48.8092287],[2.205987,48.8088984],[2.204522,48.8026541],[2.2041559,48.802589],[2.2040057,48.8023761],[2.2042272,48.8021299],[2.2046299,48.8021198],[2.2060527,48.7999375],[2.2048868,48.7995517],[2.2026362,48.7984359],[2.2032602,48.7978137],[2.2045268,48.7971442],[2.2047247,48.796601],[2.2044238,48.7957619],[2.2059409,48.7949783],[2.206992,48.7949149],[2.2098871,48.7938549],[2.2115355,48.7911229],[2.2062684,48.784886],[2.206509,48.7847016],[2.2070331,48.7853573],[2.2071179,48.7852343],[2.2089715,48.7876154],[2.2115079,48.7881356],[2.2192354,48.7853614],[2.2213948,48.7859124],[2.2232038,48.7859538],[2.226635,48.7815836]]]]}},{"type":"Feature","properties":{"id":"92049","nom":"MONTROUGE","created":"2020-08-18","updated":"2025-12-11","code_commune":"92049"},"geometry":{"type":"MultiPolygon","coordinates":[[[[2.3255316,48.8095543],[2.3316791,48.8169035],[2.3323734,48.8182135],[2.3141615,48.8222565],[2.3042151,48.8150926],[2.3015635,48.8128415],[2.3000764,48.8113028],[2.3175679,48.8098684],[2.3190471,48.8099684],[2.3218648,48.8096886],[2.3255316,48.8095543]]]]}},{"type":"Feature","properties":{"id":"92050","nom":"NANTERRE","created":"2020-08-06","updated":"2026-01-12","code_commune":"92050"},"geometry":{"type":"MultiPolygon","coordinates":[[[[2.2077592,48.8742289],[2.2104508,48.8758672],[2.2107824,48.8765265],[2.210653,48.8767154],[2.2108269,48.8772711],[2.2116463,48.8772839],[2.2119298,48.8769896],[2.213138,48.8764336],[2.2146261,48.8765048],[2.2166094,48.8767882],[2.2168835,48.8769645],[2.2162045,48.8776768],[2.2164053,48.8781012],[2.2236113,48.8827632],[2.2224556,48.8831397],[2.2245315,48.8851289],[2.2244927,48.8854328],[2.2283962,48.8882827],[2.2306996,48.8896428],[2.2304756,48.8899233],[2.2308095,48.8900716],[2.229951,48.8910375],[2.2310967,48.8925],[2.2342511,48.8950471],[2.2321495,48.8977715],[2.2305915,48.9003342],[2.2316112,48.900641],[2.2318946,48.9009382],[2.2279526,48.9079202],[2.2291469,48.9083426],[2.2266395,48.9120773],[2.2263682,48.9120038],[2.2256032,48.9130304],[2.2257743,48.9131028],[2.2238149,48.915139],[2.2239572,48.9152046],[2.2221182,48.9164657],[2.2241639,48.9179527],[2.2204265,48.920599],[2.2153144,48.9170963],[2.2133892,48.9153615],[2.2063277,48.9110335],[2.1975844,48.9075253],[2.1931575,48.904967],[2.1887256,48.9037878],[2.1829933,48.9026283],[2.1771512,48.9005969],[2.1755389,48.8998338],[2.171022,48.8970669],[2.1693029,48.8958295],[2.1761264,48.8919781],[2.180032,48.8904243],[2.1923566,48.8841144],[2.1921098,48.8840258],[2.2001978,48.8793867],[2.2077592,48.8742289]]]]}},{"type":"Feature","properties":{"id":"92051","nom":"NEUILLY SUR SEINE","created":"2020-08-06","updated":"2025-12-15","code_commune":"92051"},"geometry":{"type":"MultiPolygon","coordinates":[[[[2.2548147,48.8740808],[2.2554097,48.8742638],[2.2584914,48.8803305],[2.2774811,48.8779667],[2.279735,48.878634],[2.2800085,48.8789117],[2.2809905,48.8829419],[2.2844606,48.8856409],[2.2710313,48.898364],[2.26655,48.8965851],[2.2637516,48.8951815],[2.2620602,48.893955],[2.258942,48.8909853],[2.2554962,48.8885795],[2.2524457,48.885502],[2.2543887,48.8848758],[2.2537435,48.8840252],[2.2510885,48.8812128],[2.2479906,48.8786588],[2.2456221,48.8763645],[2.2548147,48.8740808]]]]}},{"type":"Feature","properties":{"id":"92060","nom":"LE PLESSIS ROBINSON","created":"2020-08-18","updated":"2026-03-09","code_commune":"92060"},"geometry":{"type":"MultiPolygon","coordinates":[[[[2.2523436,48.7725957],[2.254063,48.7727526],[2.2541268,48.7730256],[2.2557153,48.7730497],[2.2557072,48.7732376],[2.2565878,48.7732429],[2.2564672,48.7730522],[2.2572307,48.7733232],[2.2592087,48.7731262],[2.2599877,48.7732579],[2.2638004,48.7746013],[2.2643105,48.7745908],[2.2642868,48.7749351],[2.2645596,48.7749956],[2.2647324,48.7748538],[2.2649661,48.7750476],[2.2650986,48.77495],[2.2659283,48.7755351],[2.266377,48.7752102],[2.2672254,48.7752758],[2.2670778,48.7756852],[2.2674416,48.7764783],[2.2693245,48.7759678],[2.2699491,48.7765849],[2.2714526,48.7768882],[2.2723304,48.7773501],[2.274389,48.776999],[2.275064,48.7794752],[2.2753582,48.7794393],[2.2762151,48.7813014],[2.2762942,48.7811855],[2.2764018,48.7813662],[2.2775085,48.7811063],[2.2780711,48.7821015],[2.278275,48.7820447],[2.2789697,48.7827536],[2.2794938,48.7825399],[2.2805608,48.783324],[2.2817236,48.7826343],[2.2818126,48.7834098],[2.2809663,48.7834748],[2.2808014,48.7838783],[2.2790434,48.7841178],[2.2787598,48.7842656],[2.2790667,48.7851809],[2.2801569,48.7850286],[2.2801607,48.7855436],[2.2784002,48.785655],[2.2766502,48.7860523],[2.2748245,48.785773],[2.2740086,48.7863886],[2.2738571,48.7867513],[2.2739784,48.7877017],[2.274824,48.787569],[2.274821,48.7877326],[2.2731825,48.7883388],[2.2720641,48.7891534],[2.2716664,48.7904782],[2.2690134,48.7893776],[2.2641256,48.7884944],[2.2587289,48.7861782],[2.2549038,48.7849682],[2.2520813,48.7844902],[2.2506529,48.7844981],[2.2505716,48.7846794],[2.2485031,48.7826801],[2.2467852,48.7802887],[2.2463316,48.7791157],[2.2402171,48.7798496],[2.2392033,48.7762501],[2.2406649,48.7760756],[2.2403047,48.7747634],[2.2374498,48.7762973],[2.237165,48.7758193],[2.2372405,48.7755439],[2.2364814,48.7749499],[2.236826,48.773726],[2.2372276,48.7736296],[2.2385138,48.7737811],[2.2387374,48.7732228],[2.2390236,48.7732636],[2.2391957,48.7726619],[2.2406482,48.7730441],[2.2420586,48.7730618],[2.2419187,48.7738318],[2.2426857,48.773387],[2.244951,48.7728005],[2.24632,48.7727162],[2.2464777,48.773516],[2.2501967,48.7729751],[2.2513542,48.7725953],[2.2523436,48.7725957]]]]}},{"type":"Feature","properties":{"id":"92062","nom":"PUTEAUX","created":"2020-08-06","updated":"2025-12-30","code_commune":"92062"},"geometry":{"type":"MultiPolygon","coordinates":[[[[2.2321077,48.8695629],[2.2398917,48.8716416],[2.2408995,48.8721829],[2.2431828,48.8739777],[2.2476683,48.878372],[2.2510885,48.8812128],[2.2528731,48.8830102],[2.2543887,48.8848758],[2.2524457,48.885502],[2.2537328,48.8869033],[2.2411666,48.8908861],[2.2405665,48.8950217],[2.2378897,48.8945937],[2.2359834,48.8949914],[2.2350756,48.8955155],[2.2337632,48.8956713],[2.2342511,48.8950471],[2.2310967,48.8925],[2.229951,48.8910375],[2.2308095,48.8900716],[2.2304756,48.8899233],[2.2306996,48.8896428],[2.2283962,48.8882827],[2.2244927,48.8854328],[2.2245315,48.8851289],[2.2224556,48.8831397],[2.2236113,48.8827632],[2.2264953,48.8811831],[2.2292804,48.8804464],[2.2305902,48.8799248],[2.2363754,48.8796016],[2.2319253,48.8758644],[2.2367933,48.873494],[2.2348894,48.8721072],[2.2321077,48.8695629]]]]}},{"type":"Feature","properties":{"id":"92063","nom":"RUEIL MALMAISON","created":"2020-08-06","updated":"2025-12-30","code_commune":"92063"},"geometry":{"type":"MultiPolygon","coordinates":[[[[2.1601359,48.8476733],[2.1647894,48.848552],[2.1682883,48.8495125],[2.1693038,48.8496979],[2.1715362,48.8498005],[2.1735854,48.8501431],[2.1765975,48.8516483],[2.1843452,48.8516296],[2.1868712,48.8521985],[2.1873025,48.8525562],[2.1903342,48.852059],[2.1923315,48.8540476],[2.1920523,48.8542141],[2.192105,48.854391],[2.1934682,48.8552922],[2.1942667,48.8561281],[2.1951135,48.8556686],[2.1978892,48.8547485],[2.198892,48.8553343],[2.2007631,48.8570368],[2.2018224,48.8575051],[2.2025416,48.8584458],[2.2036055,48.8605968],[2.1997653,48.8613985],[2.2020438,48.8661874],[2.2034877,48.8654179],[2.2077653,48.8644069],[2.2091497,48.8670918],[2.2099131,48.8668439],[2.2114133,48.8666973],[2.2112999,48.8687899],[2.211873,48.8696018],[2.2132793,48.8706495],[2.2107867,48.8700137],[2.209302,48.8716817],[2.2087304,48.8718649],[2.2083078,48.8724641],[2.2067978,48.8737017],[2.2077592,48.8742289],[2.2001978,48.8793867],[2.1921098,48.8840258],[2.1923566,48.8841144],[2.180032,48.8904243],[2.1761264,48.8919781],[2.1693029,48.8958295],[2.1676665,48.8944094],[2.1663837,48.8917742],[2.1646454,48.8901367],[2.1633856,48.8885816],[2.1629757,48.8870303],[2.1636344,48.8839893],[2.1631536,48.8827459],[2.1620532,48.8818949],[2.1585579,48.8807203],[2.1580211,48.8803708],[2.1524968,48.872827],[2.1497125,48.8702958],[2.1480126,48.8693019],[2.1484749,48.8684353],[2.1521375,48.8682306],[2.1572738,48.8697147],[2.1572492,48.8688907],[2.1565512,48.8684187],[2.1553922,48.8669195],[2.1546959,48.8664996],[2.1541627,48.8649617],[2.1537668,48.8644614],[2.1549473,48.8637579],[2.1543096,48.8634231],[2.153252,48.862479],[2.1530921,48.8620081],[2.1532936,48.8614119],[2.1511807,48.860589],[2.1501499,48.8595227],[2.151543,48.8590987],[2.1510145,48.8581615],[2.1506947,48.8582038],[2.1503216,48.8580287],[2.1503968,48.857648],[2.1501383,48.8570035],[2.15124,48.8565348],[2.1506584,48.856226],[2.1542506,48.8533174],[2.1543635,48.8527786],[2.154585,48.852762],[2.1545897,48.8526101],[2.1591678,48.8492447],[2.1593674,48.8482174],[2.1601359,48.8476733]]]]}},{"type":"Feature","properties":{"id":"92064","nom":"SAINT CLOUD","created":"2020-08-18","updated":"2026-06-18","code_commune":"92064"},"geometry":{"type":"MultiPolygon","coordinates":[[[[2.2188872,48.8263674],[2.2194329,48.8266218],[2.2216563,48.8270279],[2.220838,48.8284477],[2.2216855,48.8292179],[2.2238232,48.8297463],[2.2225463,48.8313108],[2.2222068,48.8325803],[2.2220817,48.8353888],[2.2240785,48.8351058],[2.2231155,48.8364312],[2.2228117,48.8385297],[2.2241975,48.8425273],[2.2254805,48.847233],[2.2254155,48.8495776],[2.2241306,48.8534659],[2.2241223,48.8541994],[2.2245793,48.8566317],[2.22569,48.8594424],[2.2215058,48.8599645],[2.2163044,48.8597848],[2.2137876,48.8593816],[2.2125838,48.8616491],[2.2104047,48.8610324],[2.2059069,48.8603022],[2.2052327,48.8602966],[2.2036055,48.8605968],[2.2025416,48.8584458],[2.2018224,48.8575051],[2.2007631,48.8570368],[2.198892,48.8553343],[2.1978892,48.8547485],[2.1997014,48.854046],[2.2013516,48.8531465],[2.203863,48.8522112],[2.2055334,48.8518245],[2.2051485,48.8510555],[2.2018643,48.8495822],[2.1998453,48.8483347],[2.1978601,48.847376],[2.197992,48.8455722],[2.1990013,48.8440312],[2.1991043,48.8428965],[2.1988192,48.8414906],[2.1940742,48.840615],[2.1875553,48.8389115],[2.1881678,48.8383864],[2.1872092,48.837734],[2.1874236,48.8375561],[2.1862928,48.8364813],[2.1853065,48.8339102],[2.1807965,48.8306241],[2.184795,48.8288685],[2.1849965,48.8292278],[2.1867236,48.8287642],[2.1875286,48.8288686],[2.1875591,48.8287741],[2.1890104,48.8292136],[2.1901131,48.8293727],[2.1910283,48.8292401],[2.1932659,48.8293793],[2.1937663,48.8296281],[2.1942421,48.8294244],[2.1968893,48.8298071],[2.1982695,48.8297378],[2.2006035,48.8298799],[2.2069487,48.8288691],[2.2110545,48.8276367],[2.2140719,48.8276651],[2.2180994,48.8274065],[2.2186126,48.8269583],[2.2184481,48.8267332],[2.2188872,48.8263674]]]]}},{"type":"Feature","properties":{"id":"92071","nom":"SCEAUX","created":"2020-08-18","updated":"2026-04-28","code_commune":"92071"},"geometry":{"type":"MultiPolygon","coordinates":[[[[2.2902548,48.7666001],[2.3064962,48.7692078],[2.3072166,48.7697262],[2.3074226,48.7707498],[2.3093455,48.7709264],[2.3118157,48.7706861],[2.3142724,48.7768222],[2.3121433,48.7765292],[2.3108642,48.7768737],[2.3069291,48.7774669],[2.3074293,48.7782107],[2.3068352,48.7783281],[2.3104735,48.7848816],[2.3061375,48.7849717],[2.3034075,48.7853966],[2.2932238,48.7841888],[2.2914618,48.7838333],[2.2915604,48.7836001],[2.2876482,48.7825249],[2.2853028,48.782475],[2.2831047,48.7828499],[2.2819167,48.7832056],[2.2817236,48.7826343],[2.2805608,48.783324],[2.2794938,48.7825399],[2.2799712,48.7820238],[2.2804197,48.7798456],[2.2801101,48.7789773],[2.2782784,48.7764161],[2.2787807,48.7759658],[2.2790864,48.7751398],[2.2801342,48.7739127],[2.2815455,48.7744992],[2.2827101,48.774779],[2.2825316,48.7744501],[2.282749,48.7743947],[2.2845488,48.7742784],[2.2850632,48.7744029],[2.2852589,48.7742431],[2.2863028,48.7741554],[2.2870291,48.7737138],[2.2864831,48.773396],[2.2862413,48.7729787],[2.2862859,48.7713006],[2.2902548,48.7666001]]]]}},{"type":"Feature","properties":{"id":"92072","nom":"SEVRES","created":"2020-08-18","updated":"2025-12-09","code_commune":"92072"},"geometry":{"type":"MultiPolygon","coordinates":[[[[2.205526,48.8092287],[2.2104918,48.811396],[2.2159336,48.8128612],[2.2206657,48.8151695],[2.2201645,48.8157175],[2.2199514,48.816372],[2.2171502,48.8177374],[2.2189368,48.8187334],[2.219072,48.8186608],[2.2194155,48.818941],[2.220517,48.8192539],[2.2205494,48.8196095],[2.220995,48.8195914],[2.221328,48.8202625],[2.2217722,48.8202253],[2.2219593,48.8205233],[2.2254018,48.8226921],[2.2251222,48.8228834],[2.2253325,48.823022],[2.2248268,48.8233618],[2.2254368,48.8236835],[2.2260738,48.8239843],[2.2269138,48.8234102],[2.2273397,48.82367],[2.2298177,48.8220402],[2.2299682,48.8215428],[2.2306393,48.821758],[2.2307735,48.8215975],[2.2318281,48.8223851],[2.2320479,48.8222824],[2.2327047,48.822804],[2.2297575,48.8246176],[2.2275223,48.8269177],[2.2272959,48.827383],[2.2273237,48.8282149],[2.2265914,48.8299585],[2.2260567,48.8324671],[2.2240785,48.8351058],[2.2220817,48.8353888],[2.2222068,48.8325803],[2.2225463,48.8313108],[2.2238232,48.8297463],[2.2216855,48.8292179],[2.220838,48.8284477],[2.2216563,48.8270279],[2.2194329,48.8266218],[2.2188872,48.8263674],[2.2184481,48.8267332],[2.2186126,48.8269583],[2.2180994,48.8274065],[2.2140719,48.8276651],[2.2110545,48.8276367],[2.2069487,48.8288691],[2.2006035,48.8298799],[2.199434,48.8298094],[2.1982153,48.8260111],[2.2009619,48.825898],[2.2008523,48.8240289],[2.1994271,48.8240366],[2.1993989,48.8237362],[2.1984072,48.8237454],[2.1988675,48.8221978],[2.1953013,48.8217903],[2.1938829,48.8218041],[2.1932401,48.8216421],[2.1875637,48.8188946],[2.1862971,48.8181207],[2.1848739,48.8176139],[2.1834293,48.8174848],[2.1820745,48.8178892],[2.1816345,48.8177828],[2.1785874,48.8148621],[2.1810894,48.8146699],[2.1818911,48.8148876],[2.182982,48.8154592],[2.1897898,48.8157664],[2.1896799,48.8160975],[2.1900049,48.8164089],[2.1895782,48.8167032],[2.1914787,48.8170256],[2.1917199,48.8168766],[2.1938707,48.8182522],[2.1946599,48.8185597],[2.1961671,48.8197274],[2.1972289,48.8202615],[2.1978754,48.8209139],[2.1996636,48.819706],[2.2002642,48.8190502],[2.1982084,48.8180533],[2.1989659,48.8172726],[2.1995383,48.8170717],[2.1991121,48.8165875],[2.1972209,48.8157601],[2.1966851,48.815132],[2.205526,48.8092287]]]]}},{"type":"Feature","properties":{"id":"92073","nom":"SURESNES","created":"2020-08-06","updated":"2026-02-13","code_commune":"92073"},"geometry":{"type":"MultiPolygon","coordinates":[[[[2.22569,48.8594424],[2.2272841,48.862714],[2.2282443,48.8655889],[2.2325836,48.870054],[2.2350666,48.8722533],[2.2367933,48.873494],[2.2319253,48.8758644],[2.2363754,48.8796016],[2.2305902,48.8799248],[2.2292804,48.8804464],[2.2264953,48.8811831],[2.2236113,48.8827632],[2.2164053,48.8781012],[2.2162045,48.8776768],[2.2168835,48.8769645],[2.2166094,48.8767882],[2.213138,48.8764336],[2.2119298,48.8769896],[2.2116463,48.8772839],[2.2108269,48.8772711],[2.210653,48.8767154],[2.2107824,48.8765265],[2.2100992,48.8755312],[2.2067978,48.8737017],[2.2083078,48.8724641],[2.2087304,48.8718649],[2.209302,48.8716817],[2.2107867,48.8700137],[2.2132793,48.8706495],[2.211873,48.8696018],[2.2112999,48.8687899],[2.2114133,48.8666973],[2.2099131,48.8668439],[2.2091497,48.8670918],[2.2077653,48.8644069],[2.2034877,48.8654179],[2.2020438,48.8661874],[2.1997653,48.8613985],[2.2056011,48.8602882],[2.2104047,48.8610324],[2.2125838,48.8616491],[2.2137876,48.8593816],[2.2163044,48.8597848],[2.2215058,48.8599645],[2.22569,48.8594424]]]]}},{"type":"Feature","properties":{"id":"92075","nom":"VANVES","created":"2020-08-18","updated":"2025-12-16","code_commune":"92075"},"geometry":{"type":"MultiPolygon","coordinates":[[[[2.2781676,48.8142654],[2.2852569,48.8156055],[2.288994,48.8168631],[2.2912108,48.8178012],[2.2929492,48.8187127],[2.2954511,48.8203315],[2.3013164,48.8251255],[2.2921992,48.8271416],[2.2893644,48.8283316],[2.2877883,48.8282505],[2.2866751,48.8284986],[2.2878865,48.8275137],[2.284393,48.8275191],[2.2830525,48.8271127],[2.2804948,48.8259156],[2.2808435,48.8256301],[2.2800513,48.8252024],[2.2808063,48.8247412],[2.2810139,48.8235041],[2.281571,48.8230708],[2.281093,48.8228378],[2.2819286,48.8212954],[2.2813625,48.8211218],[2.2818646,48.8202442],[2.2780261,48.8181214],[2.2770816,48.8174435],[2.2757897,48.817183],[2.2733844,48.8153321],[2.2725782,48.814388],[2.2742184,48.8145412],[2.2761437,48.8149687],[2.2771811,48.8153511],[2.2780528,48.8148473],[2.2781676,48.8142654]]]]}},{"type":"Feature","properties":{"id":"92076","nom":"VAUCRESSON","created":"2020-08-18","updated":"2026-05-05","code_commune":"92076"},"geometry":{"type":"MultiPolygon","coordinates":[[[[2.1514764,48.8213703],[2.151,48.8235403],[2.1514509,48.8259474],[2.1516421,48.829653],[2.1543154,48.834637],[2.1552028,48.8359193],[2.1559209,48.837566],[2.1574143,48.8377997],[2.1609727,48.8376125],[2.1666727,48.8377402],[2.1668614,48.8393483],[2.16731,48.8393567],[2.1673675,48.841822],[2.1669554,48.841911],[2.1670533,48.8421692],[2.1742673,48.8431607],[2.1752221,48.8435237],[2.1790351,48.8441815],[2.1795229,48.8451783],[2.1804646,48.8461757],[2.1819373,48.8484738],[2.1825992,48.8515625],[2.1765975,48.8516483],[2.1735854,48.8501431],[2.1715362,48.8498005],[2.1693038,48.8496979],[2.1681559,48.8494877],[2.1647894,48.848552],[2.1604312,48.8477211],[2.1598795,48.8477257],[2.1598955,48.8475472],[2.1582455,48.8475517],[2.1568614,48.8477493],[2.1533038,48.8487886],[2.1518317,48.8487008],[2.151056,48.8480941],[2.1473936,48.8432154],[2.1457171,48.841786],[2.1456991,48.8394851],[2.1462766,48.8384517],[2.1458458,48.8369012],[2.1459664,48.835735],[2.1489543,48.8271081],[2.1514764,48.8213703]]]]}},{"type":"Feature","properties":{"id":"92077","nom":"VILLE D AVRAY","created":"2020-08-18","updated":"2025-11-27","code_commune":"92077"},"geometry":{"type":"MultiPolygon","coordinates":[[[[2.1666173,48.8123023],[2.1674447,48.8128795],[2.1693158,48.8159128],[2.1747931,48.8151254],[2.1767848,48.8139924],[2.1785874,48.8148621],[2.1816345,48.8177828],[2.1820745,48.8178892],[2.1834293,48.8174848],[2.1848739,48.8176139],[2.1862971,48.8181207],[2.1875637,48.8188946],[2.1932401,48.8216421],[2.1938829,48.8218041],[2.1953013,48.8217903],[2.1988675,48.8221978],[2.1984072,48.8237454],[2.1993989,48.8237362],[2.1994271,48.8240366],[2.2008523,48.8240289],[2.2009619,48.825898],[2.1982153,48.8260111],[2.199434,48.8298094],[2.1968893,48.8298071],[2.1942421,48.8294244],[2.1937663,48.8296281],[2.1932659,48.8293793],[2.1910283,48.8292401],[2.1901131,48.8293727],[2.1890104,48.8292136],[2.1875591,48.8287741],[2.1875286,48.8288686],[2.1867236,48.8287642],[2.1849965,48.8292278],[2.184795,48.8288685],[2.1807965,48.8306241],[2.179708,48.8303694],[2.1784746,48.8290565],[2.1768798,48.8282651],[2.1761507,48.8281112],[2.1764135,48.8272407],[2.1737913,48.8242709],[2.167049,48.8233171],[2.1646213,48.8231059],[2.1621946,48.8236721],[2.1617281,48.8236355],[2.1606974,48.8225992],[2.1597414,48.8212086],[2.1590327,48.82085],[2.1579456,48.8209921],[2.1572468,48.8209346],[2.1560689,48.8214832],[2.1537325,48.8214697],[2.1528853,48.8212111],[2.1507829,48.8189137],[2.1507954,48.8180307],[2.1516778,48.8169361],[2.1533269,48.8161102],[2.1544596,48.8160767],[2.1586806,48.8139168],[2.1595669,48.8136493],[2.1614362,48.8127116],[2.1628188,48.8123942],[2.1666173,48.8123023]]]]}},{"type":"Feature","properties":{"id":"92078","nom":"VILLENEUVE LA GARENNE","created":"2020-08-06","updated":"2025-10-27","code_commune":"92078"},"geometry":{"type":"MultiPolygon","coordinates":[[[[2.3285207,48.9226937],[2.3339707,48.9280264],[2.3348097,48.9292827],[2.3365521,48.9327497],[2.3369143,48.9338859],[2.3369357,48.9349297],[2.336215,48.9386808],[2.3353609,48.9411027],[2.332693,48.943294],[2.331051,48.944117],[2.328965,48.944849],[2.3251894,48.9457472],[2.3116736,48.9479251],[2.3092546,48.9415133],[2.3099839,48.9413059],[2.3091993,48.9403002],[2.3126027,48.9391965],[2.314833,48.938014],[2.3177049,48.9372091],[2.3193157,48.9360988],[2.3209786,48.9344959],[2.3220873,48.9327089],[2.3183375,48.9275166],[2.3254237,48.9249031],[2.3285207,48.9226937]]]]}},{"type":"Feature","properties":{"id":"93001","nom":"AUBERVILLIERS","created":"2006-07-19","updated":"2026-05-28","code_commune":"93001"},"geometry":{"type":"MultiPolygon","coordinates":[[[[2.3894339,48.9012171],[2.4003695,48.9113016],[2.4060625,48.9085045],[2.4083487,48.9080827],[2.4114511,48.911325],[2.4074847,48.9139408],[2.4053248,48.9145339],[2.4043873,48.9150159],[2.4077038,48.9180917],[2.4067914,48.9187256],[2.4054467,48.9188574],[2.4038075,48.9194766],[2.4036755,48.9196721],[2.4038448,48.9198977],[2.4025614,48.9206626],[2.4025434,48.9211508],[2.4016299,48.9217788],[2.4000287,48.9222705],[2.3984938,48.9224678],[2.3971585,48.9220238],[2.3954784,48.9220486],[2.3945346,48.9217251],[2.3937739,48.9218839],[2.3927428,48.9224754],[2.392272,48.9225416],[2.3912001,48.9219438],[2.3897755,48.9199515],[2.3883662,48.9197124],[2.3880198,48.919533],[2.3869901,48.9196057],[2.3869587,48.9193971],[2.3864758,48.9192879],[2.384158,48.9193351],[2.3801185,48.9197447],[2.378729,48.9216566],[2.3769814,48.9225183],[2.3772773,48.9225848],[2.376526,48.9226519],[2.3747615,48.9237684],[2.3733333,48.9234341],[2.3726137,48.9230734],[2.3719938,48.9224577],[2.3695705,48.9235421],[2.36831,48.9244501],[2.3666979,48.9235564],[2.3676199,48.9220738],[2.3661379,48.9214591],[2.366547,48.9209706],[2.3668726,48.9209915],[2.3669843,48.9178395],[2.3663527,48.9178751],[2.3664088,48.9153837],[2.3666994,48.9153647],[2.3656777,48.9092588],[2.3660232,48.9067289],[2.3656324,48.9017648],[2.3844451,48.9021595],[2.3894339,48.9012171]]]]}},{"type":"Feature","properties":{"id":"93005","nom":"AULNAY SOUS BOIS","created":"2008-11-03","updated":"2026-02-02","code_commune":"93005"},"geometry":{"type":"MultiPolygon","coordinates":[[[[2.4914164,48.9174645],[2.4919019,48.9169067],[2.5121985,48.9193387],[2.5137468,48.9215611],[2.5135729,48.9216346],[2.5149509,48.9232332],[2.5156135,48.9228717],[2.5165268,48.9239719],[2.5175667,48.924701],[2.5176432,48.9251509],[2.5181438,48.9251274],[2.5181297,48.9254214],[2.5176777,48.925478],[2.5176818,48.9257118],[2.5151841,48.9268259],[2.5145314,48.9273871],[2.5134167,48.9279416],[2.5136351,48.9293801],[2.5144323,48.9303427],[2.5127012,48.931431],[2.5100389,48.9323511],[2.5102819,48.9334049],[2.5056581,48.9342419],[2.5052774,48.9346253],[2.5052585,48.935715],[2.5053505,48.935983],[2.507225,48.9356402],[2.5081707,48.9372287],[2.5099571,48.9395334],[2.5101858,48.9395399],[2.5098016,48.9401244],[2.5082675,48.9403485],[2.5086456,48.9408807],[2.5098725,48.9423665],[2.5121825,48.9442431],[2.5133931,48.9446691],[2.5151391,48.9456553],[2.5154625,48.9461513],[2.5153026,48.9463136],[2.5172623,48.9467403],[2.5170137,48.9469598],[2.517322,48.947375],[2.5170101,48.9482192],[2.519922,48.9494796],[2.5215993,48.9497823],[2.5241178,48.9505458],[2.5227917,48.9514412],[2.5220265,48.9522714],[2.5227061,48.9526607],[2.5218633,48.9535239],[2.5199953,48.9549674],[2.5188972,48.9556452],[2.5186708,48.9555002],[2.5146641,48.9583585],[2.5152366,48.958596],[2.5126256,48.9615233],[2.5122229,48.9613812],[2.5077614,48.9646443],[2.5051966,48.9658244],[2.5049495,48.9657438],[2.4980129,48.9714101],[2.4947553,48.9737217],[2.4926786,48.9748329],[2.4881024,48.9711428],[2.4901589,48.970086],[2.4867057,48.9672812],[2.4845525,48.968106],[2.4823343,48.9692951],[2.4807721,48.9698069],[2.4787436,48.9674372],[2.4785462,48.9675116],[2.4777353,48.9666561],[2.4749988,48.9677353],[2.4730436,48.9659709],[2.4706068,48.9641436],[2.4695598,48.9630763],[2.4673335,48.9643778],[2.4640979,48.9611244],[2.4630043,48.9597873],[2.4607724,48.9583157],[2.4602261,48.956374],[2.4593316,48.9551384],[2.4610036,48.953893],[2.4629085,48.9532857],[2.4645741,48.9532069],[2.4660434,48.9525499],[2.4666291,48.9528212],[2.4688655,48.9522391],[2.4689385,48.9523886],[2.4698167,48.9522079],[2.4695434,48.9521336],[2.472425,48.951682],[2.4715192,48.9491273],[2.47148,48.9471703],[2.4740512,48.9459832],[2.4753686,48.9459678],[2.4764654,48.9450894],[2.476927,48.9449158],[2.4771521,48.9445919],[2.4783479,48.9443725],[2.4796069,48.9426379],[2.4761412,48.9397463],[2.4783682,48.9386875],[2.4832914,48.9374571],[2.4826722,48.9360872],[2.4842436,48.9359571],[2.4831749,48.9339678],[2.4817826,48.9340447],[2.4817055,48.933134],[2.4819378,48.9326082],[2.4824163,48.9322059],[2.4822143,48.9320688],[2.481012,48.9320853],[2.4809508,48.9306343],[2.4806514,48.9307688],[2.4793016,48.9303749],[2.4801095,48.9293694],[2.4808055,48.9288593],[2.4813067,48.9274501],[2.4809753,48.9233127],[2.4794702,48.9199134],[2.4794398,48.918395],[2.4821841,48.9181453],[2.4822059,48.9184995],[2.4853244,48.9178307],[2.4861336,48.9186914],[2.4887478,48.9186257],[2.4892477,48.9181289],[2.49027,48.9175413],[2.4914164,48.9174645]]]]}},{"type":"Feature","properties":{"id":"93006","nom":"BAGNOLET","created":"2007-09-12","updated":"2025-10-27","code_commune":"93006"},"geometry":{"type":"MultiPolygon","coordinates":[[[[2.4153069,48.8551772],[2.4175121,48.856115],[2.4220071,48.857105],[2.4234066,48.857289],[2.4234433,48.85976],[2.4229871,48.8605415],[2.4224831,48.8608679],[2.4229759,48.8617708],[2.4240531,48.8620681],[2.4239009,48.8626951],[2.4286438,48.8635667],[2.4278143,48.8662202],[2.4276134,48.866291],[2.4288848,48.8668971],[2.4295148,48.8674405],[2.4289477,48.8679432],[2.4293376,48.868215],[2.4289506,48.8683139],[2.4302986,48.8692577],[2.4305477,48.8701523],[2.4302045,48.8706745],[2.4324479,48.871767],[2.4339816,48.8739676],[2.4354127,48.8746147],[2.4362645,48.8747878],[2.4365856,48.876475],[2.4370603,48.8772902],[2.434367,48.8782762],[2.4329042,48.8789936],[2.4316601,48.8786457],[2.429107,48.878241],[2.4230411,48.8782934],[2.4214303,48.8781664],[2.4203513,48.877793],[2.4158049,48.8750753],[2.4134446,48.8731502],[2.4140064,48.868908],[2.4138643,48.8640829],[2.4153069,48.8551772]]]]}},{"type":"Feature","properties":{"id":"93007","nom":"LE BLANC MESNIL","created":"2006-10-31","updated":"2026-06-11","code_commune":"93007"},"geometry":{"type":"MultiPolygon","coordinates":[[[[2.4743177,48.91843],[2.4759746,48.9188474],[2.4770209,48.9202543],[2.4794613,48.919932],[2.480746,48.9225481],[2.4809803,48.9238922],[2.4801147,48.9239468],[2.4804823,48.9241568],[2.4807503,48.9247599],[2.4808536,48.928632],[2.4805009,48.9290945],[2.4800379,48.9291324],[2.4802583,48.9292662],[2.479279,48.930363],[2.4803264,48.9306789],[2.4801236,48.9309858],[2.4809304,48.9309759],[2.4809777,48.9320826],[2.4821889,48.9320703],[2.4823842,48.9322132],[2.4817716,48.9327647],[2.4815916,48.9335126],[2.4817547,48.9340882],[2.4831718,48.9340063],[2.4841799,48.9359002],[2.4826929,48.9360485],[2.4833019,48.9374538],[2.4783619,48.93869],[2.4761323,48.939747],[2.4796064,48.9426386],[2.4783479,48.9443725],[2.4769188,48.9446067],[2.4767313,48.9449836],[2.4753697,48.9459673],[2.4740512,48.9459832],[2.47148,48.9471703],[2.4715192,48.9491273],[2.472425,48.951682],[2.4689256,48.952234],[2.4666263,48.9528078],[2.4660453,48.9525357],[2.4646896,48.9531915],[2.4629767,48.9532569],[2.4619585,48.9534718],[2.4608149,48.9539172],[2.4593358,48.9551242],[2.4567293,48.9557445],[2.4539218,48.9556392],[2.4528546,48.9553444],[2.4502688,48.9549655],[2.4492017,48.9551127],[2.4480315,48.9559447],[2.4473123,48.9556109],[2.4477277,48.9551126],[2.4467704,48.9548833],[2.4464545,48.9544648],[2.4453783,48.9548607],[2.4449868,48.9548232],[2.4437577,48.9541993],[2.4428613,48.953231],[2.4425156,48.9533471],[2.4310975,48.9405094],[2.431941,48.9403684],[2.4310253,48.9390337],[2.4313148,48.9389494],[2.4311979,48.9387826],[2.4328405,48.9382387],[2.4355564,48.9377867],[2.4386771,48.9377013],[2.4389005,48.9359454],[2.4403465,48.9363548],[2.4416853,48.9369922],[2.443988,48.9376143],[2.4462367,48.938557],[2.4469724,48.9391838],[2.4478883,48.9395618],[2.4486203,48.9396164],[2.4502216,48.9393998],[2.4506198,48.9391793],[2.4524421,48.9391234],[2.4535556,48.9384916],[2.4538808,48.9381246],[2.4554466,48.9375347],[2.4567982,48.9362206],[2.4576139,48.9358798],[2.4580575,48.9354085],[2.4577306,48.9351915],[2.4574105,48.9344133],[2.4583365,48.9341144],[2.4596388,48.9332481],[2.4612991,48.9327278],[2.4638604,48.9308581],[2.4622061,48.9278726],[2.4630622,48.9270795],[2.4620114,48.9260302],[2.4626734,48.9250133],[2.4622285,48.924208],[2.4627336,48.9239996],[2.4622741,48.9238382],[2.4624126,48.9235289],[2.4619172,48.9226467],[2.4618815,48.9213829],[2.4622159,48.9212672],[2.4620312,48.9209057],[2.4685844,48.9192942],[2.4682497,48.9190525],[2.4688115,48.9189588],[2.4719709,48.920648],[2.4722779,48.9203427],[2.4737953,48.9198798],[2.4743177,48.91843]]]]}},{"type":"Feature","properties":{"id":"93008","nom":"BOBIGNY","created":"2004-07-12","updated":"2026-05-29","code_commune":"93008"},"geometry":{"type":"MultiPolygon","coordinates":[[[[2.4240001,48.8952199],[2.4615225,48.9021954],[2.4620846,48.9054723],[2.4646383,48.9052555],[2.4694808,48.9053062],[2.4699486,48.9052336],[2.4700705,48.9049764],[2.47094,48.9051683],[2.4715886,48.9076543],[2.4723249,48.9080548],[2.4746572,48.9112036],[2.4739984,48.9113163],[2.4746511,48.9112063],[2.4760903,48.9126735],[2.4762118,48.9130478],[2.4756976,48.9140451],[2.4754583,48.9164855],[2.4738613,48.9165129],[2.4712145,48.9154706],[2.470713,48.915752],[2.4690692,48.9146734],[2.4686867,48.9147973],[2.4674496,48.9145877],[2.467001,48.914337],[2.4672502,48.9141515],[2.4667134,48.9140223],[2.465588,48.9132285],[2.4647916,48.9129692],[2.4636135,48.9121091],[2.4627665,48.9118867],[2.4612875,48.9118383],[2.4590666,48.9112358],[2.4585321,48.9112842],[2.4577965,48.910527],[2.4565077,48.9108889],[2.4560345,48.9103826],[2.4532014,48.9118226],[2.4501683,48.9129679],[2.4461289,48.9137241],[2.4411214,48.9153256],[2.436835,48.9131187],[2.4337505,48.9136921],[2.4334202,48.9136438],[2.4293684,48.9150397],[2.4263677,48.9155629],[2.4207317,48.9168376],[2.4148329,48.9187197],[2.4133471,48.9194413],[2.4100632,48.916617],[2.4128341,48.9154805],[2.4133082,48.9136311],[2.4139729,48.9130666],[2.4142759,48.9124958],[2.4154662,48.9119115],[2.4149633,48.9111945],[2.4136854,48.9108641],[2.4141708,48.9106682],[2.4129622,48.9097206],[2.4146009,48.9089522],[2.4116173,48.9062317],[2.4179996,48.9031955],[2.4212575,48.9020792],[2.4243774,48.896748],[2.4240001,48.8952199]]]]}},{"type":"Feature","properties":{"id":"93010","nom":"BONDY","created":"2008-01-08","updated":"2026-01-05","code_commune":"93010"},"geometry":{"type":"MultiPolygon","coordinates":[[[[2.4868073,48.8869812],[2.4869738,48.8870073],[2.4873705,48.8884518],[2.4898677,48.8883315],[2.4910522,48.8909053],[2.4919063,48.8902651],[2.495499,48.8893186],[2.4962658,48.8894676],[2.4976394,48.8901143],[2.4980745,48.8900671],[2.4982417,48.8909061],[2.4971606,48.8910737],[2.4980466,48.8930547],[2.5001513,48.8957351],[2.4956152,48.8967379],[2.4961011,48.8975465],[2.4955162,48.8977755],[2.496121,48.8982821],[2.4964947,48.8983602],[2.4971896,48.8996955],[2.4984449,48.8995998],[2.4994969,48.9020302],[2.4992654,48.9019729],[2.4994267,48.9032207],[2.4999005,48.9046207],[2.4993534,48.9048373],[2.4992924,48.9046856],[2.4971479,48.9047337],[2.4972867,48.9057716],[2.4936719,48.9056582],[2.4937746,48.9073198],[2.4903091,48.9068804],[2.4901757,48.9072847],[2.4923323,48.907607],[2.4922468,48.9078508],[2.4904185,48.9090428],[2.4907866,48.909488],[2.4904344,48.9095616],[2.490902,48.9096421],[2.4910512,48.9099583],[2.4913615,48.9131407],[2.4922594,48.9159968],[2.4919169,48.9169197],[2.4914279,48.917474],[2.490278,48.9175493],[2.4891906,48.9181773],[2.4887507,48.9186341],[2.486132,48.9186944],[2.4853476,48.9178325],[2.4822105,48.9185075],[2.4821879,48.9181508],[2.4794626,48.9183989],[2.4794671,48.9199233],[2.477033,48.9202497],[2.4760344,48.9191024],[2.476084,48.9189052],[2.4743943,48.9183722],[2.4757799,48.9173263],[2.475453,48.9170261],[2.4754662,48.916595],[2.4757574,48.9140197],[2.4762049,48.912882],[2.4759486,48.9124109],[2.4748145,48.9113756],[2.4723382,48.9080617],[2.4715829,48.9076564],[2.4709407,48.9051629],[2.4700608,48.9049842],[2.4705881,48.9038411],[2.4706642,48.9029346],[2.469818,48.9016117],[2.4690855,48.8995233],[2.4746452,48.8981432],[2.4728157,48.8956589],[2.4728794,48.8955103],[2.474438,48.8951123],[2.4727695,48.8927874],[2.4720905,48.8905769],[2.4713281,48.8890242],[2.4771789,48.8887769],[2.4778128,48.8891005],[2.4806834,48.8881066],[2.4868073,48.8869812]]]]}},{"type":"Feature","properties":{"id":"93013","nom":"LE BOURGET","created":"2005-09-08","updated":"2026-03-12","code_commune":"93013"},"geometry":{"type":"MultiPolygon","coordinates":[[[[2.419875,48.929306],[2.4203812,48.929772],[2.4207243,48.9297013],[2.4234389,48.9302545],[2.4294661,48.931031],[2.429002,48.9312262],[2.4355002,48.932363],[2.4393311,48.9326722],[2.4440283,48.9326716],[2.4447282,48.9333527],[2.4451022,48.9338119],[2.4447803,48.9337769],[2.4425034,48.9372418],[2.4402728,48.9363068],[2.438896,48.9359214],[2.4386748,48.9376924],[2.4355569,48.9377744],[2.4328257,48.938224],[2.4311679,48.9387302],[2.4313159,48.93894],[2.4310344,48.939029],[2.4319938,48.9404145],[2.4308935,48.9402422],[2.4352216,48.9452083],[2.4305699,48.9464656],[2.4284915,48.9440647],[2.4279076,48.9442754],[2.4264024,48.9425272],[2.4228524,48.9417111],[2.4223255,48.9414673],[2.4222297,48.9410645],[2.4226397,48.9404374],[2.4183365,48.9394094],[2.4180563,48.9400684],[2.4175446,48.9399705],[2.4176292,48.939826],[2.4167601,48.9394076],[2.4171638,48.938641],[2.4157816,48.9372016],[2.4165115,48.935711],[2.4139634,48.9359797],[2.4134072,48.9355109],[2.4151286,48.9345339],[2.4175175,48.9337641],[2.4170343,48.9335314],[2.4172143,48.9334352],[2.4164468,48.9330854],[2.4147075,48.9329391],[2.4146843,48.9330468],[2.4133431,48.9330256],[2.4128071,48.9324527],[2.4160532,48.9303929],[2.4170776,48.9304069],[2.419875,48.929306]]]]}},{"type":"Feature","properties":{"id":"93014","nom":"CLICHY SOUS BOIS","created":"2004-04-20","updated":"2026-02-02","code_commune":"93014"},"geometry":{"type":"MultiPolygon","coordinates":[[[[2.5357001,48.8948892],[2.5362369,48.8983796],[2.5372036,48.8986601],[2.5368784,48.8987939],[2.5385167,48.899674],[2.5392969,48.8993594],[2.5462858,48.8988859],[2.5463176,48.8991155],[2.5468598,48.8990485],[2.5487183,48.9017195],[2.5486673,48.9019625],[2.5501605,48.9018388],[2.5514752,48.90219],[2.551836,48.9020322],[2.5651517,48.9083268],[2.5600069,48.9111565],[2.564756,48.9136966],[2.5620583,48.9204473],[2.5588321,48.9202199],[2.5591072,48.9212734],[2.558438,48.9203084],[2.5569739,48.9193776],[2.555262,48.916894],[2.5529113,48.9149459],[2.5516092,48.9154535],[2.5505603,48.9161839],[2.5476549,48.9163192],[2.5471909,48.9165901],[2.5464684,48.9167061],[2.5452621,48.9174157],[2.5445706,48.918149],[2.5424758,48.9169014],[2.5410306,48.9155171],[2.5399098,48.9127926],[2.539812,48.9118444],[2.5396295,48.911718],[2.5385464,48.9116517],[2.538318,48.909442],[2.5363173,48.9086496],[2.5344798,48.9085295],[2.5300611,48.9075611],[2.5289501,48.9075687],[2.5272485,48.9071011],[2.5252455,48.9052441],[2.5248548,48.9054014],[2.5221808,48.9043806],[2.5212998,48.9033149],[2.5218795,48.9035018],[2.5259059,48.9038979],[2.5276741,48.9037333],[2.5298165,48.9032166],[2.5319936,48.895262],[2.5357001,48.8948892]]]]}},{"type":"Feature","properties":{"id":"93015","nom":"COUBRON","created":"2011-09-19","updated":"2025-10-27","code_commune":"93015"},"geometry":{"type":"MultiPolygon","coordinates":[[[[2.5774117,48.9065142],[2.5783606,48.9071352],[2.5789052,48.9082074],[2.5816822,48.9090365],[2.5831057,48.9098021],[2.5838866,48.9106719],[2.5914082,48.9070667],[2.591563,48.9073637],[2.592019,48.9071316],[2.5923379,48.907727],[2.5888615,48.9094717],[2.5907521,48.9118435],[2.5892308,48.9120143],[2.5897328,48.9134303],[2.5903446,48.9133243],[2.590385,48.9158596],[2.5898474,48.9157835],[2.589777,48.9171836],[2.5888938,48.9172174],[2.5890775,48.918722],[2.5886596,48.9201199],[2.5888346,48.9208456],[2.589776,48.9227709],[2.5899308,48.922676],[2.5926595,48.9250459],[2.5921469,48.9251522],[2.5926204,48.9264512],[2.5925307,48.926933],[2.5921359,48.9273201],[2.5908368,48.9278106],[2.5906238,48.928094],[2.588818,48.927974],[2.5870722,48.9274628],[2.5856505,48.9273524],[2.5819527,48.9274145],[2.5823758,48.9267739],[2.5818632,48.926738],[2.579687,48.9274625],[2.5786256,48.9273078],[2.5764694,48.9272793],[2.5751236,48.925945],[2.5721617,48.9257871],[2.5724455,48.9249492],[2.5723124,48.9243534],[2.5674745,48.9244152],[2.5656886,48.9257353],[2.5653246,48.9271788],[2.5645949,48.9280115],[2.5630509,48.9266209],[2.5620485,48.9262772],[2.5618365,48.925993],[2.5620126,48.9255643],[2.561903,48.9250482],[2.5610215,48.9247702],[2.5601014,48.9236771],[2.5589083,48.9202253],[2.5621175,48.9204073],[2.5647551,48.9137337],[2.5600646,48.91114],[2.5657572,48.9081077],[2.570916,48.9075489],[2.5721467,48.907739],[2.5774117,48.9065142]]]]}},{"type":"Feature","properties":{"id":"93027","nom":"LA COURNEUVE","created":"2006-06-19","updated":"2025-12-29","code_commune":"93027"},"geometry":{"type":"MultiPolygon","coordinates":[[[[2.4100787,48.9166335],[2.4133583,48.9194466],[2.4135033,48.9193825],[2.4149124,48.920493],[2.4162679,48.9217658],[2.417815,48.9239267],[2.4176261,48.9240475],[2.4178034,48.9240477],[2.4187645,48.9250439],[2.4225517,48.9300869],[2.4207307,48.929705],[2.4203887,48.9297527],[2.4198762,48.9293084],[2.4170988,48.9303811],[2.4160196,48.9303915],[2.4124106,48.9326064],[2.4133393,48.9330302],[2.4164675,48.9330958],[2.4176833,48.933664],[2.4162688,48.9341281],[2.4133867,48.9355097],[2.4139496,48.9359888],[2.4164949,48.9357068],[2.4157582,48.9372068],[2.4171393,48.9386559],[2.4167456,48.9394208],[2.4176107,48.9398354],[2.4175306,48.9399823],[2.4180239,48.9400781],[2.4172616,48.9414071],[2.4145095,48.9426946],[2.4131816,48.9437133],[2.4122848,48.9447595],[2.4091414,48.94607],[2.4079128,48.9478628],[2.4074055,48.9481272],[2.4056122,48.9497292],[2.406089,48.9501294],[2.4041194,48.9515139],[2.4021556,48.9501666],[2.4019469,48.9502373],[2.401602,48.9500019],[2.4013928,48.9500748],[2.4006498,48.9497753],[2.3997073,48.9491719],[2.3992964,48.9485774],[2.3990396,48.9487746],[2.3981316,48.9481555],[2.3980675,48.947796],[2.3976952,48.947346],[2.3975042,48.9473804],[2.3971556,48.9465955],[2.3967259,48.9463577],[2.3968115,48.9462112],[2.3956908,48.9452098],[2.3951695,48.9450239],[2.3952016,48.9449049],[2.3945382,48.9447154],[2.3935079,48.9440361],[2.3898051,48.9426884],[2.3873199,48.9423213],[2.3874868,48.9412733],[2.3858847,48.9408605],[2.3851759,48.9404845],[2.3833453,48.9328847],[2.3839313,48.93252],[2.3824616,48.9307457],[2.3805643,48.9314121],[2.3776414,48.93178],[2.3750737,48.9276658],[2.3778402,48.925371],[2.3746817,48.9238545],[2.376526,48.9226519],[2.3772773,48.9225848],[2.3769814,48.9225183],[2.378729,48.9216566],[2.3801185,48.9197447],[2.384158,48.9193351],[2.3864758,48.9192879],[2.3869587,48.9193971],[2.3869901,48.9196057],[2.3880198,48.919533],[2.3883662,48.9197124],[2.3897755,48.9199515],[2.3912001,48.9219438],[2.392272,48.9225416],[2.3927428,48.9224755],[2.3937892,48.9218782],[2.3945346,48.9217251],[2.3954784,48.9220486],[2.3971585,48.9220238],[2.3984938,48.9224678],[2.4000287,48.9222705],[2.4016299,48.9217788],[2.4025434,48.9211508],[2.4025614,48.9206626],[2.4038448,48.9198977],[2.4036755,48.9196721],[2.4038075,48.9194766],[2.4054467,48.9188574],[2.4067914,48.9187256],[2.4076458,48.9180361],[2.4090666,48.9173773],[2.4100787,48.9166335]]]]}},{"type":"Feature","properties":{"id":"93029","nom":"DRANCY","created":"2004-08-11","updated":"2026-02-26","code_commune":"93029"},"geometry":{"type":"MultiPolygon","coordinates":[[[[2.4560341,48.9103801],[2.45651,48.910887],[2.4577963,48.9105218],[2.4585341,48.9112853],[2.459114,48.9112445],[2.4612734,48.9118332],[2.462751,48.911884],[2.463615,48.9121094],[2.4647943,48.9129722],[2.4656325,48.9132536],[2.4667273,48.9140269],[2.4672511,48.9141513],[2.467003,48.9143352],[2.4674679,48.9145927],[2.468684,48.914795],[2.4690247,48.9146594],[2.470713,48.9157503],[2.4712383,48.9154973],[2.4738893,48.9165191],[2.4754564,48.9164801],[2.4754479,48.9171317],[2.4757632,48.9173301],[2.4743347,48.918411],[2.4737371,48.9199554],[2.4724173,48.9202903],[2.4719495,48.9206587],[2.4688501,48.9189433],[2.4689532,48.9185476],[2.4688955,48.9189699],[2.4681859,48.9190591],[2.4685991,48.9192847],[2.4619617,48.9209251],[2.4622373,48.9212648],[2.4611109,48.9216079],[2.4619308,48.9213758],[2.4619316,48.9226577],[2.4624334,48.9235144],[2.4622851,48.9238324],[2.462752,48.9239867],[2.4622299,48.9242225],[2.462672,48.9250339],[2.4620034,48.9260139],[2.4630634,48.927074],[2.4622117,48.9278681],[2.4638478,48.9308488],[2.4613027,48.9327126],[2.4596148,48.9332429],[2.4583011,48.9341169],[2.4574172,48.9344137],[2.4577107,48.9351757],[2.4580519,48.9353939],[2.4576269,48.9358755],[2.4568449,48.9361661],[2.455419,48.9375631],[2.4538855,48.9381125],[2.453614,48.9384575],[2.4524087,48.9391263],[2.4505847,48.9391754],[2.4502312,48.9393939],[2.4482457,48.9396195],[2.4473131,48.9393736],[2.4463732,48.9386098],[2.4439513,48.9375738],[2.4425276,48.9372513],[2.4447686,48.9338222],[2.4451527,48.9338599],[2.4440438,48.9326635],[2.4393315,48.93267],[2.4356662,48.932378],[2.4289781,48.9312232],[2.4297337,48.930925],[2.4280492,48.9308455],[2.4225499,48.9300855],[2.4187672,48.9250453],[2.4177644,48.9240183],[2.4162724,48.9217757],[2.4134969,48.919371],[2.4149657,48.9186751],[2.4205506,48.9169077],[2.4294052,48.9150444],[2.433418,48.9136434],[2.4337515,48.9136945],[2.4368391,48.9131158],[2.4411167,48.9153262],[2.4461274,48.9137244],[2.4501855,48.9129665],[2.4531543,48.9118372],[2.4560341,48.9103801]]]]}},{"type":"Feature","properties":{"id":"93030","nom":"DUGNY","created":"2005-06-28","updated":"2025-12-24","code_commune":"93030"},"geometry":{"type":"MultiPolygon","coordinates":[[[[2.4352002,48.9452037],[2.4424408,48.9532445],[2.4428188,48.95317],[2.4438922,48.954263],[2.4452705,48.9548755],[2.4464304,48.9543976],[2.446735,48.9548236],[2.447681,48.955069],[2.4472446,48.9555978],[2.4474572,48.9557416],[2.4452688,48.9567174],[2.4447854,48.9565231],[2.4446565,48.9566873],[2.4440643,48.9567008],[2.4438473,48.9565098],[2.4435596,48.9565831],[2.44334,48.9564675],[2.4418475,48.9565544],[2.4392299,48.9558454],[2.4370742,48.9556866],[2.4357337,48.9550702],[2.4356877,48.9554242],[2.4353725,48.9554166],[2.4353435,48.9556277],[2.4341247,48.9559295],[2.4339697,48.9564258],[2.4332165,48.9567574],[2.4326398,48.9575471],[2.430002,48.9583515],[2.4298685,48.9585651],[2.4293108,48.9586444],[2.428221,48.959227],[2.4270439,48.9594095],[2.4259103,48.9593855],[2.4253152,48.9591107],[2.42271,48.9589011],[2.4185259,48.9575997],[2.4181344,48.9588902],[2.4177711,48.9594543],[2.4175387,48.9594921],[2.415148,48.958372],[2.4136627,48.9580007],[2.4135664,48.9576618],[2.4112138,48.9579654],[2.4097355,48.957917],[2.409834,48.9570309],[2.4096191,48.9569512],[2.4083867,48.957311],[2.4075052,48.9564228],[2.4069163,48.9546715],[2.4072507,48.9543734],[2.4079213,48.9543586],[2.4077685,48.9539267],[2.4079795,48.9530387],[2.4070537,48.9523118],[2.4065978,48.9523842],[2.4062745,48.9522378],[2.4034453,48.9519976],[2.4032584,48.951878],[2.403632,48.9518641],[2.4061021,48.9501162],[2.4056425,48.9497109],[2.4074163,48.9481456],[2.4079319,48.9478766],[2.4091668,48.9460776],[2.4122677,48.9448013],[2.4131674,48.9437367],[2.4144415,48.9427476],[2.4173048,48.9414089],[2.4183365,48.9394094],[2.4226397,48.9404374],[2.4222042,48.9411563],[2.4224326,48.9415356],[2.4264024,48.9425272],[2.4279076,48.9442754],[2.4284915,48.9440647],[2.4305699,48.9464656],[2.4352002,48.9452037]]]]}},{"type":"Feature","properties":{"id":"93031","nom":"EPINAY SUR SEINE","created":"2006-06-21","updated":"2026-01-12","code_commune":"93031"},"geometry":{"type":"MultiPolygon","coordinates":[[[[2.3383669,48.9426318],[2.3408081,48.9442576],[2.3392133,48.945369],[2.3385518,48.9447323],[2.3379165,48.9449691],[2.3375044,48.94472],[2.3367509,48.9449694],[2.3377624,48.9459656],[2.3376068,48.94612],[2.3379567,48.9466802],[2.3393832,48.9476321],[2.3445843,48.9465671],[2.3441972,48.9462248],[2.3447221,48.9458707],[2.3460481,48.9463972],[2.3373398,48.9526987],[2.3335766,48.9551601],[2.3278855,48.9595029],[2.325925,48.9584327],[2.3226897,48.9575194],[2.3198387,48.958498],[2.3128943,48.9624149],[2.3110114,48.9621657],[2.3109262,48.9619621],[2.310421,48.9617442],[2.3094184,48.9626729],[2.308939,48.9635193],[2.3071504,48.962755],[2.3068114,48.9629928],[2.3050944,48.9622169],[2.3033222,48.9638738],[2.3013407,48.9653919],[2.2988822,48.9663363],[2.2903076,48.9617747],[2.288293,48.9583994],[2.292226,48.9514345],[2.29579,48.9518072],[2.301873,48.9519691],[2.3140847,48.9501743],[2.3226304,48.9484591],[2.3332599,48.9456137],[2.3359172,48.9444528],[2.3372934,48.9436113],[2.3383669,48.9426318]]]]}},{"type":"Feature","properties":{"id":"93032","nom":"GAGNY","created":"2007-09-10","updated":"2026-06-08","code_commune":"93032"},"geometry":{"type":"MultiPolygon","coordinates":[[[[2.5645406,48.8655908],[2.5675932,48.8658764],[2.5693132,48.8682138],[2.5704436,48.8691382],[2.5704629,48.8696288],[2.569502,48.8705144],[2.5689907,48.8716884],[2.5677705,48.8725844],[2.5683639,48.8732839],[2.5680301,48.874465],[2.5693075,48.8752072],[2.569673,48.8756254],[2.5711073,48.8780764],[2.5719261,48.8782189],[2.5714026,48.8792289],[2.5714658,48.8797575],[2.5692292,48.8807105],[2.5685369,48.8813616],[2.5680621,48.8812975],[2.5670488,48.8815522],[2.5669546,48.8814019],[2.5657537,48.8820212],[2.5648036,48.8813862],[2.5624803,48.8830478],[2.562692,48.8832149],[2.5612717,48.8837407],[2.5613771,48.8839087],[2.5603741,48.8841903],[2.5606806,48.8845817],[2.5591964,48.88516],[2.5586902,48.8845913],[2.5579,48.8849215],[2.5579669,48.8855174],[2.5575805,48.8853525],[2.556765,48.8852993],[2.5567821,48.8850969],[2.555187,48.8850143],[2.5551495,48.8852241],[2.550014,48.8847805],[2.5494691,48.8855996],[2.5496729,48.8864119],[2.5495256,48.8872237],[2.5472249,48.8874412],[2.5471281,48.8876884],[2.5490043,48.890272],[2.5474263,48.890781],[2.5466853,48.8911753],[2.5476814,48.8922595],[2.5468194,48.8927217],[2.5465014,48.8933163],[2.5477098,48.8957604],[2.5446806,48.8961282],[2.5444479,48.8959438],[2.5441753,48.8962412],[2.5464112,48.898569],[2.546289,48.898888],[2.5393044,48.8993699],[2.5385376,48.8996864],[2.5368758,48.8987979],[2.5372056,48.8986617],[2.5362379,48.898378],[2.5356942,48.8948909],[2.532025,48.8952595],[2.532572,48.8932452],[2.5303992,48.8922393],[2.5282595,48.8920856],[2.527224,48.8917243],[2.5260918,48.8918235],[2.5241286,48.8932239],[2.5236052,48.893368],[2.5228791,48.8931678],[2.5209669,48.891474],[2.5205618,48.891733],[2.519667,48.8908025],[2.5185251,48.8909434],[2.5181608,48.8911278],[2.52212,48.8873331],[2.5249765,48.8839329],[2.5252039,48.8829344],[2.5257787,48.8829412],[2.5257594,48.8819484],[2.5270942,48.8807809],[2.5269685,48.8805169],[2.5276306,48.8800915],[2.5271634,48.8797342],[2.5265101,48.879623],[2.5285525,48.8789268],[2.5300416,48.8743641],[2.530498,48.8755902],[2.5312231,48.8766659],[2.5335715,48.8751508],[2.5331692,48.874894],[2.5334837,48.8747388],[2.5338824,48.8749824],[2.5349337,48.8743908],[2.5353496,48.8744853],[2.5363452,48.8731163],[2.5368855,48.8726397],[2.5372477,48.8727995],[2.539252,48.8696888],[2.5471634,48.8721964],[2.5504845,48.8736374],[2.5519777,48.8744465],[2.5528754,48.8737263],[2.5533644,48.8730725],[2.5553046,48.8696818],[2.5568485,48.8683689],[2.5581994,48.867519],[2.5595506,48.8669695],[2.5645406,48.8655908]]]]}},{"type":"Feature","properties":{"id":"93033","nom":"GOURNAY SUR MARNE","created":"2011-09-19","updated":"2026-02-17","code_commune":"93033"},"geometry":{"type":"MultiPolygon","coordinates":[[[[2.57417,48.8534322],[2.5775271,48.8546852],[2.5775308,48.8549017],[2.578233,48.8549283],[2.5800722,48.8553622],[2.5832551,48.8553967],[2.5814811,48.8589528],[2.5832789,48.8583346],[2.5857152,48.8594515],[2.5869763,48.8602272],[2.5880646,48.864327],[2.5874884,48.865037],[2.5847501,48.8655247],[2.5827901,48.8656026],[2.5781786,48.8651988],[2.5755813,48.8653451],[2.5753538,48.865604],[2.5753846,48.8660667],[2.5724118,48.8679332],[2.5710704,48.867002],[2.5699491,48.8664524],[2.5675427,48.8658663],[2.5675821,48.8657006],[2.5667037,48.865567],[2.56602,48.8651644],[2.5642166,48.8645919],[2.5645486,48.863113],[2.564395,48.862265],[2.5647136,48.8617113],[2.5657758,48.8609751],[2.567135,48.8575748],[2.5697565,48.8580702],[2.57417,48.8534322]]]]}},{"type":"Feature","properties":{"id":"93039","nom":"L ILE SAINT DENIS","created":"2006-04-04","updated":"2025-12-24","code_commune":"93039"},"geometry":{"type":"MultiPolygon","coordinates":[[[[2.3198296,48.9159404],[2.324216,48.9168765],[2.3289675,48.9188159],[2.3301263,48.9198096],[2.3403139,48.9304787],[2.3410916,48.9319035],[2.3417953,48.9358558],[2.3400688,48.9402073],[2.3383669,48.9426318],[2.3372934,48.9436113],[2.3359172,48.9444528],[2.3332599,48.9456137],[2.3226304,48.9484591],[2.312348,48.9504952],[2.3016501,48.9519777],[2.2992632,48.9519741],[2.2932921,48.9516349],[2.2907543,48.9510369],[2.2933056,48.9505937],[2.2995909,48.9504932],[2.3014116,48.9502646],[2.3126367,48.9477198],[2.3259427,48.9456079],[2.3292368,48.9447719],[2.3312868,48.9440182],[2.3333936,48.9428369],[2.3353541,48.9410979],[2.3361978,48.9387541],[2.336927,48.9350191],[2.3369427,48.9339673],[2.3363396,48.9322648],[2.3347031,48.9290909],[2.3335455,48.9274959],[2.3290301,48.9231056],[2.3258404,48.9206536],[2.3226229,48.9192298],[2.3218635,48.9187521],[2.3198296,48.9159404]]]]}},{"type":"Feature","properties":{"id":"93045","nom":"LES LILAS","created":"2008-01-09","updated":"2026-01-19","code_commune":"93045"},"geometry":{"type":"MultiPolygon","coordinates":[[[[2.4134464,48.8731551],[2.4158534,48.8750957],[2.4208354,48.877991],[2.4227663,48.8783027],[2.4279682,48.8781887],[2.4297894,48.8783094],[2.4299311,48.8798856],[2.430725,48.8806324],[2.4284249,48.8802303],[2.4290783,48.8826079],[2.4269077,48.883204],[2.4256227,48.8827575],[2.4244365,48.8830737],[2.4269554,48.8860547],[2.4276784,48.8859709],[2.426801,48.8871365],[2.4264468,48.8883281],[2.4267351,48.8886118],[2.426606,48.8886953],[2.4269004,48.8896232],[2.4256632,48.8898467],[2.4256379,48.8901102],[2.4250505,48.8906432],[2.4246318,48.8905833],[2.4243093,48.8909953],[2.4239286,48.8909912],[2.4238546,48.8906666],[2.4223864,48.8890465],[2.4225715,48.8890053],[2.4224239,48.8876146],[2.4220714,48.8872723],[2.4206067,48.8865705],[2.4202693,48.8867596],[2.4186562,48.8848136],[2.4173048,48.8840219],[2.4169767,48.8844736],[2.4156031,48.8841813],[2.4145576,48.8834272],[2.4130071,48.8830777],[2.4130912,48.8836125],[2.4114811,48.8831898],[2.4111298,48.8817214],[2.4119155,48.8802086],[2.411984,48.8787636],[2.4108409,48.8784227],[2.4124932,48.8763835],[2.4134464,48.8731551]]]]}},{"type":"Feature","properties":{"id":"93046","nom":"LIVRY GARGAN","created":"2004-06-22","updated":"2026-02-03","code_commune":"93046"},"geometry":{"type":"MultiPolygon","coordinates":[[[[2.5119013,48.9014816],[2.5130268,48.902154],[2.5138997,48.9024175],[2.514617,48.9023977],[2.5161197,48.9029936],[2.5164229,48.9028577],[2.5190048,48.903241],[2.5206756,48.9033236],[2.520835,48.9034939],[2.5212029,48.9033148],[2.5221875,48.90436],[2.5248456,48.9054025],[2.525237,48.9052495],[2.5270282,48.9069953],[2.5273766,48.9071402],[2.528843,48.907543],[2.5300459,48.9075496],[2.5344877,48.9085291],[2.5362933,48.9086383],[2.5383337,48.9094425],[2.5385657,48.9116568],[2.5397719,48.911821],[2.5399244,48.9128448],[2.5410249,48.9155029],[2.5423214,48.9168079],[2.5445959,48.9181457],[2.5452138,48.9174493],[2.5464354,48.9167155],[2.5473538,48.9165456],[2.5476779,48.9163077],[2.5506038,48.9161735],[2.5515724,48.9154953],[2.5529147,48.9149679],[2.5552237,48.9168391],[2.5569841,48.9194049],[2.5584724,48.9202944],[2.5592352,48.9213748],[2.5600303,48.9236514],[2.560955,48.9247574],[2.5618512,48.9250327],[2.5619575,48.9255503],[2.5617738,48.925983],[2.5619913,48.9262662],[2.5629909,48.9266066],[2.5645444,48.928002],[2.5642888,48.9298121],[2.5637453,48.930923],[2.5632015,48.9317729],[2.5615764,48.932867],[2.5615588,48.9331257],[2.5606144,48.9329429],[2.559869,48.9337769],[2.5586059,48.9336047],[2.5574961,48.93367],[2.5574038,48.9342064],[2.5562496,48.9339451],[2.5490545,48.9353325],[2.546016,48.9340969],[2.5456011,48.9343102],[2.5437775,48.9346401],[2.543441,48.9335201],[2.5420554,48.9330473],[2.5417134,48.9323648],[2.540861,48.9316871],[2.5420232,48.9312319],[2.5408433,48.9305066],[2.5411196,48.9301863],[2.5407902,48.9297132],[2.540691,48.9297947],[2.5399306,48.9291587],[2.5391119,48.9274672],[2.5366626,48.9258513],[2.5346138,48.9272592],[2.5340456,48.9265912],[2.5318346,48.9273125],[2.5314419,48.926205],[2.529693,48.9263009],[2.5293502,48.9260402],[2.5280755,48.9261486],[2.5267321,48.9267706],[2.5259334,48.9276536],[2.5253632,48.9278584],[2.5252147,48.9275398],[2.5248689,48.9276124],[2.5241905,48.926033],[2.5235023,48.9257335],[2.5241704,48.9250171],[2.5223775,48.9245579],[2.5217605,48.9239492],[2.5191007,48.9251076],[2.5176287,48.9251527],[2.5175722,48.9246838],[2.5165424,48.9239972],[2.5156033,48.9228816],[2.5149356,48.9232457],[2.5135471,48.9216423],[2.5137346,48.9215632],[2.5121789,48.919347],[2.5071529,48.9187476],[2.5057082,48.9174465],[2.5087133,48.9162137],[2.5085005,48.914726],[2.5087439,48.9146049],[2.5084025,48.914416],[2.510115,48.9102318],[2.519471,48.9116223],[2.5213486,48.9121187],[2.5176371,48.9084348],[2.5175161,48.9080659],[2.5177097,48.9074013],[2.5151386,48.9057399],[2.5110506,48.9017982],[2.5119013,48.9014816]]]]}},{"type":"Feature","properties":{"id":"93047","nom":"MONTFERMEIL","created":"2011-11-21","updated":"2026-04-13","code_commune":"93047"},"geometry":{"type":"MultiPolygon","coordinates":[[[[2.5586887,48.8845887],[2.5592194,48.8851687],[2.5598748,48.8869115],[2.5603467,48.8872399],[2.5615043,48.8874964],[2.5617444,48.8880143],[2.5614452,48.8888207],[2.5621565,48.8887841],[2.5627801,48.8897092],[2.5631795,48.8893738],[2.5640998,48.8890838],[2.5646241,48.8892635],[2.5648769,48.8895538],[2.5644152,48.8898268],[2.5648829,48.8902351],[2.5652817,48.8900161],[2.5661398,48.8903148],[2.5668365,48.8909467],[2.5675823,48.8905692],[2.5674748,48.8904951],[2.5676883,48.890356],[2.5683656,48.8909466],[2.5702024,48.8903375],[2.5706042,48.8907039],[2.5704613,48.8907792],[2.5711354,48.8912272],[2.570946,48.8913937],[2.5722721,48.8924824],[2.5730785,48.8920904],[2.5740196,48.8927315],[2.5744712,48.8925259],[2.5747313,48.8927592],[2.5757269,48.8923923],[2.5758033,48.8925615],[2.5766237,48.8922347],[2.5770587,48.8928164],[2.5782553,48.8934062],[2.5819844,48.8940298],[2.5838655,48.8947941],[2.5852303,48.8937637],[2.5869339,48.8939754],[2.5870527,48.8951359],[2.5866917,48.8962153],[2.5879907,48.8960452],[2.5875257,48.8973364],[2.5869118,48.8980469],[2.5892939,48.89868],[2.587719,48.8995773],[2.584689,48.9021729],[2.5849016,48.902387],[2.5844097,48.9027572],[2.5845355,48.9029906],[2.584137,48.9033773],[2.5856663,48.9047485],[2.5863734,48.9051346],[2.5875344,48.9054882],[2.5890708,48.9055155],[2.589277,48.9064544],[2.5908371,48.9065649],[2.5914274,48.9070486],[2.5838778,48.910683],[2.5830861,48.9097982],[2.5816305,48.9090138],[2.5789087,48.9082294],[2.5784005,48.9072283],[2.5774998,48.9064909],[2.5721297,48.9077515],[2.5706979,48.9075685],[2.5657281,48.9081109],[2.5652642,48.9083061],[2.5518454,48.9020336],[2.5514843,48.9021839],[2.5502062,48.9018138],[2.5486779,48.9019638],[2.5487378,48.9017219],[2.5472758,48.8995059],[2.5469315,48.8991167],[2.546314,48.8991085],[2.5462425,48.898682],[2.546453,48.8985439],[2.5441891,48.8962245],[2.5444387,48.8959198],[2.544682,48.8961174],[2.5477091,48.8957658],[2.5465,48.893321],[2.5468039,48.8927231],[2.5476688,48.8922538],[2.5466981,48.8911504],[2.5490087,48.8902604],[2.5473052,48.888017],[2.5471139,48.8877067],[2.5472421,48.8874247],[2.5495336,48.8872283],[2.5496699,48.8864151],[2.5494682,48.8855951],[2.5499988,48.8847604],[2.5550947,48.8852306],[2.5552001,48.8850211],[2.5567904,48.8850954],[2.5567803,48.8852954],[2.5575997,48.8853435],[2.5579744,48.8855062],[2.5579033,48.8849454],[2.5586887,48.8845887]]]]}},{"type":"Feature","properties":{"id":"93048","nom":"MONTREUIL","created":"2005-06-01","updated":"2026-01-23","code_commune":"93048"},"geometry":{"type":"MultiPolygon","coordinates":[[[[2.4293035,48.8487447],[2.4295644,48.8510451],[2.4315308,48.8509278],[2.4325167,48.8511595],[2.4345755,48.8508199],[2.4348303,48.8523709],[2.435232,48.8533677],[2.4373417,48.8528183],[2.4376474,48.8532214],[2.4388226,48.8530201],[2.4425529,48.8528978],[2.443309,48.8525657],[2.4424806,48.851896],[2.4430325,48.8517817],[2.4446226,48.8518048],[2.4471637,48.8511593],[2.4479036,48.852352],[2.4475461,48.8525163],[2.4487731,48.8534247],[2.4535943,48.8553276],[2.4577228,48.8559562],[2.4674103,48.8566153],[2.46696,48.8583722],[2.4670653,48.8594107],[2.4668514,48.8599138],[2.4666335,48.8598062],[2.4665553,48.860176],[2.4665889,48.8600232],[2.4681212,48.860621],[2.4698019,48.8607333],[2.4733756,48.8601947],[2.4752253,48.8602016],[2.4764877,48.8604714],[2.4783592,48.8601082],[2.4808201,48.8600686],[2.482614,48.8635407],[2.4826888,48.8639997],[2.4821747,48.8670606],[2.4812001,48.8672873],[2.4805951,48.8670796],[2.4797045,48.8677695],[2.4808648,48.868918],[2.4795661,48.8691924],[2.4794307,48.8687174],[2.4790626,48.8684355],[2.4770604,48.8681782],[2.4747103,48.8674019],[2.4740633,48.867329],[2.4722306,48.8674794],[2.4718786,48.8688844],[2.4708351,48.8695033],[2.4710158,48.8703094],[2.4702101,48.8742873],[2.4698277,48.8747166],[2.4674082,48.8763292],[2.4683353,48.8772304],[2.4630795,48.8784799],[2.4628706,48.8781806],[2.4593013,48.8784783],[2.4591482,48.8787742],[2.4549543,48.8783088],[2.4517744,48.8785214],[2.4512898,48.87713],[2.4493849,48.8769726],[2.4468007,48.8732243],[2.4453091,48.8723238],[2.4436932,48.8719003],[2.4422716,48.8718499],[2.4423192,48.8717485],[2.4399117,48.8714192],[2.4382366,48.871381],[2.4380722,48.8718634],[2.4384007,48.8718474],[2.4354136,48.8746155],[2.4348528,48.8744078],[2.433941,48.873918],[2.4324001,48.8717295],[2.4302058,48.8706744],[2.4305461,48.8701465],[2.4302956,48.8692564],[2.4289484,48.8683072],[2.4293639,48.8682283],[2.4289456,48.8679441],[2.429541,48.8675606],[2.4289129,48.8669345],[2.4278556,48.8664184],[2.4287503,48.8635986],[2.4238963,48.86269],[2.4240386,48.8620512],[2.4229572,48.8617598],[2.4224888,48.8608583],[2.4229717,48.8605479],[2.4234373,48.8597614],[2.4234032,48.8572881],[2.4175201,48.8561269],[2.415304,48.8551825],[2.416352,48.8492384],[2.4189265,48.8493957],[2.4293035,48.8487447]]]]}},{"type":"Feature","properties":{"id":"93049","nom":"NEUILLY PLAISANCE","created":"2007-12-10","updated":"2026-03-31","code_commune":"93049"},"geometry":{"type":"MultiPolygon","coordinates":[[[[2.5136733,48.8501491],[2.5148742,48.8510885],[2.5154388,48.8513051],[2.5178172,48.8518518],[2.520966,48.8522302],[2.5200856,48.8540537],[2.5164232,48.8533114],[2.5163019,48.8535382],[2.5160751,48.856272],[2.5169299,48.8562566],[2.517338,48.8580112],[2.5178647,48.8579377],[2.5184099,48.8594482],[2.5191603,48.8593277],[2.5193438,48.8603928],[2.5196281,48.8603797],[2.5196501,48.8610789],[2.5193148,48.8610634],[2.5192177,48.8618854],[2.5189252,48.8618604],[2.518517,48.8645491],[2.5182026,48.8646951],[2.5177065,48.8656113],[2.5162339,48.8674111],[2.5187386,48.8681294],[2.519578,48.8688231],[2.5207919,48.8694874],[2.5228659,48.871096],[2.5228855,48.8713135],[2.5241541,48.8725317],[2.524422,48.8732323],[2.5234321,48.8733858],[2.5232885,48.8731298],[2.5226486,48.8732428],[2.5227447,48.8736455],[2.522291,48.873743],[2.5222143,48.8736346],[2.5218712,48.8736893],[2.5217935,48.8734367],[2.5210085,48.8734926],[2.5210996,48.8738032],[2.5204778,48.8745806],[2.5199479,48.8743808],[2.5184501,48.8743978],[2.5180022,48.8744894],[2.5183149,48.8749957],[2.5161607,48.8751921],[2.5149852,48.8749118],[2.5129138,48.8756692],[2.5131624,48.8760127],[2.5117324,48.8764989],[2.5121195,48.8766603],[2.5093876,48.878041],[2.507797,48.8760813],[2.5057673,48.8729153],[2.5061769,48.8727833],[2.5057707,48.872129],[2.5044146,48.872504],[2.5032325,48.8730702],[2.5009308,48.8729524],[2.5012327,48.8706926],[2.5009779,48.8702297],[2.5012328,48.8681217],[2.5009329,48.8669782],[2.4997335,48.8651458],[2.4993273,48.8635085],[2.4973303,48.8604076],[2.4960933,48.8606565],[2.4971326,48.8591875],[2.4950492,48.8588516],[2.4951679,48.8583791],[2.4968547,48.8557269],[2.4974559,48.8560279],[2.4993174,48.8565439],[2.5000044,48.8557386],[2.5032188,48.8571836],[2.5047788,48.8572946],[2.5054102,48.8571995],[2.5065317,48.8554749],[2.5073147,48.8546068],[2.508076,48.8541147],[2.5085316,48.8534394],[2.511313,48.8525049],[2.5121111,48.8524315],[2.5134295,48.8513333],[2.5131994,48.8503036],[2.5136733,48.8501491]]]]}},{"type":"Feature","properties":{"id":"93050","nom":"NEUILLY SUR MARNE","created":"2007-09-10","updated":"2026-01-15","code_commune":"93050"},"geometry":{"type":"MultiPolygon","coordinates":[[[[2.5209514,48.8522352],[2.5224653,48.8523583],[2.5223987,48.8527476],[2.5226047,48.8523696],[2.526861,48.8526601],[2.5293945,48.8529699],[2.5326047,48.8535768],[2.5344572,48.8536582],[2.5357344,48.8536418],[2.539717,48.8529775],[2.5410661,48.8529305],[2.5427486,48.853327],[2.544622,48.8541974],[2.5463176,48.8544385],[2.551791,48.8545967],[2.5546408,48.8544614],[2.5575988,48.8540505],[2.5604199,48.8538568],[2.5629087,48.8541143],[2.5643725,48.8547257],[2.5669477,48.8553065],[2.5673722,48.8555236],[2.5677149,48.8559844],[2.5677096,48.856739],[2.5667092,48.8583892],[2.5658732,48.8607556],[2.565523,48.8612629],[2.5646536,48.8617247],[2.5644307,48.8620067],[2.5643598,48.8624063],[2.5645884,48.8628569],[2.5642017,48.8645971],[2.5660186,48.8651568],[2.56667,48.8655537],[2.5675776,48.865687],[2.5675387,48.8658724],[2.5644364,48.8655946],[2.5605219,48.866627],[2.5582782,48.8674294],[2.556725,48.8684479],[2.5552323,48.8697359],[2.5533385,48.8731062],[2.5528085,48.8737933],[2.5519799,48.8744419],[2.547116,48.8721779],[2.5392405,48.8696793],[2.5372659,48.8728151],[2.536881,48.8726387],[2.5353674,48.8744869],[2.5349449,48.8743838],[2.5338929,48.8749837],[2.5334902,48.8747412],[2.5331848,48.8748975],[2.5335774,48.8751478],[2.5312258,48.8766654],[2.5305411,48.8756799],[2.5303004,48.8748264],[2.5296969,48.8738539],[2.5256103,48.8754902],[2.5250677,48.875528],[2.522938,48.875163],[2.5223221,48.8752284],[2.5204733,48.8745853],[2.521094,48.873799],[2.5210079,48.8734933],[2.5217904,48.8734347],[2.5218675,48.8736857],[2.5222119,48.873633],[2.5222494,48.8737442],[2.522745,48.8736375],[2.5226512,48.8732367],[2.523296,48.8731248],[2.5234338,48.8733794],[2.5244165,48.8732455],[2.5241661,48.872524],[2.5218611,48.8702582],[2.5187574,48.8681287],[2.5162079,48.8673953],[2.5175969,48.86574],[2.5182052,48.8646636],[2.5184708,48.8645491],[2.5189089,48.8618514],[2.5192028,48.8618769],[2.5192911,48.8610616],[2.5196274,48.861071],[2.5196008,48.8603719],[2.5193317,48.8603878],[2.5191319,48.8593233],[2.5183764,48.8594377],[2.517852,48.8579288],[2.5173411,48.8580099],[2.516933,48.8562561],[2.5160704,48.8562575],[2.5162981,48.8535403],[2.5164189,48.8533054],[2.5200785,48.8540529],[2.5209514,48.8522352]]]]}},{"type":"Feature","properties":{"id":"93051","nom":"NOISY LE GRAND","created":"2003-11-27","updated":"2026-02-02","code_commune":"93051"},"geometry":{"type":"MultiPolygon","coordinates":[[[[2.5917932,48.8072417],[2.5928598,48.8076677],[2.5947243,48.8089324],[2.5957957,48.8098918],[2.5962661,48.8111603],[2.5956162,48.813752],[2.5957805,48.8143789],[2.59498,48.8169468],[2.595165,48.8175691],[2.5945199,48.8200865],[2.5946453,48.8210414],[2.5937684,48.8223893],[2.5923277,48.8237675],[2.5925794,48.8253677],[2.5923805,48.8266954],[2.591231,48.8276746],[2.5897744,48.8264688],[2.5883005,48.8259359],[2.5875984,48.8253655],[2.5872783,48.8254139],[2.5869732,48.8264823],[2.5857829,48.8284953],[2.5856326,48.8292265],[2.5856988,48.8301633],[2.5860169,48.83059],[2.5865848,48.8326049],[2.5873087,48.8335422],[2.5741682,48.8534029],[2.5697319,48.8580632],[2.5671329,48.8575785],[2.5677537,48.8565636],[2.5674362,48.8555298],[2.5666732,48.8552215],[2.5643623,48.8547161],[2.5629992,48.8541349],[2.5621839,48.8539568],[2.560478,48.8538531],[2.558471,48.8539698],[2.5545407,48.8544654],[2.5515959,48.8545897],[2.5463863,48.8544242],[2.5438648,48.8540148],[2.5420883,48.8532657],[2.5409127,48.8530143],[2.5393004,48.8530289],[2.5358265,48.8536365],[2.5328974,48.8535961],[2.5280808,48.8527679],[2.5182402,48.8519101],[2.5155314,48.8512657],[2.519057,48.8479662],[2.5198247,48.8482925],[2.5201187,48.8481966],[2.5231,48.8488465],[2.523285,48.8486796],[2.5236443,48.8487894],[2.5236908,48.8489969],[2.524659,48.8491244],[2.5287595,48.8435875],[2.5345403,48.8453411],[2.5355077,48.8436579],[2.5356224,48.8429506],[2.5376144,48.8414216],[2.5373732,48.8411099],[2.5383932,48.8405673],[2.5393642,48.8397657],[2.5402812,48.839809],[2.540809,48.8393775],[2.5398995,48.8390445],[2.5366509,48.8385054],[2.5381071,48.8367629],[2.544094,48.8349645],[2.54456,48.8352293],[2.547348,48.8360782],[2.547464,48.83417],[2.5491941,48.8350737],[2.5527084,48.8324054],[2.5533869,48.8326894],[2.5553976,48.8310636],[2.5567712,48.831643],[2.5580607,48.8300875],[2.5605892,48.8289089],[2.5613446,48.8265119],[2.5686834,48.8244376],[2.5691074,48.8240765],[2.5724191,48.8235846],[2.5710285,48.8226462],[2.5687344,48.8182013],[2.5698453,48.8168019],[2.570118,48.8150607],[2.5716506,48.8142778],[2.5744617,48.8136524],[2.5741278,48.8129033],[2.5782004,48.8118298],[2.5813184,48.8102626],[2.587106,48.8090761],[2.5901286,48.8087744],[2.5917932,48.8072417]]]]}},{"type":"Feature","properties":{"id":"93053","nom":"NOISY LE SEC","created":"2007-09-18","updated":"2026-02-04","code_commune":"93053"},"geometry":{"type":"MultiPolygon","coordinates":[[[[2.4644954,48.8781409],[2.4648898,48.8780123],[2.4658533,48.8795686],[2.4666524,48.8803995],[2.4665839,48.8813504],[2.466809,48.8817083],[2.4692268,48.8841758],[2.4699545,48.8857275],[2.4703368,48.8868292],[2.4701934,48.8869036],[2.4705765,48.8869987],[2.4709738,48.8868956],[2.4709468,48.8867812],[2.4753337,48.8863216],[2.4766987,48.888769],[2.4713364,48.8890197],[2.4713003,48.8887646],[2.4727673,48.8927799],[2.4744439,48.8951105],[2.4728819,48.8955103],[2.4728262,48.8956622],[2.4746428,48.8981469],[2.4690918,48.8995446],[2.4695884,48.9011993],[2.4706681,48.9029273],[2.4705879,48.9038894],[2.4699396,48.9052323],[2.4695069,48.9053041],[2.4649524,48.9052462],[2.4620831,48.9054302],[2.4615765,48.902217],[2.4417327,48.8984465],[2.4389966,48.8932091],[2.4421054,48.8922696],[2.4415853,48.8916437],[2.4424638,48.8912919],[2.4422416,48.8910009],[2.4428709,48.8907578],[2.4427517,48.8905558],[2.4444381,48.8907025],[2.4445007,48.8890045],[2.444973,48.8887259],[2.4448238,48.8884082],[2.4441914,48.8878403],[2.444018,48.8879108],[2.4423624,48.8861437],[2.440401,48.8845935],[2.4408121,48.8840363],[2.4410675,48.884433],[2.4421309,48.883906],[2.44171,48.8834475],[2.443176,48.8828608],[2.4438514,48.8833762],[2.4455802,48.8840788],[2.445288,48.8845484],[2.4462048,48.8850208],[2.4465268,48.8850314],[2.4467425,48.8854672],[2.4477868,48.8860876],[2.4475811,48.8862809],[2.4485268,48.8867858],[2.4487649,48.8865391],[2.4484777,48.8864429],[2.4492941,48.8855906],[2.4499069,48.8858451],[2.4500064,48.8857181],[2.450277,48.8860677],[2.4513096,48.885454],[2.4521733,48.8857569],[2.4521931,48.8850438],[2.4536195,48.8846891],[2.4529971,48.8843629],[2.4541454,48.8843421],[2.4539084,48.8832109],[2.4537231,48.8832099],[2.4521717,48.8813153],[2.4502915,48.8807776],[2.4499625,48.8805503],[2.4498564,48.880247],[2.4503053,48.8795942],[2.4494506,48.8791393],[2.4493866,48.8786756],[2.4549626,48.8783051],[2.4591482,48.878759],[2.4592829,48.8784755],[2.4599877,48.8783848],[2.4628698,48.8781789],[2.4630795,48.8784799],[2.4644954,48.8781409]]]]}},{"type":"Feature","properties":{"id":"93055","nom":"PANTIN","created":"2007-08-13","updated":"2026-03-09","code_commune":"93055"},"geometry":{"type":"MultiPolygon","coordinates":[[[[2.4130066,48.8830786],[2.4145614,48.8834285],[2.415619,48.884188],[2.4169797,48.8844748],[2.4173039,48.8840193],[2.4186662,48.8848218],[2.4202694,48.8867585],[2.4206071,48.8865751],[2.4220584,48.8872715],[2.4224189,48.8876144],[2.4225686,48.8889991],[2.4223839,48.8890402],[2.4238518,48.8906628],[2.4239252,48.8909903],[2.4243029,48.890995],[2.4244107,48.8915592],[2.4241518,48.8916015],[2.4243025,48.8921431],[2.425262,48.8920903],[2.4254315,48.8930732],[2.4266911,48.8929534],[2.4276822,48.8959004],[2.4240015,48.8952255],[2.4243851,48.8967486],[2.4212559,48.9020775],[2.418174,48.9031196],[2.4116222,48.9062295],[2.4146033,48.9089453],[2.4129719,48.9097209],[2.4141536,48.9106497],[2.4136901,48.910865],[2.4149442,48.9111941],[2.4154685,48.9119259],[2.4142634,48.9125077],[2.4139601,48.9130825],[2.41331,48.9136275],[2.4127694,48.9155416],[2.4100945,48.9166098],[2.4090233,48.9173996],[2.4076401,48.9180435],[2.4043915,48.9150128],[2.4052898,48.9145461],[2.4074824,48.9139403],[2.4095545,48.9127301],[2.4092865,48.9127581],[2.4114558,48.9113272],[2.4083489,48.9080886],[2.4060616,48.9085061],[2.4003685,48.9113061],[2.3894297,48.901219],[2.3907176,48.9009742],[2.395536,48.8982419],[2.3977741,48.8946038],[2.3989541,48.8895438],[2.4016633,48.889637],[2.401538,48.8886225],[2.4062189,48.8882833],[2.4091517,48.8887445],[2.4092986,48.8890582],[2.4103398,48.8891177],[2.410121,48.8891145],[2.4101536,48.8872232],[2.4100037,48.887208],[2.4099739,48.8867833],[2.4102409,48.8851748],[2.4105959,48.8846874],[2.4111979,48.8848519],[2.4115491,48.8836755],[2.4114898,48.8831922],[2.4130943,48.8836071],[2.4130066,48.8830786]]]]}},{"type":"Feature","properties":{"id":"93057","nom":"LES PAVILLONS SOUS BOIS","created":"2007-09-12","updated":"2025-10-27","code_commune":"93057"},"geometry":{"type":"MultiPolygon","coordinates":[[[[2.5006607,48.8952039],[2.5021614,48.8967098],[2.5010209,48.8972203],[2.5023093,48.8993047],[2.5045762,48.8991282],[2.5039964,48.8985496],[2.5047958,48.8982006],[2.5051377,48.8985489],[2.5071255,48.8976803],[2.5106904,48.9014276],[2.5114539,48.9020058],[2.5151462,48.9057413],[2.5177061,48.9073948],[2.5176331,48.9084315],[2.5213137,48.9120949],[2.5194823,48.9116376],[2.5101491,48.9102468],[2.5083145,48.9146722],[2.5085098,48.914719],[2.5087182,48.916212],[2.505731,48.9174434],[2.5071753,48.9187448],[2.4919044,48.9169086],[2.4922487,48.915953],[2.4913541,48.9131054],[2.4910397,48.9098936],[2.4904254,48.9090482],[2.4922463,48.9078505],[2.4923287,48.9076051],[2.4901712,48.9072839],[2.4903101,48.9068802],[2.4937718,48.9073178],[2.4936658,48.9056597],[2.4972431,48.9057719],[2.4971221,48.904732],[2.4992845,48.9046869],[2.4993541,48.9048355],[2.4999079,48.9046171],[2.499425,48.9032217],[2.499267,48.9019741],[2.4995018,48.902031],[2.4984452,48.8996016],[2.4971715,48.8996628],[2.496496,48.8983607],[2.496123,48.8982828],[2.4955178,48.8977751],[2.4960928,48.8975279],[2.4956174,48.8967401],[2.500153,48.8957361],[2.5006607,48.8952039]]]]}},{"type":"Feature","properties":{"id":"93061","nom":"LE PRE SAINT GERVAIS","created":"2007-08-20","updated":"2025-11-19","code_commune":"93061"},"geometry":{"type":"MultiPolygon","coordinates":[[[[2.4108372,48.8784237],[2.4119829,48.8787547],[2.411935,48.8800364],[2.4111295,48.8816699],[2.4115568,48.8835223],[2.4112163,48.8848109],[2.4105921,48.8846836],[2.4102579,48.8851279],[2.4100106,48.8861113],[2.4100088,48.8872082],[2.4101525,48.8872259],[2.4099483,48.8891297],[2.4093009,48.8890562],[2.4091486,48.8887456],[2.407384,48.8883771],[2.4060199,48.8882864],[2.4015382,48.8886247],[2.4016676,48.8896412],[2.3989542,48.8895438],[2.3991925,48.8882242],[2.3992144,48.8854169],[2.4001173,48.8838087],[2.4014983,48.8826174],[2.4046294,48.8812271],[2.4093492,48.8802654],[2.4108372,48.8784237]]]]}},{"type":"Feature","properties":{"id":"93062","nom":"LE RAINCY","created":"2007-10-24","updated":"2026-01-30","code_commune":"93062"},"geometry":{"type":"MultiPolygon","coordinates":[[[[2.5161347,48.8876869],[2.5181543,48.8911349],[2.5185122,48.890939],[2.5196648,48.8908107],[2.5205773,48.8917352],[2.5209833,48.891471],[2.5228747,48.8931619],[2.523619,48.8933666],[2.5241271,48.8932263],[2.5260905,48.8918225],[2.5272087,48.8917204],[2.5282419,48.8920793],[2.5304472,48.8922474],[2.5325814,48.8932474],[2.5298188,48.9032036],[2.527677,48.9037321],[2.5259409,48.9038914],[2.5219453,48.9035112],[2.5213035,48.9033123],[2.5208468,48.9035009],[2.5206946,48.9033332],[2.519005,48.9032484],[2.5181821,48.9030422],[2.5164231,48.9028627],[2.5158983,48.9029526],[2.514608,48.902408],[2.5138986,48.9024144],[2.5130406,48.9021574],[2.5119152,48.9014842],[2.5110774,48.9018068],[2.5080686,48.8987151],[2.5078653,48.8983748],[2.507888,48.896728],[2.5076519,48.8957843],[2.5065641,48.892712],[2.50976,48.892161],[2.5113744,48.8904027],[2.5112604,48.8898239],[2.5116688,48.8896946],[2.5115746,48.8895031],[2.5136911,48.8887967],[2.5161347,48.8876869]]]]}},{"type":"Feature","properties":{"id":"93063","nom":"ROMAINVILLE","created":"2004-09-06","updated":"2026-01-26","code_commune":"93063"},"geometry":{"type":"MultiPolygon","coordinates":[[[[2.4385971,48.8713076],[2.4439639,48.8719918],[2.44534,48.8723419],[2.4468134,48.8732521],[2.4493709,48.8769219],[2.4497766,48.8768567],[2.4512888,48.8771292],[2.4517763,48.8785159],[2.4493834,48.8786795],[2.4494697,48.8791653],[2.4503052,48.8796096],[2.4498887,48.8802123],[2.4499357,48.8805002],[2.4502975,48.8807742],[2.4521739,48.8813169],[2.4537317,48.8832107],[2.4539222,48.8832134],[2.4540901,48.8836577],[2.4541522,48.8843464],[2.4530048,48.8843646],[2.453619,48.8846888],[2.4521952,48.885045],[2.4521762,48.8857568],[2.4513142,48.8854554],[2.4502837,48.8860721],[2.4500085,48.885716],[2.4499005,48.8858405],[2.4492951,48.8855909],[2.4484804,48.8864457],[2.4487644,48.8865397],[2.4485294,48.8867879],[2.4475764,48.8862873],[2.4477813,48.8860902],[2.4469131,48.8856117],[2.4465267,48.8852606],[2.4465314,48.8850338],[2.4462004,48.8850205],[2.4452861,48.8845606],[2.4455774,48.8840829],[2.4436994,48.883301],[2.4431746,48.8828615],[2.4417132,48.8834518],[2.4421294,48.8839064],[2.4410671,48.8844347],[2.4408114,48.8840611],[2.4404166,48.8846013],[2.4423456,48.8861302],[2.4440185,48.8879116],[2.4441981,48.8878471],[2.4448251,48.888413],[2.4449702,48.8887265],[2.4444953,48.8890059],[2.4444314,48.8907632],[2.4427597,48.8905613],[2.4428758,48.8907564],[2.4422475,48.8909997],[2.4424642,48.8912912],[2.4415909,48.8916434],[2.4421081,48.8922708],[2.4390098,48.8932011],[2.4417242,48.8984393],[2.4365259,48.897501],[2.4365601,48.8974044],[2.4363631,48.8974693],[2.4276756,48.8958932],[2.4266962,48.8929741],[2.4254347,48.8930775],[2.4252626,48.8920906],[2.4243024,48.8921431],[2.4241537,48.8916029],[2.4244122,48.8915616],[2.4242987,48.8909959],[2.4246305,48.890575],[2.4250493,48.8906388],[2.4256406,48.8901042],[2.4256623,48.8898423],[2.4269011,48.8896153],[2.4266033,48.8886898],[2.4267305,48.8886055],[2.4264456,48.8883194],[2.426805,48.8871267],[2.4276734,48.8859607],[2.426959,48.8860499],[2.4244337,48.8830648],[2.425632,48.8827603],[2.4269077,48.8832041],[2.4290847,48.8826037],[2.4284245,48.8802263],[2.4307493,48.8806539],[2.4299307,48.8798974],[2.4297867,48.8782989],[2.4329068,48.8789913],[2.4341344,48.8783712],[2.4370559,48.8772919],[2.4365839,48.8764746],[2.4362662,48.8747887],[2.4354091,48.8746178],[2.4384012,48.8718494],[2.4380697,48.8718662],[2.4382345,48.8713807],[2.4385971,48.8713076]]]]}},{"type":"Feature","properties":{"id":"93064","nom":"ROSNY SOUS BOIS","created":"2007-10-02","updated":"2026-01-14","code_commune":"93064"},"geometry":{"type":"MultiPolygon","coordinates":[[[[2.4914488,48.8598165],[2.4915565,48.8595303],[2.4923202,48.8599446],[2.4941935,48.860548],[2.494396,48.8602254],[2.4962311,48.8606912],[2.4973248,48.8604115],[2.4993205,48.8634844],[2.4997453,48.8651237],[2.5005874,48.8663123],[2.5011755,48.8677192],[2.5009864,48.8701912],[2.5012407,48.8706594],[2.5009544,48.8729376],[2.5032366,48.8730541],[2.5044017,48.8724987],[2.5057644,48.8721199],[2.5061801,48.8727791],[2.505783,48.8729041],[2.5078246,48.8761274],[2.5094288,48.8780539],[2.5056793,48.8793018],[2.5041357,48.8773071],[2.50166,48.8781018],[2.5015501,48.8776766],[2.5007861,48.8771069],[2.4989073,48.8775188],[2.4973516,48.8784077],[2.4967714,48.879544],[2.4938353,48.8826254],[2.495586,48.8829034],[2.4944809,48.8849301],[2.4953395,48.8848196],[2.4954548,48.8851249],[2.4920363,48.8860015],[2.4808403,48.8880711],[2.4778099,48.8890905],[2.4774315,48.888802],[2.4766955,48.8887767],[2.475341,48.8863206],[2.4703464,48.8868289],[2.4694668,48.884565],[2.4668373,48.8817532],[2.466617,48.881331],[2.4666659,48.8804251],[2.4658503,48.8795652],[2.4649191,48.8780856],[2.4683386,48.8772294],[2.4674126,48.8763257],[2.4701884,48.8743462],[2.4710354,48.8702063],[2.4708342,48.8694979],[2.4718902,48.868882],[2.4722292,48.8674718],[2.4745368,48.8673711],[2.4770456,48.8681744],[2.4790616,48.8684261],[2.4794126,48.8686674],[2.4795608,48.8691887],[2.4808617,48.8689196],[2.479703,48.8677667],[2.4806167,48.8670588],[2.4812032,48.8672858],[2.4821705,48.8670584],[2.4826822,48.8645503],[2.4826143,48.8635509],[2.4816375,48.8615884],[2.4867662,48.8606013],[2.4886181,48.8608279],[2.4886915,48.8605566],[2.4909794,48.8607973],[2.4914488,48.8598165]]]]}},{"type":"Feature","properties":{"id":"93066","nom":"SAINT DENIS","created":"2006-04-19","updated":"2026-01-30","code_commune":"93066"},"geometry":{"type":"MultiPolygon","coordinates":[[[[2.3518745,48.9024082],[2.3520535,48.901487],[2.3656324,48.9017648],[2.3660232,48.9067289],[2.3656777,48.9092588],[2.3666994,48.9153647],[2.3664088,48.9153837],[2.3663527,48.9178751],[2.3669843,48.9178395],[2.3668726,48.9209915],[2.366547,48.9209706],[2.3661379,48.9214591],[2.3676199,48.9220738],[2.3666979,48.9235564],[2.36831,48.9244501],[2.3695705,48.9235421],[2.3719938,48.9224577],[2.3726137,48.9230734],[2.3732805,48.9234078],[2.3747615,48.9237684],[2.3746817,48.9238545],[2.3778402,48.925371],[2.3750737,48.9276658],[2.3776414,48.93178],[2.3805643,48.9314121],[2.3824616,48.9307457],[2.3839313,48.93252],[2.3833453,48.9328847],[2.3851759,48.9404845],[2.3858847,48.9408605],[2.3874868,48.9412733],[2.3873199,48.9423213],[2.3898051,48.9426884],[2.3935079,48.9440361],[2.3945382,48.9447154],[2.3952016,48.9449049],[2.3951695,48.9450239],[2.3956908,48.9452098],[2.3968115,48.9462112],[2.3967259,48.9463577],[2.3971556,48.9465955],[2.3975042,48.9473804],[2.3976952,48.947346],[2.3980675,48.947796],[2.3981316,48.9481555],[2.3974419,48.9486327],[2.3981375,48.9489337],[2.3976703,48.9494677],[2.3972055,48.9496587],[2.3969178,48.9494483],[2.3960391,48.9492349],[2.3954973,48.9493885],[2.3951869,48.9487986],[2.3948934,48.9487679],[2.3946388,48.9484299],[2.3942774,48.9483816],[2.3937398,48.947938],[2.3910729,48.9470355],[2.3898182,48.9467907],[2.3897177,48.9465563],[2.3901512,48.9457998],[2.3900423,48.9454462],[2.3878129,48.9448245],[2.3876105,48.9445743],[2.3861154,48.9439223],[2.3858291,48.9440474],[2.3857031,48.9438718],[2.3848306,48.9438465],[2.3847884,48.9436967],[2.3844497,48.9438285],[2.3836779,48.9434723],[2.3821424,48.9454417],[2.379529,48.944874],[2.3778125,48.9448754],[2.3769309,48.9446973],[2.3757634,48.9462164],[2.3752186,48.9476295],[2.3716829,48.9469681],[2.3691875,48.9523232],[2.3678054,48.9541614],[2.3654575,48.9588279],[2.3688095,48.9589405],[2.3689967,48.9601425],[2.3732941,48.9600966],[2.3731191,48.9607616],[2.3737651,48.9674846],[2.375716,48.9720603],[2.3727172,48.9723438],[2.3688358,48.973027],[2.3657919,48.9740404],[2.3652662,48.973027],[2.3615727,48.9740011],[2.3606499,48.9728356],[2.3601397,48.9724954],[2.3589667,48.9729399],[2.356393,48.9691307],[2.3569831,48.9688401],[2.3547458,48.966903],[2.3539641,48.965743],[2.3536577,48.9658412],[2.3534418,48.9656097],[2.3535684,48.9651829],[2.3545616,48.9646303],[2.3529891,48.963444],[2.3536109,48.9631147],[2.3530263,48.9627264],[2.3535589,48.9624006],[2.3524058,48.9616856],[2.352436,48.960974],[2.3532152,48.960716],[2.3528731,48.9603396],[2.3548942,48.9596534],[2.3530199,48.9569608],[2.3535267,48.9567909],[2.3536599,48.9539637],[2.3504619,48.9486361],[2.3479854,48.9471651],[2.3447221,48.9458707],[2.3441972,48.9462248],[2.3445843,48.9465671],[2.3393832,48.9476321],[2.3379567,48.9466802],[2.3376068,48.94612],[2.3377624,48.9459656],[2.3367509,48.9449694],[2.3375044,48.94472],[2.3379165,48.9449691],[2.3385518,48.9447323],[2.3392133,48.945369],[2.3408081,48.9442576],[2.3383669,48.9426318],[2.3399991,48.940334],[2.3411172,48.9378282],[2.3417953,48.9358558],[2.3415453,48.9338308],[2.3410916,48.9319035],[2.3399456,48.9299775],[2.3332379,48.9231827],[2.3368315,48.9210977],[2.3372704,48.9209948],[2.3371958,48.9208976],[2.3399785,48.919595],[2.3377922,48.91521],[2.3399455,48.9145718],[2.3445373,48.9140407],[2.345394,48.914023],[2.3470563,48.914382],[2.3483945,48.9110061],[2.3503522,48.9110248],[2.3508208,48.9109805],[2.3510139,48.9107796],[2.3513122,48.9102498],[2.3517495,48.9082322],[2.3512455,48.9074543],[2.3514621,48.9044472],[2.3518745,48.9024082]]]]}},{"type":"Feature","properties":{"id":"93070","nom":"SAINT-OUEN-SUR-SEINE","created":"2004-05-05","updated":"2026-01-20","code_commune":"93070"},"geometry":{"type":"MultiPolygon","coordinates":[[[[2.3198865,48.9004573],[2.320387,48.90076],[2.3258772,48.9009506],[2.3520576,48.9014947],[2.3514647,48.9044594],[2.3512453,48.9074479],[2.3517544,48.9082413],[2.3511284,48.9106391],[2.3508144,48.9109785],[2.3484577,48.9110209],[2.3470515,48.9143837],[2.3454866,48.9140324],[2.344581,48.9140332],[2.3398768,48.9145804],[2.3377928,48.9152121],[2.3399787,48.919594],[2.3371476,48.9209233],[2.3372755,48.9209921],[2.336835,48.9210983],[2.3332359,48.9231779],[2.3301829,48.9198369],[2.328432,48.9185063],[2.3243508,48.9169217],[2.3202875,48.9160789],[2.3137751,48.9140145],[2.3165655,48.9102775],[2.3162615,48.9101516],[2.3183775,48.9079771],[2.3179629,48.9078935],[2.3209072,48.9046234],[2.3196149,48.9013134],[2.3198865,48.9004573]]]]}},{"type":"Feature","properties":{"id":"93071","nom":"SEVRAN","created":"2005-12-07","updated":"2026-01-30","code_commune":"93071"},"geometry":{"type":"MultiPolygon","coordinates":[[[[2.5217629,48.9239564],[2.5223638,48.924551],[2.5241825,48.9250118],[2.5235028,48.9257292],[2.524202,48.9260262],[2.5248757,48.9275643],[2.5251961,48.9274994],[2.5253655,48.9278553],[2.5258379,48.927733],[2.5266919,48.9268004],[2.5279245,48.9261697],[2.5293539,48.9260466],[2.5296959,48.9263039],[2.5314391,48.9262048],[2.5318283,48.9272793],[2.5340419,48.9265832],[2.5346132,48.9272509],[2.5366611,48.9258513],[2.5390983,48.9274432],[2.5398689,48.9290898],[2.5407835,48.9297021],[2.5411165,48.9301815],[2.5408394,48.9304976],[2.5420725,48.9312428],[2.5408485,48.931682],[2.5417107,48.9323615],[2.5420843,48.9330488],[2.5434411,48.9335268],[2.5437685,48.9346336],[2.5455969,48.9343069],[2.5460127,48.9340951],[2.5490635,48.9353303],[2.5562306,48.9339488],[2.5569115,48.9341859],[2.5562521,48.9376136],[2.5547954,48.9408382],[2.5547967,48.9416459],[2.5537179,48.9436268],[2.551643,48.944985],[2.5509738,48.9456748],[2.5502326,48.9470967],[2.5479307,48.9468484],[2.5475708,48.9483159],[2.5455883,48.9488001],[2.5448269,48.9493236],[2.5431693,48.9500631],[2.5428486,48.9505673],[2.5383117,48.9515363],[2.5349957,48.9510532],[2.5350703,48.95007],[2.532663,48.9500871],[2.5326102,48.9505969],[2.5310903,48.9505287],[2.5309242,48.9516475],[2.5280864,48.9511572],[2.5279023,48.9514368],[2.525377,48.9505567],[2.5244515,48.9506483],[2.5217804,48.9498286],[2.5199437,48.9494836],[2.5170094,48.9482216],[2.5173188,48.9473735],[2.5170134,48.9469612],[2.5172623,48.946742],[2.5153015,48.9463139],[2.5155443,48.9460392],[2.5151629,48.9456669],[2.5134258,48.9446821],[2.5122013,48.9442494],[2.5098072,48.9422978],[2.5086063,48.9408255],[2.5082647,48.9403492],[2.509825,48.9401182],[2.5101835,48.9395408],[2.5099304,48.939529],[2.5081705,48.937228],[2.507226,48.9356384],[2.5053524,48.9359834],[2.5052039,48.9350812],[2.5053482,48.9344776],[2.5059771,48.9341183],[2.5089593,48.9337272],[2.5102789,48.9334038],[2.5100427,48.9323559],[2.512708,48.9314346],[2.5144384,48.9303484],[2.5136074,48.9293231],[2.5134125,48.9279389],[2.5145321,48.9273854],[2.5151805,48.9268234],[2.5176839,48.9257093],[2.5176706,48.9254722],[2.5181269,48.925422],[2.5181354,48.9251272],[2.5191146,48.9251108],[2.5217629,48.9239564]]]]}},{"type":"Feature","properties":{"id":"93072","nom":"STAINS","created":"2006-05-02","updated":"2026-04-07","code_commune":"93072"},"geometry":{"type":"MultiPolygon","coordinates":[[[[2.3836779,48.9434723],[2.3844497,48.9438285],[2.3847884,48.9436967],[2.3848306,48.9438465],[2.3857031,48.9438718],[2.3858291,48.9440474],[2.3861154,48.9439223],[2.3876105,48.9445743],[2.3878129,48.9448245],[2.3900423,48.9454462],[2.3901512,48.9457998],[2.3897177,48.9465563],[2.3898182,48.9467907],[2.3910729,48.9470355],[2.3937398,48.947938],[2.3942774,48.9483816],[2.3946388,48.9484299],[2.3948934,48.9487679],[2.3951869,48.9487986],[2.3954973,48.9493885],[2.3960391,48.9492349],[2.3969178,48.9494483],[2.3972055,48.9496587],[2.3976703,48.9494677],[2.3981375,48.9489337],[2.3974419,48.9486327],[2.3981316,48.9481555],[2.3990396,48.9487746],[2.3992876,48.948572],[2.3997073,48.9491719],[2.4006323,48.9497656],[2.4013928,48.9500748],[2.401602,48.9500019],[2.4019469,48.9502373],[2.4021556,48.9501666],[2.4041194,48.9515139],[2.4035633,48.9518858],[2.4029681,48.9517938],[2.4034281,48.9520108],[2.4071019,48.9523444],[2.4080605,48.9531311],[2.4078743,48.9532268],[2.4077631,48.9539324],[2.4079335,48.9542413],[2.4071799,48.9543767],[2.4068949,48.9546305],[2.4073392,48.9560396],[2.4041864,48.9576679],[2.4032933,48.9580227],[2.402563,48.9579472],[2.3988486,48.9596404],[2.3942877,48.9625578],[2.3945754,48.9626493],[2.3931502,48.9636575],[2.3922539,48.9645251],[2.3911348,48.9650909],[2.3909451,48.9649546],[2.3873215,48.9677679],[2.3846202,48.9701226],[2.384469,48.9709671],[2.375716,48.9720603],[2.3737651,48.9674846],[2.3731191,48.9607616],[2.3732941,48.9600966],[2.3689967,48.9601425],[2.3688095,48.9589405],[2.3654575,48.9588279],[2.3678054,48.9541614],[2.3691875,48.9523232],[2.3716829,48.9469681],[2.3752186,48.9476295],[2.3757634,48.9462164],[2.3769309,48.9446973],[2.3778125,48.9448754],[2.379529,48.944874],[2.3821424,48.9454417],[2.3836779,48.9434723]]]]}},{"type":"Feature","properties":{"id":"93073","nom":"TREMBLAY-EN-FRANCE","created":"2009-02-26","updated":"2026-05-15","code_commune":"93073"},"geometry":{"type":"MultiPolygon","coordinates":[[[[2.5772746,48.9363821],[2.5774261,48.9365554],[2.5795707,48.9365319],[2.5807513,48.9368715],[2.5806108,48.9370912],[2.5814715,48.93731],[2.5839881,48.9375518],[2.584571,48.9374161],[2.5857741,48.9375063],[2.5897893,48.9379989],[2.5910794,48.9383061],[2.5923418,48.9382672],[2.5939498,48.9385047],[2.5941497,48.9383178],[2.5944483,48.9386382],[2.5947743,48.938515],[2.5959258,48.9386103],[2.5936321,48.9453091],[2.5938589,48.9462754],[2.5937523,48.9469338],[2.5934903,48.9474508],[2.5923914,48.9484686],[2.5914195,48.9500776],[2.5910986,48.9511124],[2.5892233,48.9540033],[2.5877857,48.9556178],[2.5870987,48.9558609],[2.5861331,48.9567892],[2.5854836,48.9570369],[2.5836102,48.9569851],[2.5822177,48.9580803],[2.5789007,48.9620207],[2.5781383,48.9635213],[2.5764063,48.9647677],[2.5753296,48.9652847],[2.5732462,48.9672364],[2.5695755,48.9711121],[2.5663564,48.9752771],[2.5622317,48.9791393],[2.5638095,48.9806616],[2.5641097,48.9806683],[2.5659374,48.9804365],[2.5686086,48.9805497],[2.5740845,48.9794606],[2.5780251,48.9792603],[2.5790034,48.9794021],[2.576588,48.9841656],[2.5796348,48.9846513],[2.5793651,48.9855602],[2.5813521,48.9859946],[2.5808892,48.9874353],[2.5792803,48.9902107],[2.5812498,48.9905536],[2.5794417,48.9930733],[2.5766242,48.9929647],[2.5793998,48.9931379],[2.5790628,48.9936099],[2.579444,48.9937499],[2.5783943,48.9950162],[2.5782416,48.9949631],[2.577299,48.9971352],[2.5774387,48.9971745],[2.5759602,49.0002796],[2.5715258,48.9998693],[2.571396,49.0007594],[2.5734911,49.0010134],[2.5712962,49.0042414],[2.5690318,49.0037661],[2.5688456,49.0048199],[2.5706529,49.005087],[2.5700695,49.005884],[2.5669824,49.0055719],[2.5669554,49.0057413],[2.5647029,49.0056244],[2.5644959,49.0073123],[2.5666262,49.0074484],[2.5667432,49.0069788],[2.5690967,49.0072019],[2.5707237,49.0077246],[2.5695198,49.0087732],[2.5705929,49.0090706],[2.5702692,49.0092664],[2.5691362,49.0112878],[2.5658895,49.0110261],[2.5655853,49.0123329],[2.5592201,49.0120755],[2.5579375,49.0118984],[2.5553964,49.0109744],[2.5553712,49.0106867],[2.5535349,49.0101093],[2.5531456,49.0082478],[2.5530726,49.0066112],[2.5488617,49.0065594],[2.549096,49.0028684],[2.5479469,49.0028985],[2.5477012,49.0049363],[2.5442451,49.0045627],[2.544113,49.0056078],[2.5414205,49.0053468],[2.5413212,49.0061928],[2.5384088,49.0061137],[2.5384582,49.0051468],[2.5356959,49.00509],[2.5354509,49.0064899],[2.5342731,49.0061707],[2.5321824,49.0050868],[2.530673,49.001704],[2.5297662,49.0018635],[2.5291379,49.0002737],[2.5278004,49.0004285],[2.5255626,48.9974355],[2.5242081,48.9959604],[2.5232082,48.9940606],[2.5228,48.9918988],[2.5204409,48.9921139],[2.5202728,48.9908899],[2.5189175,48.9909094],[2.5191957,48.9877178],[2.5168853,48.9876133],[2.5171201,48.9861045],[2.5122782,48.9859271],[2.5147468,48.9821681],[2.5106957,48.9807687],[2.5109047,48.9804421],[2.5093208,48.9799399],[2.5088406,48.980634],[2.50665,48.9801495],[2.5068603,48.9798177],[2.5048944,48.9788309],[2.503768,48.9795224],[2.5017959,48.9786633],[2.5003427,48.9778803],[2.5022102,48.9766849],[2.5004142,48.9756341],[2.5006863,48.9754609],[2.5022859,48.9755953],[2.5040857,48.9760714],[2.5084097,48.9767669],[2.5141179,48.9765141],[2.5174944,48.9765441],[2.5202102,48.976372],[2.5221608,48.9759097],[2.5258226,48.9766186],[2.527897,48.9733283],[2.5311792,48.9696749],[2.5319819,48.9666997],[2.5322243,48.9669331],[2.5330099,48.9656318],[2.5334636,48.9654718],[2.5350017,48.965779],[2.5361901,48.965785],[2.5362451,48.9660395],[2.5365099,48.9660483],[2.5365617,48.9664126],[2.5373293,48.9665269],[2.5375909,48.9672417],[2.5379612,48.9672842],[2.5380658,48.9671394],[2.5391353,48.9675109],[2.5394448,48.9680049],[2.5406922,48.9685173],[2.543235,48.9671769],[2.5500851,48.9712503],[2.5533576,48.9691411],[2.5575749,48.9655282],[2.5587257,48.9638927],[2.5593016,48.9617551],[2.5622097,48.9589304],[2.5619092,48.958469],[2.5630572,48.9573199],[2.5644588,48.9554596],[2.5640093,48.953866],[2.5630085,48.9527408],[2.5623603,48.9515624],[2.5635112,48.9481275],[2.5647861,48.9473556],[2.5653199,48.9467775],[2.5656524,48.9458745],[2.5660877,48.945329],[2.56736,48.945034],[2.5680577,48.9447043],[2.5702757,48.9411787],[2.5708064,48.9399319],[2.571367,48.9392872],[2.5725903,48.938829],[2.5742643,48.9375899],[2.574339,48.9368412],[2.5758305,48.9369256],[2.5772746,48.9363821]]]]}},{"type":"Feature","properties":{"id":"93074","nom":"VAUJOURS","created":"2005-12-12","updated":"2026-05-11","code_commune":"93074"},"geometry":{"type":"MultiPolygon","coordinates":[[[[2.5722645,48.9243481],[2.5724554,48.9249526],[2.5721602,48.925786],[2.5751322,48.925947],[2.5764669,48.9272816],[2.5787268,48.927316],[2.579681,48.9274654],[2.5818635,48.9267514],[2.5823248,48.9267978],[2.5819157,48.9274388],[2.5857031,48.9273762],[2.5870507,48.9274905],[2.5887843,48.9279971],[2.5905934,48.9281186],[2.5908128,48.927838],[2.592112,48.9273448],[2.5925127,48.9269549],[2.5926044,48.9264759],[2.5921446,48.9251695],[2.5927106,48.9250696],[2.5943107,48.9256567],[2.5963057,48.9258618],[2.5975756,48.9268235],[2.5976971,48.9277575],[2.5995485,48.9281179],[2.601529,48.9290544],[2.6027136,48.9293711],[2.60238,48.9303648],[2.6029147,48.931216],[2.6024163,48.9325624],[2.60219,48.9339547],[2.6023509,48.93548],[2.6033215,48.937732],[2.6015125,48.9377925],[2.6016251,48.9384565],[2.5977331,48.9380543],[2.5977291,48.938826],[2.5947803,48.9385183],[2.5944582,48.9386455],[2.5941591,48.9383202],[2.5939616,48.9385113],[2.5922827,48.9382652],[2.5910062,48.9382797],[2.5897176,48.9379773],[2.5858273,48.9375066],[2.584585,48.9374113],[2.5840762,48.9375511],[2.5814214,48.9372894],[2.5806904,48.9371055],[2.5807638,48.9368715],[2.57961,48.9365374],[2.577408,48.9365658],[2.5772652,48.9363889],[2.5758331,48.9369301],[2.5743206,48.9368337],[2.5740074,48.9377996],[2.5723759,48.9389562],[2.5712698,48.9393775],[2.5709753,48.9397082],[2.5702527,48.9412176],[2.5689166,48.9432725],[2.5663449,48.9426185],[2.5687895,48.9382507],[2.5684693,48.937012],[2.5616049,48.9353742],[2.5610881,48.9362981],[2.5567708,48.9352569],[2.5569782,48.9341856],[2.5574521,48.9342045],[2.5575871,48.9336724],[2.558673,48.9336119],[2.5599308,48.9337697],[2.5606402,48.9330867],[2.5614342,48.933448],[2.5615547,48.9333703],[2.56159,48.9328703],[2.5632013,48.9317869],[2.5637185,48.9309915],[2.5642798,48.9298208],[2.5645376,48.9280008],[2.5652763,48.9271709],[2.5656525,48.9257298],[2.567397,48.924445],[2.5722645,48.9243481]]]]}},{"type":"Feature","properties":{"id":"93077","nom":"VILLEMOMBLE","created":"2008-02-14","updated":"2026-01-12","code_commune":"93077"},"geometry":{"type":"MultiPolygon","coordinates":[[[[2.5296958,48.8738534],[2.5300482,48.8743781],[2.5285534,48.8789347],[2.5265329,48.8796098],[2.5272241,48.8797275],[2.52766,48.8800743],[2.5269602,48.8805191],[2.5270964,48.8807715],[2.5257552,48.881943],[2.525787,48.8829316],[2.5252086,48.8829225],[2.5249737,48.8839343],[2.5221249,48.8873214],[2.5181516,48.8911358],[2.5161315,48.8877003],[2.5136979,48.8887976],[2.5112521,48.8895729],[2.5113726,48.8904073],[2.5097676,48.8921654],[2.5065936,48.8927031],[2.5078973,48.8967348],[2.5079591,48.8985114],[2.5071252,48.8976796],[2.5051386,48.898548],[2.5047903,48.8982039],[2.504,48.8985449],[2.504575,48.8991287],[2.5023039,48.8993052],[2.5010201,48.8972185],[2.5021597,48.8967154],[2.5006573,48.8952072],[2.5001398,48.8957241],[2.4978333,48.8926229],[2.4971504,48.8910696],[2.4982182,48.8909194],[2.4980817,48.8900791],[2.4976448,48.8901225],[2.4962461,48.8894611],[2.4955032,48.8893232],[2.4918849,48.8902756],[2.4910567,48.8909045],[2.4898673,48.8883352],[2.4873549,48.8884565],[2.48696,48.8869641],[2.4920331,48.8860057],[2.4954622,48.8851196],[2.495333,48.8848202],[2.4944783,48.8849302],[2.4955808,48.8828974],[2.4938413,48.8826254],[2.4967696,48.8795462],[2.4973396,48.878431],[2.498655,48.8776519],[2.5007905,48.8771057],[2.5015509,48.8776757],[2.5016618,48.8780982],[2.5041396,48.8773013],[2.5056765,48.8793075],[2.5094237,48.878051],[2.5121121,48.8766622],[2.5117196,48.8764972],[2.5131531,48.8760151],[2.5128967,48.875664],[2.5149882,48.8749026],[2.5161413,48.8751836],[2.5182967,48.8749894],[2.5179879,48.8744847],[2.5199753,48.8743728],[2.5221164,48.8751858],[2.5237013,48.8752476],[2.5252654,48.8755306],[2.5260159,48.8754027],[2.5296958,48.8738534]]]]}},{"type":"Feature","properties":{"id":"93078","nom":"VILLEPINTE","created":"2004-09-20","updated":"2026-01-12","code_commune":"93078"},"geometry":{"type":"MultiPolygon","coordinates":[[[[2.5567193,48.9352614],[2.5610704,48.9363119],[2.561587,48.9353846],[2.5684079,48.9370118],[2.5687172,48.9383254],[2.5663236,48.9426487],[2.5689037,48.9432987],[2.5680662,48.944732],[2.5682358,48.944803],[2.5661205,48.9452905],[2.5656361,48.9459058],[2.5655341,48.9465434],[2.5647159,48.9473887],[2.5634191,48.948222],[2.5623661,48.9515741],[2.5629981,48.9527207],[2.5640654,48.9540115],[2.5644697,48.9553981],[2.564166,48.9559087],[2.5619109,48.9584465],[2.5621881,48.9589442],[2.5593399,48.9616995],[2.5585397,48.964312],[2.5578089,48.9652603],[2.553335,48.9691504],[2.5521138,48.9700215],[2.5501298,48.9712768],[2.5432451,48.9671827],[2.540665,48.9685191],[2.5404357,48.9683041],[2.539463,48.9679875],[2.5391257,48.9674697],[2.5380826,48.967111],[2.5379864,48.9672648],[2.5376355,48.9672261],[2.5374459,48.966653],[2.5364965,48.9663364],[2.5365235,48.9660528],[2.5362456,48.9660487],[2.5361936,48.9657705],[2.5350711,48.9657714],[2.5334379,48.965459],[2.5330174,48.9656333],[2.5322315,48.966921],[2.5319766,48.9666512],[2.5311218,48.9697673],[2.5277687,48.9735183],[2.525789,48.9766238],[2.5221565,48.9759042],[2.5202655,48.9763629],[2.5083962,48.9767631],[2.5043438,48.9761125],[2.5023307,48.9756055],[2.4976627,48.975043],[2.4958156,48.9750519],[2.4978957,48.9739566],[2.496153,48.972663],[2.498096,48.9713349],[2.5049449,48.9657413],[2.5051872,48.9658183],[2.5077643,48.9646433],[2.5122204,48.9613775],[2.5126319,48.9615223],[2.5152419,48.9586021],[2.5146566,48.9583652],[2.5186722,48.955499],[2.5189005,48.9556433],[2.5200047,48.9549619],[2.5218809,48.9535103],[2.522709,48.9526591],[2.5220282,48.9522697],[2.5227957,48.9514401],[2.5241116,48.9505468],[2.5244785,48.9506495],[2.5253909,48.9505499],[2.5279082,48.9514314],[2.5280996,48.9511533],[2.5309216,48.9516452],[2.5310873,48.950528],[2.5326084,48.9505974],[2.5326652,48.9500819],[2.5350672,48.9500709],[2.5349953,48.9510567],[2.5383206,48.951539],[2.5428548,48.9505601],[2.5431291,48.9500916],[2.5447806,48.9493446],[2.5454023,48.9488874],[2.5475708,48.9483233],[2.547931,48.9468409],[2.5502278,48.9470986],[2.5509891,48.9456627],[2.5516581,48.9449838],[2.5537146,48.9436285],[2.5547803,48.9416461],[2.5547872,48.9408399],[2.5562583,48.9376133],[2.5567193,48.9352614]]]]}},{"type":"Feature","properties":{"id":"93079","nom":"VILLETANEUSE","created":"2006-05-09","updated":"2025-12-31","code_commune":"93079"},"geometry":{"type":"MultiPolygon","coordinates":[[[[2.3460481,48.9463972],[2.3479854,48.9471651],[2.3504619,48.9486361],[2.3536599,48.9539637],[2.3535267,48.9567909],[2.3530199,48.9569608],[2.3548942,48.9596534],[2.3528731,48.9603396],[2.3532152,48.960716],[2.352436,48.960974],[2.3524058,48.9616856],[2.3535589,48.9624006],[2.3530263,48.9627264],[2.3536109,48.9631147],[2.3529891,48.963444],[2.3545616,48.9646303],[2.3535684,48.9651829],[2.3534437,48.9656127],[2.352486,48.9658072],[2.3516542,48.9662616],[2.3516319,48.9665811],[2.3504668,48.9670337],[2.3494355,48.9673446],[2.3470587,48.9676483],[2.343858,48.9684301],[2.339817,48.9626028],[2.3391403,48.9628745],[2.3389243,48.9627804],[2.3375306,48.9608445],[2.3380889,48.9600818],[2.3377323,48.9595456],[2.3371358,48.9590697],[2.3360818,48.9575447],[2.3342666,48.9560657],[2.3340925,48.9561294],[2.3334585,48.9552586],[2.3373398,48.9526987],[2.3460481,48.9463972]]]]}},{"type":"Feature","properties":{"id":"94001","nom":"ABLON SUR SEINE","created":"2018-05-15","updated":"2026-06-08","code_commune":"94001"},"geometry":{"type":"MultiPolygon","coordinates":[[[[2.4145163,48.7178038],[2.4208823,48.7211365],[2.4238509,48.7222967],[2.4282737,48.7233587],[2.4350393,48.7242287],[2.4341066,48.7266548],[2.4313768,48.7264878],[2.4309644,48.7272567],[2.4299349,48.7270249],[2.429757,48.7273551],[2.4291748,48.7272179],[2.4287959,48.7279281],[2.427614,48.7286146],[2.4272592,48.728351],[2.4266737,48.7286987],[2.4260372,48.72823],[2.4243724,48.72919],[2.4237393,48.7285903],[2.4233175,48.7288878],[2.4227116,48.7289994],[2.4227753,48.7291979],[2.4215673,48.729265],[2.4211029,48.7295247],[2.4202037,48.7289213],[2.4187168,48.7289849],[2.4187039,48.7284695],[2.4171856,48.7284779],[2.4171715,48.7279375],[2.4153853,48.7279279],[2.4154937,48.7266015],[2.4143604,48.7265994],[2.4108847,48.7261327],[2.4111922,48.7229668],[2.4107099,48.7219765],[2.4120599,48.7214803],[2.4122596,48.7219063],[2.4129773,48.7218769],[2.4134314,48.722036],[2.4133731,48.721548],[2.4157453,48.7208864],[2.4146949,48.7197949],[2.4132225,48.7186781],[2.4145163,48.7178038]]]]}},{"type":"Feature","properties":{"id":"94002","nom":"ALFORTVILLE","created":"2018-05-15","updated":"2026-03-13","code_commune":"94002"},"geometry":{"type":"MultiPolygon","coordinates":[[[[2.4282182,48.7761253],[2.4288689,48.7801892],[2.4299982,48.780371],[2.4299088,48.7823561],[2.4306773,48.7824273],[2.4329381,48.78377],[2.4338861,48.7839412],[2.4251981,48.8055398],[2.4242134,48.807311],[2.4229551,48.8090088],[2.4214321,48.8105952],[2.41815,48.8134872],[2.4158856,48.8162984],[2.4145157,48.8162257],[2.4108761,48.8163934],[2.4093818,48.8166283],[2.4100268,48.8159514],[2.4102742,48.8151467],[2.4102085,48.8136336],[2.4088529,48.8085116],[2.4089535,48.8068797],[2.4095202,48.8053974],[2.4103928,48.8042577],[2.415946,48.7995502],[2.4206741,48.7958676],[2.4222497,48.7933157],[2.4228176,48.7912392],[2.4224649,48.7891003],[2.4211379,48.7862931],[2.4168123,48.7798993],[2.4147009,48.7772958],[2.4157434,48.7772035],[2.4162332,48.7776059],[2.4168101,48.7771117],[2.421808,48.7766816],[2.4215482,48.7765991],[2.4282182,48.7761253]]]]}},{"type":"Feature","properties":{"id":"94003","nom":"ARCUEIL","created":"2018-05-15","updated":"2026-01-23","code_commune":"94003"},"geometry":{"type":"MultiPolygon","coordinates":[[[[2.3448091,48.7971487],[2.3452512,48.7968893],[2.3460172,48.7971461],[2.3452276,48.7977955],[2.3470545,48.7983105],[2.3476503,48.7986597],[2.3474068,48.79884],[2.347707,48.7990093],[2.3460168,48.7996235],[2.3477801,48.8015316],[2.3476313,48.8016942],[2.3461807,48.8021285],[2.3463723,48.8023248],[2.3438872,48.8032122],[2.344226,48.8041762],[2.3450199,48.8053606],[2.3425437,48.8066118],[2.3434195,48.8082894],[2.3419637,48.8086381],[2.3423759,48.8096828],[2.3406071,48.8101505],[2.3390257,48.8108001],[2.3402633,48.8124241],[2.3373463,48.8136078],[2.3371351,48.8132914],[2.3366749,48.8135258],[2.3346165,48.8135688],[2.3341481,48.8126646],[2.3327146,48.8129477],[2.3328553,48.8132578],[2.3321527,48.8133971],[2.3320697,48.8132253],[2.3290682,48.8137838],[2.3255316,48.8095543],[2.3218648,48.8096886],[2.3190471,48.8099684],[2.3178684,48.8083956],[2.3183344,48.8060873],[2.3204199,48.8061277],[2.3210257,48.8056876],[2.3217381,48.8059513],[2.3239966,48.8053612],[2.3242754,48.8058594],[2.3244418,48.8058162],[2.3243436,48.8066813],[2.3245363,48.8069957],[2.324789,48.8070149],[2.3247555,48.8076708],[2.3250053,48.8081538],[2.3252482,48.80842],[2.3263679,48.8082945],[2.3259835,48.8067349],[2.3239504,48.8015534],[2.3274908,48.8004129],[2.3281586,48.7997529],[2.3313684,48.7995015],[2.3314455,48.7996738],[2.3329939,48.7993928],[2.3329372,48.7992558],[2.3332458,48.7991899],[2.3337718,48.7984913],[2.3376258,48.7981061],[2.3400165,48.7972961],[2.3410088,48.7988912],[2.3429919,48.7981074],[2.3448091,48.7971487]]]]}},{"type":"Feature","properties":{"id":"94004","nom":"BOISSY ST LEGER","created":"2018-05-15","updated":"2026-05-12","code_commune":"94004"},"geometry":{"type":"MultiPolygon","coordinates":[[[[2.5307843,48.7273906],[2.5364974,48.7281832],[2.5343889,48.7295189],[2.5445761,48.736323],[2.5526504,48.7468272],[2.5433936,48.7487934],[2.5463907,48.7518956],[2.5491794,48.7520625],[2.551238,48.7500038],[2.5549827,48.7536456],[2.5572946,48.753713],[2.5573321,48.7545536],[2.5389909,48.7554398],[2.5372614,48.7544892],[2.5264067,48.7561739],[2.5228683,48.7575272],[2.5166856,48.7613483],[2.5136443,48.760916],[2.5105451,48.7611164],[2.5072952,48.7617734],[2.5068008,48.761418],[2.5058682,48.7615888],[2.505475,48.7611605],[2.499681,48.7631506],[2.4985865,48.7621162],[2.4968765,48.7609314],[2.4929489,48.7592764],[2.4987093,48.7529392],[2.4990153,48.7526272],[2.4992195,48.7526614],[2.5010696,48.750651],[2.5015215,48.7489788],[2.501125,48.7489149],[2.5015358,48.747853],[2.5016051,48.7462188],[2.5026568,48.7464662],[2.5031411,48.7454139],[2.5045173,48.7438322],[2.5085187,48.7456573],[2.5104571,48.7471059],[2.5119196,48.7452269],[2.5116573,48.7448006],[2.5224197,48.7321063],[2.5307843,48.7273906]]]]}},{"type":"Feature","properties":{"id":"94011","nom":"BONNEUIL SUR MARNE","created":"2018-05-15","updated":"2026-06-03","code_commune":"94011"},"geometry":{"type":"MultiPolygon","coordinates":[[[[2.4834452,48.7564312],[2.4858309,48.7575441],[2.4885906,48.7584268],[2.4905419,48.7589661],[2.492496,48.7591702],[2.4931729,48.7593663],[2.4968765,48.7609314],[2.4985865,48.7621162],[2.4995301,48.7630058],[2.4969018,48.7645632],[2.494709,48.7642302],[2.4939151,48.7666531],[2.4941044,48.7679522],[2.495167,48.767882],[2.4953582,48.7692064],[2.4975631,48.7690615],[2.4979683,48.7726707],[2.4974724,48.7731527],[2.4980357,48.7756659],[2.5023386,48.7769603],[2.5023301,48.7785217],[2.504051,48.7785119],[2.5043981,48.778793],[2.5057343,48.7793277],[2.5063491,48.7800101],[2.5073248,48.7802135],[2.5076113,48.780502],[2.5119275,48.781862],[2.5126739,48.7822585],[2.5137557,48.7830216],[2.5144727,48.7838352],[2.5136584,48.7839236],[2.5126708,48.7836644],[2.5121884,48.7838855],[2.5125191,48.7848723],[2.5113486,48.7843593],[2.5100276,48.7841256],[2.5053056,48.784281],[2.4992296,48.7847338],[2.4933011,48.7840972],[2.4870324,48.784161],[2.4802797,48.7855871],[2.4782451,48.7862069],[2.4748502,48.7876228],[2.4731678,48.7871868],[2.4726667,48.7871911],[2.4733308,48.7867764],[2.4738949,48.7860094],[2.4744776,48.7842649],[2.4743904,48.7837749],[2.4748663,48.7834586],[2.4750719,48.7830819],[2.4758825,48.7826745],[2.4768921,48.7810066],[2.4761852,48.7806136],[2.4753826,48.7814294],[2.4726016,48.7799403],[2.4749401,48.7776432],[2.4727964,48.776521],[2.4745953,48.7745718],[2.4721001,48.7730674],[2.4715696,48.772912],[2.4722946,48.7718295],[2.4721153,48.7717585],[2.472345,48.7715207],[2.4720595,48.7714424],[2.473521,48.7700798],[2.4740044,48.7702342],[2.4773855,48.7661014],[2.4748505,48.7653204],[2.4759609,48.7638205],[2.4771156,48.7627985],[2.4735274,48.7617263],[2.4738174,48.7611005],[2.4761444,48.7599479],[2.4766017,48.7595315],[2.4794141,48.7604828],[2.4834452,48.7564312]]]]}},{"type":"Feature","properties":{"id":"94015","nom":"BRY SUR MARNE","created":"2018-05-15","updated":"2026-05-06","code_commune":"94015"},"geometry":{"type":"MultiPolygon","coordinates":[[[[2.5249487,48.8271505],[2.5254914,48.8271941],[2.5264893,48.8288414],[2.5281549,48.8288675],[2.5319038,48.8292614],[2.5336382,48.8317212],[2.5333298,48.8318523],[2.5335983,48.8322706],[2.5352407,48.8343586],[2.5335628,48.8355921],[2.5364449,48.8372897],[2.5356305,48.8382256],[2.537481,48.8387184],[2.5399119,48.8390469],[2.5408091,48.8393774],[2.540273,48.8398223],[2.5393684,48.8398047],[2.5386028,48.8404388],[2.5373971,48.8410498],[2.5376111,48.8414132],[2.5355612,48.8430027],[2.5355116,48.8436422],[2.5345344,48.8453366],[2.5287664,48.8435779],[2.5246731,48.8491207],[2.5236775,48.8489962],[2.523636,48.8487686],[2.5232742,48.8486767],[2.5231089,48.8488477],[2.5201187,48.8481966],[2.5198248,48.8482925],[2.5190555,48.8479653],[2.515525,48.8512961],[2.5144797,48.8508071],[2.5122351,48.8487236],[2.5114686,48.8471533],[2.5112318,48.8453308],[2.5115645,48.8437649],[2.5132555,48.8393697],[2.5138859,48.838697],[2.515855,48.8374976],[2.5169657,48.8362191],[2.5176018,48.8344578],[2.5168632,48.8323795],[2.5161916,48.8314979],[2.5145209,48.8304661],[2.511684,48.8293918],[2.5106095,48.8294284],[2.5083228,48.8302147],[2.5059577,48.8302457],[2.5039903,48.8307508],[2.5042153,48.8303197],[2.5048975,48.8297332],[2.5074634,48.8290989],[2.5078167,48.8289661],[2.5074715,48.8287232],[2.5075388,48.8285655],[2.5105534,48.8276545],[2.515606,48.8285683],[2.5177142,48.8293523],[2.5187325,48.828766],[2.5203765,48.8297651],[2.5213719,48.8290192],[2.5237754,48.8278977],[2.5249487,48.8271505]]]]}},{"type":"Feature","properties":{"id":"94016","nom":"CACHAN","created":"2018-05-15","updated":"2026-06-01","code_commune":"94016"},"geometry":{"type":"MultiPolygon","coordinates":[[[[2.3258334,48.7819416],[2.3264384,48.7812244],[2.3267146,48.7820396],[2.3276434,48.7820559],[2.328382,48.7844334],[2.3343768,48.7843683],[2.3344023,48.7842481],[2.3358498,48.7838297],[2.3354454,48.7833925],[2.337837,48.7827456],[2.3378913,48.7828521],[2.3385695,48.782705],[2.339495,48.7842583],[2.3409279,48.7839236],[2.3430355,48.7884307],[2.343573,48.7911068],[2.3442187,48.7907317],[2.3449409,48.7940684],[2.3449306,48.7952623],[2.3445698,48.7964624],[2.3437805,48.7976919],[2.3429919,48.7981074],[2.3410088,48.7988912],[2.3400165,48.7972961],[2.3376258,48.7981061],[2.3337718,48.7984913],[2.3332458,48.7991899],[2.3329372,48.7992558],[2.3329939,48.7993928],[2.3314455,48.7996738],[2.3313684,48.7995015],[2.3281586,48.7997529],[2.3274908,48.8004129],[2.3239504,48.8015534],[2.3186727,48.7879809],[2.3220765,48.7870151],[2.3251234,48.786339],[2.3247263,48.7844788],[2.3250696,48.7844125],[2.324543,48.7832803],[2.324838,48.783227],[2.3244371,48.7822444],[2.3258334,48.7819416]]]]}},{"type":"Feature","properties":{"id":"94017","nom":"CHAMPIGNY SUR MARNE","created":"2018-05-15","updated":"2026-01-19","code_commune":"94017"},"geometry":{"type":"MultiPolygon","coordinates":[[[[2.5510453,48.8031708],[2.5539923,48.8049426],[2.5541801,48.8065079],[2.5537279,48.8074962],[2.5542969,48.8081639],[2.5583641,48.8075448],[2.5620373,48.8115949],[2.563012,48.8117859],[2.5643005,48.8123771],[2.564849,48.812808],[2.5650817,48.813607],[2.5655388,48.8139436],[2.5568667,48.8190214],[2.5555339,48.8187454],[2.5544845,48.8182134],[2.5531959,48.8185721],[2.5501031,48.818673],[2.5492709,48.8190881],[2.5487117,48.8196888],[2.5482628,48.8198467],[2.54493,48.8198232],[2.5436498,48.8195253],[2.5426777,48.8189631],[2.5411555,48.8187842],[2.5401677,48.8182443],[2.5347801,48.8170616],[2.5344822,48.8183133],[2.5333234,48.8183255],[2.5329686,48.8191357],[2.5323645,48.8197712],[2.5316434,48.820268],[2.5303403,48.820713],[2.5295299,48.8212146],[2.5287555,48.8211034],[2.5286658,48.8212546],[2.5270467,48.8211835],[2.5267125,48.8210314],[2.5255616,48.8211282],[2.5256453,48.8212717],[2.5249589,48.8214283],[2.5257502,48.8229484],[2.5259392,48.8240018],[2.5255095,48.8247868],[2.5241922,48.8248316],[2.524204,48.8252266],[2.5239157,48.8252415],[2.5240344,48.8270772],[2.5249487,48.8271505],[2.5237754,48.8278977],[2.5213719,48.8290192],[2.5203765,48.8297651],[2.5187325,48.828766],[2.5177142,48.8293523],[2.515606,48.8285683],[2.5105534,48.8276545],[2.5078702,48.8284154],[2.5074451,48.8286311],[2.5078167,48.8289661],[2.5067951,48.8292956],[2.4979775,48.8308106],[2.4908018,48.8311296],[2.4876172,48.8310444],[2.4835791,48.8315659],[2.4787542,48.8310831],[2.4756979,48.8306008],[2.4773257,48.8271275],[2.4779997,48.8271718],[2.4784522,48.8249476],[2.4791005,48.8250062],[2.4787351,48.8235311],[2.4818118,48.8200017],[2.4825131,48.8199976],[2.4819874,48.815939],[2.480105,48.8134744],[2.4830747,48.812861],[2.4872665,48.8123116],[2.4911383,48.8114088],[2.4973266,48.8104363],[2.5028674,48.8105686],[2.5080578,48.8102723],[2.5108411,48.8096522],[2.51434,48.8092977],[2.5161638,48.8089236],[2.5179955,48.8083218],[2.5191303,48.8077655],[2.5201389,48.8069569],[2.52038,48.8064334],[2.5224161,48.8041421],[2.5247834,48.8047204],[2.5249285,48.8046028],[2.5262096,48.8047899],[2.5259789,48.8056355],[2.5250275,48.8068138],[2.5257211,48.8071258],[2.5267555,48.8061724],[2.5271336,48.80516],[2.5288159,48.8052731],[2.5289027,48.8061586],[2.5310601,48.8059811],[2.5330945,48.806004],[2.5334172,48.805809],[2.5347713,48.8060382],[2.5353632,48.8062932],[2.5359428,48.8058829],[2.5397009,48.8060395],[2.5433415,48.8056998],[2.543574,48.8062504],[2.5451333,48.8055288],[2.5455037,48.8048777],[2.5474045,48.803867],[2.5510453,48.8031708]]]]}},{"type":"Feature","properties":{"id":"94018","nom":"CHARENTON LE PONT","created":"2018-05-15","updated":"2026-01-13","code_commune":"94018"},"geometry":{"type":"MultiPolygon","coordinates":[[[[2.4147168,48.8162255],[2.4164929,48.8163671],[2.4196994,48.8169086],[2.4199728,48.8241511],[2.4166403,48.8248003],[2.4122982,48.824836],[2.4100136,48.8252517],[2.4079075,48.8263379],[2.4047069,48.8286716],[2.4024345,48.8296304],[2.3957255,48.8277265],[2.3943646,48.8275126],[2.3901695,48.8256879],[2.3953587,48.8222016],[2.3979482,48.8208176],[2.4003218,48.8198757],[2.4074942,48.8176455],[2.4093818,48.8166283],[2.4108761,48.8163934],[2.4147168,48.8162255]]]]}},{"type":"Feature","properties":{"id":"94019","nom":"CHENNEVIERES SUR MARNE","created":"2018-05-15","updated":"2025-12-02","code_commune":"94019"},"geometry":{"type":"MultiPolygon","coordinates":[[[[2.5223821,48.7820313],[2.5248181,48.783897],[2.5256411,48.7834186],[2.52875,48.7858922],[2.5306085,48.7867775],[2.5325804,48.7921993],[2.5391526,48.7911667],[2.5411966,48.7912653],[2.5444735,48.7907035],[2.5460971,48.7906619],[2.5463697,48.7925369],[2.5477395,48.796305],[2.5476888,48.7968995],[2.5482567,48.7969963],[2.5474418,48.7975361],[2.5535006,48.7982735],[2.5533262,48.7980354],[2.5535211,48.7953164],[2.5539333,48.7947504],[2.5557498,48.7944437],[2.5544497,48.792641],[2.5552819,48.7920262],[2.5673909,48.7972388],[2.5715784,48.7988864],[2.5712658,48.7994876],[2.5709766,48.8021164],[2.5691538,48.8032176],[2.5664383,48.8051813],[2.5580649,48.8036231],[2.5577026,48.8047169],[2.5597665,48.8050151],[2.5585178,48.8076296],[2.5583641,48.8075448],[2.5542969,48.8081639],[2.5537279,48.8074962],[2.5541801,48.8065079],[2.5539923,48.8049426],[2.5510453,48.8031708],[2.5474045,48.803867],[2.5455037,48.8048777],[2.5451333,48.8055288],[2.543574,48.8062504],[2.5433415,48.8056998],[2.5397009,48.8060395],[2.5359428,48.8058829],[2.5353626,48.8062928],[2.5347711,48.8060382],[2.5334172,48.805809],[2.5330945,48.806004],[2.5310601,48.8059811],[2.5289027,48.8061586],[2.5288159,48.8052731],[2.5271336,48.80516],[2.5267555,48.8061724],[2.5257211,48.8071258],[2.5250275,48.8068138],[2.5259789,48.8056355],[2.5262096,48.8047899],[2.5249285,48.8046028],[2.5247834,48.8047204],[2.5224161,48.8041421],[2.522893,48.8019472],[2.5230122,48.7999008],[2.5233044,48.7995556],[2.5230782,48.7983376],[2.5235726,48.7965194],[2.5224452,48.7921496],[2.5212605,48.7900787],[2.5200758,48.7885699],[2.5187883,48.7873984],[2.5168689,48.7864061],[2.518182,48.7856504],[2.5179345,48.785449],[2.5186029,48.7850936],[2.5180788,48.7846976],[2.5201588,48.7836841],[2.5198793,48.7834786],[2.5223821,48.7820313]]]]}},{"type":"Feature","properties":{"id":"94021","nom":"CHEVILLY LARUE","created":"2018-05-15","updated":"2026-02-03","code_commune":"94021"},"geometry":{"type":"MultiPolygon","coordinates":[[[[2.3440093,48.7562351],[2.3444353,48.7568797],[2.3447993,48.7587195],[2.3461951,48.7604117],[2.3481009,48.7584811],[2.3505288,48.7595035],[2.3509838,48.7590507],[2.3545881,48.7605615],[2.3557614,48.7593571],[2.358178,48.7603927],[2.3586368,48.759936],[2.3601499,48.7605662],[2.3618869,48.7587838],[2.3619769,48.756915],[2.368634,48.7574858],[2.3673447,48.7794395],[2.3600762,48.7769395],[2.3555,48.77504],[2.3546152,48.7745247],[2.3536603,48.7734358],[2.3536216,48.7730944],[2.3518256,48.773943],[2.3498831,48.7710843],[2.3427311,48.7722159],[2.3434397,48.7734745],[2.3389416,48.7743798],[2.3382041,48.7741091],[2.3378538,48.7733929],[2.3372904,48.7734989],[2.3371956,48.7732901],[2.3358607,48.7735252],[2.3337673,48.7707532],[2.3345665,48.7704933],[2.3346743,48.7706427],[2.3358946,48.7702358],[2.3336231,48.7657435],[2.3327304,48.7646221],[2.3334082,48.764374],[2.3336542,48.7646746],[2.3381787,48.7630509],[2.336627,48.7618148],[2.3352465,48.761128],[2.3369418,48.7600655],[2.3379438,48.7596891],[2.3401149,48.7589284],[2.3404786,48.7592395],[2.3408301,48.7592107],[2.3428816,48.758417],[2.3418047,48.7573491],[2.3440093,48.7562351]]]]}},{"type":"Feature","properties":{"id":"94022","nom":"CHOISY LE ROI","created":"2018-05-15","updated":"2021-11-30","code_commune":"94022"},"geometry":{"type":"MultiPolygon","coordinates":[[[[2.4201491,48.7497508],[2.4213587,48.7506941],[2.4246123,48.7527109],[2.4274234,48.7509227],[2.4285711,48.7515392],[2.428541,48.7527194],[2.4278309,48.7534952],[2.4273174,48.7546401],[2.4258573,48.756509],[2.4256924,48.7570737],[2.4285775,48.7581307],[2.4265777,48.7606081],[2.4340793,48.7634416],[2.4368673,48.7623754],[2.4414,48.7612277],[2.4423787,48.7616325],[2.4422437,48.7621443],[2.4401883,48.7627329],[2.4384927,48.7636006],[2.4398051,48.7646303],[2.4382175,48.7657163],[2.4380461,48.7656418],[2.4370242,48.7662987],[2.4360664,48.7665666],[2.435467,48.767233],[2.4345098,48.7669337],[2.4324533,48.7667371],[2.4320425,48.7667373],[2.4315981,48.76699],[2.4313451,48.76739],[2.4317932,48.7675018],[2.4309047,48.7692781],[2.4305375,48.7706833],[2.4323183,48.7710346],[2.4323151,48.7722571],[2.4276536,48.7708604],[2.4274048,48.772345],[2.4282182,48.7761253],[2.4215482,48.7765991],[2.421808,48.7766816],[2.4168101,48.7771117],[2.4162332,48.7776059],[2.4157434,48.7772035],[2.4147009,48.7772958],[2.4129325,48.7757092],[2.4119453,48.7742918],[2.4057022,48.7738377],[2.4057394,48.7735691],[2.4020108,48.7729646],[2.4003241,48.7750762],[2.3987174,48.7747932],[2.4038848,48.7668672],[2.3980451,48.7658619],[2.4003892,48.7638685],[2.4005293,48.7634221],[2.4008092,48.7633877],[2.4007258,48.763159],[2.4013537,48.7630579],[2.4032898,48.76135],[2.4060582,48.7510814],[2.4132593,48.7524652],[2.4137675,48.7516747],[2.418116,48.7529007],[2.4201491,48.7497508]]]]}},{"type":"Feature","properties":{"id":"94028","nom":"CRETEIL","created":"2018-05-15","updated":"2026-02-03","code_commune":"94028"},"geometry":{"type":"MultiPolygon","coordinates":[[[[2.4735274,48.7617263],[2.4771156,48.7627985],[2.4759609,48.7638205],[2.4748505,48.7653204],[2.4773855,48.7661014],[2.4740044,48.7702342],[2.473521,48.7700798],[2.4720595,48.7714424],[2.472345,48.7715207],[2.4721153,48.7717585],[2.4722946,48.7718295],[2.4715696,48.772912],[2.4721001,48.7730674],[2.4745953,48.7745718],[2.4727964,48.776521],[2.4749401,48.7776432],[2.4726016,48.7799403],[2.4753826,48.7814294],[2.4761852,48.7806136],[2.4768921,48.7810066],[2.4758825,48.7826745],[2.4750719,48.7830819],[2.4748663,48.7834586],[2.4743904,48.7837749],[2.4744776,48.7842649],[2.4738949,48.7860094],[2.4733308,48.7867764],[2.4726667,48.7871911],[2.4731678,48.7871868],[2.4748502,48.7876228],[2.473352,48.7892317],[2.4721611,48.790851],[2.4718622,48.7919331],[2.4718516,48.7939737],[2.4706594,48.7983627],[2.4690926,48.8017283],[2.4684244,48.8041463],[2.4681325,48.8046117],[2.4671691,48.8050735],[2.4640879,48.8073492],[2.460698,48.8060764],[2.4603329,48.8063256],[2.4574999,48.805101],[2.4567991,48.805481],[2.4544681,48.8059726],[2.4499379,48.803005],[2.448622,48.8038393],[2.4468486,48.8024654],[2.4474058,48.8021699],[2.4456748,48.8007301],[2.4453359,48.7996588],[2.4451472,48.7996229],[2.4422256,48.7958612],[2.4398432,48.7952835],[2.4402581,48.7942955],[2.4408686,48.7935233],[2.436777,48.792329],[2.4379696,48.7909786],[2.4390842,48.7891931],[2.4356825,48.7882961],[2.4360292,48.7869959],[2.4328364,48.7866266],[2.4338861,48.7839412],[2.4329381,48.78377],[2.4306773,48.7824273],[2.4299088,48.7823561],[2.4299982,48.780371],[2.4288689,48.7801892],[2.428203,48.7760476],[2.427565,48.7736187],[2.4274048,48.772345],[2.4276067,48.7710083],[2.4276536,48.7708604],[2.4323151,48.7722571],[2.4323183,48.7710346],[2.4305375,48.7706833],[2.4309047,48.7692781],[2.4317932,48.7675018],[2.4313451,48.76739],[2.4315981,48.76699],[2.4320425,48.7667373],[2.4345098,48.7669337],[2.435467,48.767233],[2.4353365,48.7673827],[2.4391227,48.7712272],[2.4400389,48.7713367],[2.4399638,48.7716478],[2.4407693,48.7718192],[2.4493319,48.7701208],[2.4525917,48.7681047],[2.454885,48.7670769],[2.4572341,48.7662966],[2.4596215,48.766632],[2.4600041,48.7656454],[2.4612675,48.7658858],[2.463374,48.7668289],[2.4663095,48.76604],[2.4678143,48.7633958],[2.4682059,48.7623218],[2.4721163,48.7632162],[2.4735274,48.7617263]]]]}},{"type":"Feature","properties":{"id":"94033","nom":"FONTENAY SOUS BOIS","created":"2018-05-15","updated":"2026-05-06","code_commune":"94033"},"geometry":{"type":"MultiPolygon","coordinates":[[[[2.4672517,48.8390819],[2.4695256,48.8400097],[2.4687055,48.8409062],[2.4722313,48.8420379],[2.4725976,48.840614],[2.473148,48.8400573],[2.4760234,48.8411647],[2.4768056,48.8427454],[2.4792397,48.843498],[2.4798836,48.8418956],[2.4821914,48.8423913],[2.4832155,48.8423629],[2.4841397,48.8431009],[2.4856011,48.8432171],[2.4858336,48.8433943],[2.4855905,48.8442765],[2.4865262,48.844524],[2.4865562,48.8453383],[2.4875349,48.8457729],[2.4871868,48.8460171],[2.4872865,48.8462026],[2.4876507,48.8462759],[2.4877268,48.8461741],[2.491562,48.8478037],[2.4913778,48.8482904],[2.4935538,48.8487413],[2.4935983,48.8502809],[2.4933509,48.8516571],[2.4940334,48.8518684],[2.4959839,48.8529075],[2.4960022,48.8534532],[2.496795,48.8541773],[2.496827,48.8545902],[2.4973214,48.8549736],[2.499992,48.8557662],[2.4992637,48.856546],[2.4968554,48.8557243],[2.4950634,48.8588482],[2.4971375,48.8591883],[2.496099,48.8606598],[2.4943975,48.8602279],[2.4941903,48.8605519],[2.4934983,48.8603814],[2.4915491,48.8595181],[2.4909848,48.8608007],[2.488692,48.860558],[2.4886171,48.860826],[2.4863995,48.8606354],[2.4816412,48.8615928],[2.4808097,48.8600665],[2.4783659,48.8601072],[2.4764813,48.860471],[2.4752334,48.8602049],[2.4733353,48.8601937],[2.4697667,48.860747],[2.4682289,48.8606474],[2.4667409,48.8600608],[2.4670746,48.859428],[2.4669599,48.8583705],[2.4674075,48.8565872],[2.457614,48.8559455],[2.4539007,48.8554008],[2.4527081,48.855077],[2.4488925,48.8535211],[2.4475424,48.852518],[2.4478972,48.8523544],[2.4471583,48.8511604],[2.4495367,48.8505819],[2.4496633,48.8509295],[2.449917,48.8509648],[2.4543613,48.8499538],[2.4557231,48.8499007],[2.4562939,48.8496366],[2.4559995,48.8487361],[2.456277,48.8487043],[2.4558977,48.8473289],[2.4564642,48.847101],[2.4563038,48.8465173],[2.4578713,48.8457181],[2.457765,48.8452814],[2.451272,48.8464067],[2.447976,48.8468102],[2.4478476,48.8448047],[2.4575848,48.8435355],[2.4618981,48.8426419],[2.4635778,48.8420282],[2.4650509,48.8412266],[2.4661849,48.8403121],[2.4672517,48.8390819]]]]}},{"type":"Feature","properties":{"id":"94034","nom":"FRESNES","created":"2018-05-15","updated":"2026-01-14","code_commune":"94034"},"geometry":{"type":"MultiPolygon","coordinates":[[[[2.3358289,48.7476709],[2.3360451,48.7475458],[2.3370912,48.7483153],[2.3372616,48.7482273],[2.3382569,48.7494188],[2.3397919,48.7520044],[2.3440093,48.7562351],[2.3418047,48.7573491],[2.3428816,48.758417],[2.3408301,48.7592107],[2.3404786,48.7592395],[2.3401149,48.7589284],[2.3379438,48.7596891],[2.3369418,48.7600655],[2.3352465,48.761128],[2.336627,48.7618148],[2.3381787,48.7630509],[2.3336408,48.7646779],[2.3334082,48.764374],[2.3246732,48.7665131],[2.3233334,48.7666702],[2.3233294,48.7660374],[2.3238489,48.7644074],[2.3218802,48.7644896],[2.3218548,48.7662139],[2.3208073,48.7664467],[2.3185199,48.7666304],[2.3185477,48.7665099],[2.317647,48.7663665],[2.3175502,48.7660924],[2.3167589,48.7665924],[2.3157405,48.7667891],[2.3150895,48.7655149],[2.3153503,48.7654465],[2.3152935,48.7648011],[2.3148451,48.7639314],[2.3143488,48.7620503],[2.3136464,48.7622842],[2.3131097,48.761585],[2.3133981,48.7601496],[2.3086736,48.7554196],[2.3114756,48.7543223],[2.3108863,48.753761],[2.3116397,48.7530197],[2.3101193,48.7521914],[2.3123145,48.751338],[2.3142144,48.7513466],[2.3170546,48.7500514],[2.317068,48.7501833],[2.3177505,48.7500986],[2.3193806,48.7495516],[2.3200296,48.749015],[2.3226826,48.7481054],[2.3248221,48.7505367],[2.3236124,48.7523728],[2.3238959,48.752141],[2.3261855,48.7514407],[2.3275646,48.7507859],[2.3289699,48.749792],[2.3304739,48.7482466],[2.3321002,48.749474],[2.3338448,48.7483303],[2.3341324,48.7485385],[2.3358289,48.7476709]]]]}},{"type":"Feature","properties":{"id":"94037","nom":"GENTILLY","created":"2018-05-15","updated":"2025-10-31","code_commune":"94037"},"geometry":{"type":"MultiPolygon","coordinates":[[[[2.3450199,48.8053606],[2.349789,48.8106173],[2.3506808,48.8113593],[2.3543282,48.8134658],[2.3562381,48.8159779],[2.3559149,48.8159742],[2.3523965,48.8185347],[2.3469166,48.8158651],[2.3444292,48.8161089],[2.3444718,48.8155283],[2.3430509,48.816058],[2.3416809,48.8163412],[2.3337308,48.8167602],[2.3317527,48.817037],[2.3290682,48.8137838],[2.3320697,48.8132253],[2.3321527,48.8133971],[2.3328553,48.8132578],[2.3327146,48.8129477],[2.3341481,48.8126646],[2.3346165,48.8135688],[2.3366749,48.8135258],[2.3371351,48.8132914],[2.3373463,48.8136078],[2.3402633,48.8124241],[2.3390257,48.8108001],[2.3406071,48.8101505],[2.3423759,48.8096828],[2.3419637,48.8086381],[2.3434195,48.8082894],[2.3425437,48.8066118],[2.3450199,48.8053606]]]]}},{"type":"Feature","properties":{"id":"94038","nom":"L HAY LES ROSES","created":"2018-05-15","updated":"2026-01-14","code_commune":"94038"},"geometry":{"type":"MultiPolygon","coordinates":[[[[2.3238347,48.7644059],[2.3233239,48.7666707],[2.3246732,48.7665131],[2.3327304,48.7646221],[2.3336231,48.7657435],[2.3358946,48.7702358],[2.3346743,48.7706427],[2.3345665,48.7704933],[2.3337673,48.7707532],[2.3358607,48.7735252],[2.3371956,48.7732901],[2.3372904,48.7734989],[2.3378538,48.7733929],[2.3382041,48.7741091],[2.3389416,48.7743798],[2.3434397,48.7734745],[2.3427311,48.7722159],[2.3498831,48.7710843],[2.3518256,48.773943],[2.3536216,48.7730944],[2.3536603,48.7734358],[2.3546152,48.7745247],[2.3555,48.77504],[2.3600762,48.7769395],[2.3673447,48.7794395],[2.3672608,48.7808562],[2.3649359,48.780444],[2.3580762,48.7786876],[2.3578652,48.779208],[2.3548578,48.7787447],[2.3530435,48.7802903],[2.3535059,48.7805022],[2.3526541,48.7809613],[2.3505794,48.7809647],[2.3496635,48.781827],[2.3473917,48.7822135],[2.3481857,48.7839828],[2.3475809,48.7840451],[2.347816,48.784992],[2.3446446,48.7854686],[2.3454221,48.7879373],[2.346237,48.7896114],[2.343573,48.7911068],[2.3430355,48.7884307],[2.3409279,48.7839236],[2.339495,48.7842583],[2.3385695,48.782705],[2.3378913,48.7828521],[2.337837,48.7827456],[2.3354454,48.7833925],[2.3358498,48.7838297],[2.3344023,48.7842481],[2.3343768,48.7843683],[2.3293607,48.7845088],[2.3292778,48.7843894],[2.328382,48.7844334],[2.3276434,48.7820559],[2.3267146,48.7820396],[2.3264384,48.7812244],[2.3258334,48.7819416],[2.3245787,48.7790733],[2.3266172,48.7787313],[2.325708,48.7770416],[2.3250509,48.7772723],[2.324238,48.7763566],[2.3237392,48.7765867],[2.3223478,48.7746322],[2.3205553,48.7714417],[2.3178813,48.7686745],[2.3172297,48.7683457],[2.316728,48.7675543],[2.3158755,48.7667668],[2.3167589,48.7665924],[2.3175502,48.7660924],[2.317647,48.7663665],[2.3185477,48.7665099],[2.3185199,48.7666304],[2.321521,48.7663267],[2.3218548,48.7662139],[2.3218802,48.7644896],[2.3238347,48.7644059]]]]}},{"type":"Feature","properties":{"id":"94041","nom":"IVRY SUR SEINE","created":"2018-05-15","updated":"2026-01-13","code_commune":"94041"},"geometry":{"type":"MultiPolygon","coordinates":[[[[2.3917551,48.7993383],[2.3927575,48.8005038],[2.3930906,48.8004299],[2.3934994,48.800655],[2.394701,48.7998618],[2.3973778,48.802481],[2.3983675,48.8016591],[2.3996664,48.8043155],[2.4003941,48.8045316],[2.4006448,48.804029],[2.4022461,48.804042],[2.4022699,48.8042852],[2.4043363,48.8045127],[2.4049641,48.8042803],[2.4052493,48.8046114],[2.4041516,48.8081102],[2.4088529,48.8085116],[2.4102085,48.8136336],[2.4102689,48.8152547],[2.4097125,48.8163434],[2.4084139,48.8172159],[2.4074942,48.8176455],[2.4003218,48.8198757],[2.3979482,48.8208176],[2.3943544,48.8227927],[2.3901695,48.8256879],[2.3888098,48.8250035],[2.3815241,48.8224074],[2.3807634,48.8216891],[2.3642489,48.8163254],[2.3648269,48.8155661],[2.3646165,48.8154978],[2.3645706,48.8151477],[2.3650286,48.8142615],[2.3648803,48.8142288],[2.3662493,48.8119287],[2.3647322,48.8114766],[2.3642716,48.8110669],[2.3654844,48.809214],[2.3678819,48.8089294],[2.3682055,48.8084912],[2.3671455,48.8081233],[2.3699138,48.805299],[2.3704006,48.8050349],[2.3702727,48.8049844],[2.3711993,48.8040274],[2.3757577,48.805985],[2.3793531,48.8014091],[2.3828652,48.8034123],[2.3856434,48.8043075],[2.3866621,48.8007352],[2.3869362,48.8003542],[2.3886325,48.8004377],[2.3891472,48.8000599],[2.3900239,48.8001487],[2.3917551,48.7993383]]]]}},{"type":"Feature","properties":{"id":"94042","nom":"JOINVILLE LE PONT","created":"2018-05-15","updated":"2026-01-22","code_commune":"94042"},"geometry":{"type":"MultiPolygon","coordinates":[[[[2.4605966,48.8092915],[2.4647102,48.8117403],[2.4654899,48.8111357],[2.4650546,48.8103588],[2.4652843,48.8098845],[2.4656952,48.8097897],[2.4658336,48.8102984],[2.4661895,48.8106174],[2.4688499,48.8119296],[2.4686909,48.8127929],[2.4699016,48.8124778],[2.4709751,48.8135706],[2.4714647,48.8138633],[2.4716717,48.8136173],[2.4738582,48.8157945],[2.480105,48.8134744],[2.4819874,48.815939],[2.4825131,48.8199976],[2.4818118,48.8200017],[2.4787351,48.8235311],[2.4791005,48.8250062],[2.4784522,48.8249476],[2.4779997,48.8271718],[2.4773257,48.8271275],[2.4756979,48.8306008],[2.4727274,48.82979],[2.4713591,48.8290096],[2.4694979,48.8300689],[2.4679824,48.8285546],[2.4669389,48.8271607],[2.4667069,48.8261617],[2.46576,48.8262787],[2.465359,48.8250031],[2.4651486,48.8249869],[2.4652505,48.8244922],[2.4647933,48.8234357],[2.4629026,48.8201995],[2.4625194,48.819259],[2.4627988,48.8190243],[2.4613273,48.818307],[2.4636601,48.8167898],[2.4640826,48.8168216],[2.4655047,48.8163329],[2.4594171,48.8126994],[2.458165,48.8136197],[2.4572999,48.8129891],[2.4554028,48.8139324],[2.4545352,48.8134012],[2.4571956,48.8109259],[2.4605966,48.8092915]]]]}},{"type":"Feature","properties":{"id":"94043","nom":"KREMLIN BICETRE","created":"2018-05-15","updated":"2026-02-02","code_commune":"94043"},"geometry":{"type":"MultiPolygon","coordinates":[[[[2.348482,48.8010677],[2.3511193,48.8019345],[2.3508162,48.8022635],[2.3528685,48.8031772],[2.3540883,48.8023778],[2.3554714,48.803172],[2.3564038,48.8030299],[2.3567306,48.8034201],[2.3596373,48.8030144],[2.3587055,48.8040848],[2.3580824,48.8060376],[2.3613856,48.8074162],[2.3621398,48.8068379],[2.3628233,48.8071192],[2.3631637,48.8071823],[2.363198,48.807085],[2.3653922,48.8075816],[2.3682055,48.8084912],[2.3678819,48.8089294],[2.3654844,48.809214],[2.3642716,48.8110669],[2.3647322,48.8114766],[2.3662493,48.8119287],[2.3648803,48.8142288],[2.3650286,48.8142615],[2.3645706,48.8151477],[2.3646165,48.8154978],[2.3648269,48.8155661],[2.3642489,48.8163254],[2.3634003,48.8160564],[2.3562381,48.8159779],[2.3543282,48.8134658],[2.3506808,48.8113593],[2.349789,48.8106173],[2.3450199,48.8053606],[2.344226,48.8041762],[2.3438872,48.8032122],[2.3463723,48.8023248],[2.3461807,48.8021285],[2.3476313,48.8016942],[2.3475665,48.8015959],[2.348482,48.8010677]]]]}},{"type":"Feature","properties":{"id":"94044","nom":"LIMEIL BREVANNES","created":"2018-05-15","updated":"2026-01-12","code_commune":"94044"},"geometry":{"type":"MultiPolygon","coordinates":[[[[2.4846539,48.7292194],[2.5040092,48.7354898],[2.5041051,48.7352818],[2.5061821,48.735848],[2.5076559,48.7350413],[2.5073212,48.7330435],[2.5091715,48.7336085],[2.5096286,48.7347521],[2.5099137,48.7348122],[2.508605,48.7361054],[2.5086145,48.7369518],[2.5115809,48.7377323],[2.5149527,48.7388309],[2.5161947,48.7382536],[2.5169005,48.7385825],[2.5116573,48.7448006],[2.5119196,48.7452269],[2.5104571,48.7471059],[2.5085187,48.7456573],[2.5045173,48.7438322],[2.5031411,48.7454139],[2.5026568,48.7464662],[2.5016051,48.7462188],[2.5015358,48.747853],[2.501125,48.7489149],[2.5015215,48.7489788],[2.5010696,48.750651],[2.4992195,48.7526614],[2.4990153,48.7526272],[2.4987093,48.7529391],[2.4929489,48.7592764],[2.4905419,48.7589661],[2.4885906,48.7584268],[2.4858309,48.7575441],[2.4834452,48.7564312],[2.4794141,48.7604828],[2.4766017,48.7595315],[2.4761444,48.7599479],[2.4738174,48.7611005],[2.4735274,48.7617263],[2.4721163,48.7632162],[2.4682059,48.7623218],[2.4688738,48.7595887],[2.4686764,48.7562956],[2.4677814,48.7512422],[2.4725423,48.7525161],[2.4735972,48.7487071],[2.4733408,48.7452771],[2.4734692,48.7445045],[2.4738535,48.7443695],[2.4738356,48.7439992],[2.476032,48.740964],[2.4735697,48.739927],[2.4734609,48.7396923],[2.4755671,48.7381838],[2.4778481,48.7358],[2.4794268,48.7352223],[2.4815245,48.7337147],[2.4822271,48.7329963],[2.4846539,48.7292194]]]]}},{"type":"Feature","properties":{"id":"94046","nom":"MAISONS ALFORT","created":"2018-05-15","updated":"2026-04-30","code_commune":"94046"},"geometry":{"type":"MultiPolygon","coordinates":[[[[2.4328364,48.7866266],[2.4360292,48.7869959],[2.4356825,48.7882961],[2.4390842,48.7891931],[2.4379696,48.7909786],[2.436777,48.792329],[2.4408686,48.7935233],[2.4402581,48.7942955],[2.4398432,48.7952835],[2.4422256,48.7958612],[2.4451472,48.7996229],[2.4453359,48.7996588],[2.4456748,48.8007301],[2.4474058,48.8021699],[2.4468486,48.8024654],[2.4484362,48.803732],[2.448622,48.8038393],[2.4499379,48.803005],[2.4544681,48.8059726],[2.4567991,48.805481],[2.4574999,48.805101],[2.4603329,48.8063256],[2.460698,48.8060764],[2.4640879,48.8073492],[2.4624738,48.8083715],[2.4571956,48.8109259],[2.4543889,48.8135165],[2.4521079,48.8152538],[2.4509997,48.815788],[2.4450352,48.8162397],[2.4416591,48.8162189],[2.4378843,48.8169879],[2.4360623,48.8168815],[2.4344708,48.8163301],[2.4337884,48.8163593],[2.4332032,48.8166028],[2.4315655,48.8166841],[2.4301169,48.8163333],[2.4279544,48.816564],[2.4241464,48.8162631],[2.422565,48.8164082],[2.4198554,48.816912],[2.4158856,48.8162984],[2.41815,48.8134872],[2.4225651,48.8094497],[2.4245771,48.8067098],[2.4254503,48.8049315],[2.4328364,48.7866266]]]]}},{"type":"Feature","properties":{"id":"94047","nom":"MANDRES LES ROSES","created":"2018-05-15","updated":"2024-12-02","code_commune":"94047"},"geometry":{"type":"MultiPolygon","coordinates":[[[[2.5362959,48.6971549],[2.5400113,48.6990963],[2.5413024,48.7003767],[2.5441616,48.6986149],[2.5458184,48.6994386],[2.5480999,48.6989484],[2.5507759,48.6990084],[2.55321,48.6981738],[2.5547656,48.6996754],[2.5577346,48.7016101],[2.5585672,48.7019234],[2.5608726,48.7022203],[2.5618131,48.7025779],[2.5645284,48.7043123],[2.5673107,48.7066798],[2.5685719,48.7071937],[2.5677891,48.7090065],[2.5666887,48.7091275],[2.566632,48.7088867],[2.5661647,48.7089401],[2.5660212,48.7084687],[2.5630214,48.7090964],[2.5613589,48.7106962],[2.5602573,48.710897],[2.5601806,48.7107532],[2.5587961,48.7113377],[2.5596508,48.7124438],[2.5570306,48.7134501],[2.5575901,48.7141731],[2.5554942,48.7150066],[2.5552889,48.7147999],[2.5532574,48.7157898],[2.55364,48.7161702],[2.5532254,48.7164128],[2.5519503,48.7156399],[2.5517245,48.7158163],[2.5500704,48.7149738],[2.5504353,48.7146156],[2.5485151,48.7119014],[2.5454575,48.7123498],[2.5452828,48.7118354],[2.5415242,48.7118363],[2.5391642,48.7110074],[2.5390352,48.7112151],[2.5364948,48.7095513],[2.5344067,48.7097093],[2.5340224,48.7092534],[2.5334553,48.707042],[2.532655,48.705404],[2.5296095,48.7061637],[2.5295089,48.7055498],[2.5290794,48.7052388],[2.5282514,48.7052029],[2.5279521,48.7049884],[2.5268398,48.7051073],[2.5267977,48.704702],[2.5277567,48.7042895],[2.5285825,48.7036953],[2.5295383,48.7019643],[2.5303904,48.7010203],[2.5312738,48.699621],[2.5316808,48.6997827],[2.5315744,48.6999101],[2.5345603,48.7006988],[2.534556,48.7008898],[2.5356857,48.7011211],[2.5361107,48.6998726],[2.5359794,48.6987381],[2.5362959,48.6971549]]]]}},{"type":"Feature","properties":{"id":"94048","nom":"MAROLLES EN BRIE","created":"2018-05-15","updated":"2026-01-28","code_commune":"94048"},"geometry":{"type":"MultiPolygon","coordinates":[[[[2.5536201,48.7223078],[2.5548299,48.7263487],[2.5554036,48.7260372],[2.556758,48.7331422],[2.5580474,48.7354663],[2.5587519,48.736259],[2.5609969,48.7356528],[2.5649104,48.7350431],[2.565297,48.7370677],[2.5653858,48.7390178],[2.5687684,48.7385499],[2.5681851,48.7403403],[2.5729278,48.7438809],[2.573159,48.7470674],[2.5734652,48.7477984],[2.5686234,48.7483876],[2.5701365,48.7506816],[2.5702404,48.7511859],[2.566591,48.7517653],[2.5608684,48.7530573],[2.5601784,48.7533256],[2.5590235,48.7541448],[2.5573321,48.7545559],[2.5572945,48.7537129],[2.5549827,48.7536456],[2.551238,48.7500038],[2.5491794,48.7520625],[2.5463907,48.7518956],[2.5433936,48.7487934],[2.5526504,48.7468272],[2.5445761,48.736323],[2.5343889,48.7295189],[2.5376693,48.7274441],[2.5370907,48.7274255],[2.5368214,48.7262956],[2.5378118,48.7262925],[2.5442794,48.7252635],[2.5442694,48.7254237],[2.5488302,48.7253998],[2.549279,48.7258383],[2.5536201,48.7223078]]]]}},{"type":"Feature","properties":{"id":"94052","nom":"NOGENT SUR MARNE","created":"2018-05-15","updated":"2026-05-27","code_commune":"94052"},"geometry":{"type":"MultiPolygon","coordinates":[[[[2.4667069,48.8261617],[2.4669389,48.8271607],[2.4679824,48.8285546],[2.4694979,48.8300689],[2.4713591,48.8290096],[2.4727274,48.82979],[2.4756979,48.8306008],[2.4787542,48.8310831],[2.4832856,48.8315618],[2.4848297,48.8314915],[2.4876172,48.8310444],[2.4908018,48.8311296],[2.4976346,48.8308196],[2.4953994,48.8342315],[2.4947512,48.8355892],[2.4938015,48.8413888],[2.491562,48.8478037],[2.4877268,48.8461741],[2.4876507,48.8462759],[2.4872865,48.8462026],[2.4871868,48.8460171],[2.4875349,48.8457729],[2.4865562,48.8453383],[2.4865262,48.844524],[2.4855905,48.8442765],[2.4857993,48.8433434],[2.4855132,48.8431872],[2.4841397,48.8431009],[2.4832155,48.8423629],[2.4821914,48.8423913],[2.4798836,48.8418956],[2.4792397,48.843498],[2.4768056,48.8427454],[2.4760234,48.8411647],[2.473148,48.8400573],[2.4725976,48.840614],[2.4722313,48.8420379],[2.4687055,48.8409062],[2.4695256,48.8400097],[2.4672517,48.8390819],[2.4697036,48.8365778],[2.4695514,48.8349332],[2.4687689,48.8337578],[2.4666663,48.8326499],[2.4656545,48.8317709],[2.4650332,48.8306074],[2.4645363,48.8287668],[2.4645784,48.82764],[2.4650835,48.8275366],[2.4652317,48.8276667],[2.4661785,48.8273282],[2.46576,48.8262787],[2.4667069,48.8261617]]]]}},{"type":"Feature","properties":{"id":"94053","nom":"NOISEAU","created":"2018-05-15","updated":"2026-01-07","code_commune":"94053"},"geometry":{"type":"MultiPolygon","coordinates":[[[[2.5622344,48.7634959],[2.5631274,48.7635243],[2.5680633,48.7672779],[2.5697421,48.7663393],[2.5717185,48.7671416],[2.5705226,48.7693417],[2.5707404,48.7693458],[2.5736685,48.7715922],[2.57505,48.7716723],[2.5752308,48.7714914],[2.5765603,48.7716852],[2.5764992,48.7727225],[2.574898,48.7724789],[2.5747416,48.7732567],[2.5730924,48.7733158],[2.5721407,48.7743127],[2.5709527,48.774455],[2.5708305,48.7746856],[2.5701225,48.7748153],[2.5677418,48.7746045],[2.5667819,48.7754168],[2.5657309,48.7773169],[2.5661934,48.7774602],[2.5659252,48.777922],[2.5665329,48.7781963],[2.5642843,48.7814027],[2.563687,48.7829548],[2.5638213,48.7854316],[2.561959,48.7878661],[2.5573173,48.7864256],[2.5560864,48.7855547],[2.555253,48.7844789],[2.5538209,48.7833337],[2.5503713,48.7827601],[2.5495358,48.782277],[2.547172,48.7823977],[2.5457584,48.7822789],[2.5445798,48.7825142],[2.5445082,48.782301],[2.5433887,48.7817945],[2.54312,48.7814108],[2.5424675,48.7814032],[2.5413714,48.7809291],[2.5408786,48.7809432],[2.540644,48.7804015],[2.5378656,48.7787166],[2.538055,48.7783194],[2.53607,48.7770673],[2.5355168,48.7770317],[2.5356816,48.7762115],[2.5364765,48.7746461],[2.536819,48.7732354],[2.5390094,48.7721137],[2.5405989,48.7706833],[2.5407167,48.7695646],[2.53956,48.767835],[2.539462,48.767368],[2.5401944,48.7659557],[2.5421116,48.765413],[2.543428,48.7652363],[2.5496244,48.7655163],[2.5498246,48.7656507],[2.5555711,48.764514],[2.5568211,48.7644036],[2.5575661,48.7648093],[2.5591862,48.7661422],[2.5600038,48.7657028],[2.5617171,48.7635677],[2.5622344,48.7634959]]]]}},{"type":"Feature","properties":{"id":"94054","nom":"ORLY","created":"2018-05-15","updated":"2026-03-25","code_commune":"94054"},"geometry":{"type":"MultiPolygon","coordinates":[[[[2.3759727,48.7275617],[2.3795885,48.7280502],[2.3797844,48.7292943],[2.382289,48.7292337],[2.3823322,48.7296929],[2.3849689,48.7298488],[2.3850344,48.7314685],[2.3851956,48.7314614],[2.3850807,48.7326525],[2.3878026,48.7327284],[2.3878561,48.7343871],[2.3892214,48.7344479],[2.3890714,48.7363003],[2.388357,48.7369831],[2.3911876,48.7373178],[2.391138,48.7376149],[2.3947672,48.7375173],[2.3950589,48.7373986],[2.3994937,48.73739],[2.4027563,48.7379985],[2.4025341,48.7384625],[2.4020769,48.7388286],[2.404511,48.7397697],[2.4043644,48.7399791],[2.4053952,48.7403659],[2.4050401,48.7407373],[2.4074565,48.7415954],[2.4071169,48.7422685],[2.4078641,48.7424359],[2.4087964,48.7422336],[2.4147619,48.7436344],[2.4150482,48.7430038],[2.4177816,48.7433771],[2.4190375,48.7436394],[2.4188121,48.7443488],[2.4210216,48.7446894],[2.4218424,48.7432709],[2.4237063,48.7437426],[2.4243859,48.7426971],[2.4281962,48.7434936],[2.4286297,48.7435584],[2.42874,48.7434316],[2.4328785,48.7441393],[2.4368586,48.7449855],[2.4353482,48.7463425],[2.4336922,48.747498],[2.4306649,48.7492716],[2.4274234,48.7509227],[2.4246123,48.7527109],[2.4213587,48.7506941],[2.4201491,48.7497508],[2.418116,48.7529007],[2.4137675,48.7516747],[2.4132593,48.7524652],[2.3994343,48.749655],[2.3990243,48.7523732],[2.3969416,48.7519603],[2.3932819,48.7508566],[2.392216,48.7516234],[2.3905548,48.7523068],[2.3886282,48.7527515],[2.3872244,48.7528518],[2.3894359,48.7494746],[2.3861534,48.750326],[2.3856044,48.7494042],[2.3846578,48.7496519],[2.3841093,48.7487276],[2.3826432,48.7491078],[2.3821488,48.7482721],[2.3778648,48.7492746],[2.3768177,48.7492908],[2.3742273,48.7483842],[2.3744994,48.7462527],[2.3692898,48.7461392],[2.3703228,48.7279163],[2.3724084,48.7278857],[2.3759727,48.7275617]]]]}},{"type":"Feature","properties":{"id":"94055","nom":"ORMESSON SUR MARNE","created":"2018-05-15","updated":"2026-05-13","code_commune":"94055"},"geometry":{"type":"MultiPolygon","coordinates":[[[[2.5309654,48.7764366],[2.5309774,48.7766252],[2.5312122,48.7765325],[2.5313425,48.7767347],[2.5318662,48.7766702],[2.5322241,48.7769255],[2.5323608,48.7767842],[2.5332528,48.7769819],[2.5345814,48.7770675],[2.534892,48.7769061],[2.53607,48.7770673],[2.538055,48.7783194],[2.5378609,48.7784533],[2.5379044,48.7787478],[2.540644,48.7804015],[2.5408786,48.7809432],[2.5413714,48.7809291],[2.5424675,48.7814032],[2.54312,48.7814108],[2.5433887,48.7817945],[2.5445082,48.782301],[2.5445798,48.7825142],[2.5457584,48.7822789],[2.547172,48.7823977],[2.5495358,48.782277],[2.5503713,48.7827601],[2.5538209,48.7833337],[2.555253,48.7844789],[2.5560864,48.7855547],[2.5573173,48.7864256],[2.561959,48.7878661],[2.5606497,48.7890719],[2.5572572,48.7906758],[2.5544497,48.792641],[2.5557498,48.7944437],[2.5539333,48.7947504],[2.5535211,48.7953164],[2.5533262,48.7980354],[2.5535006,48.7982735],[2.5474418,48.7975361],[2.5482567,48.7969963],[2.5476888,48.7968995],[2.5477395,48.796305],[2.5463715,48.7925396],[2.546097,48.7906623],[2.5444735,48.7907035],[2.5411966,48.7912653],[2.5391526,48.7911667],[2.5325804,48.7921993],[2.5306085,48.7867775],[2.52875,48.7858922],[2.5256411,48.7834186],[2.5248181,48.783897],[2.5223821,48.7820313],[2.5198793,48.7834786],[2.5201588,48.7836841],[2.5180788,48.7846976],[2.5186029,48.7850936],[2.5179345,48.785449],[2.5161644,48.7840922],[2.5153872,48.783806],[2.5151579,48.7833035],[2.5123305,48.7810617],[2.5122789,48.7809225],[2.5196044,48.7808724],[2.5225989,48.7795805],[2.5202527,48.7767718],[2.5222111,48.7769289],[2.5236302,48.7767319],[2.5267491,48.7770577],[2.5272957,48.7772457],[2.527189,48.7774779],[2.5275666,48.7781183],[2.5283089,48.7782284],[2.5285431,48.7780767],[2.5289726,48.7782847],[2.5297029,48.7779761],[2.5293962,48.7776029],[2.5296892,48.7775545],[2.5296424,48.7773674],[2.5300183,48.7774161],[2.5301086,48.7772981],[2.5298433,48.7772265],[2.5305885,48.776809],[2.530515,48.7764719],[2.5309654,48.7764366]]]]}},{"type":"Feature","properties":{"id":"94056","nom":"PERIGNY SUR YERRES","created":"2018-05-15","updated":"2026-05-20","code_commune":"94056"},"geometry":{"type":"MultiPolygon","coordinates":[[[[2.5550266,48.6876152],[2.5549159,48.6884723],[2.5611651,48.6896375],[2.5610411,48.6906901],[2.5628477,48.690959],[2.5658385,48.691035],[2.5661341,48.691774],[2.5697082,48.6918945],[2.5697039,48.6916528],[2.5717628,48.6920031],[2.5715865,48.6933986],[2.5707098,48.6950269],[2.5783732,48.696871],[2.5802312,48.6970511],[2.5816508,48.6973899],[2.5752374,48.7002788],[2.572213,48.7022926],[2.5703474,48.7031487],[2.5700412,48.703497],[2.5707981,48.7038966],[2.5702502,48.7045647],[2.5704599,48.7046714],[2.568645,48.7071773],[2.5673107,48.7066798],[2.5645284,48.7043123],[2.5618131,48.7025779],[2.5608726,48.7022203],[2.5585672,48.7019234],[2.5577346,48.7016101],[2.5547656,48.6996754],[2.55321,48.6981738],[2.5507759,48.6990084],[2.5480999,48.6989484],[2.5458184,48.6994386],[2.5443353,48.69879],[2.543842,48.6980324],[2.5424335,48.69678],[2.5428967,48.696358],[2.5439114,48.6945202],[2.5452888,48.6950857],[2.5466745,48.6953303],[2.5466288,48.6937876],[2.5452373,48.6935866],[2.5453938,48.6931185],[2.5461017,48.6931862],[2.5484896,48.6925467],[2.5492694,48.6917242],[2.5498886,48.6916883],[2.5510955,48.6904597],[2.5506555,48.6898433],[2.5489464,48.6890647],[2.5490277,48.6889596],[2.549984,48.6884472],[2.5514313,48.6884902],[2.5539346,48.6883069],[2.55367,48.68763],[2.5550266,48.6876152]]]]}},{"type":"Feature","properties":{"id":"94058","nom":"LE PERREUX SUR MARNE","created":"2018-05-15","updated":"2026-05-18","code_commune":"94058"},"geometry":{"type":"MultiPolygon","coordinates":[[[[2.5112071,48.829355],[2.5120414,48.8294689],[2.513865,48.830157],[2.5161394,48.8314553],[2.5169042,48.8324549],[2.517589,48.8342151],[2.5175596,48.834793],[2.516629,48.8367663],[2.5157416,48.8375832],[2.5137369,48.838808],[2.5132555,48.8393697],[2.5114397,48.8441984],[2.5112315,48.8453788],[2.5114416,48.8470609],[2.5122351,48.8487236],[2.513656,48.8501401],[2.5132131,48.8502989],[2.5134835,48.8512424],[2.5121281,48.852423],[2.5112801,48.8525161],[2.5085556,48.8534126],[2.5080487,48.8541399],[2.5072926,48.8546145],[2.5065575,48.8554413],[2.5054618,48.8571768],[2.5046861,48.8573006],[2.5031888,48.8571833],[2.4999779,48.8557161],[2.4972918,48.8549517],[2.496827,48.8545902],[2.496795,48.8541773],[2.4960022,48.8534532],[2.4959839,48.8529075],[2.4940334,48.8518684],[2.4933509,48.8516571],[2.4935983,48.8502809],[2.4935538,48.8487413],[2.4913778,48.8482904],[2.4937662,48.8415231],[2.4946375,48.8359406],[2.495348,48.8343184],[2.4976346,48.8308196],[2.5049984,48.8296868],[2.5042878,48.8302423],[2.5039903,48.8307508],[2.5059577,48.8302457],[2.5083228,48.8302147],[2.5100372,48.8295841],[2.5112071,48.829355]]]]}},{"type":"Feature","properties":{"id":"94059","nom":"PLESSIS TREVISE","created":"2018-05-15","updated":"2026-03-13","code_commune":"94059"},"geometry":{"type":"MultiPolygon","coordinates":[[[[2.588413,48.7932175],[2.5913571,48.7970857],[2.5921818,48.7994923],[2.5931781,48.8001328],[2.5965451,48.8058012],[2.5947691,48.806531],[2.5918003,48.8072178],[2.5901682,48.808806],[2.5872726,48.8091066],[2.5814473,48.8104259],[2.578152,48.811943],[2.5741705,48.8129639],[2.5744957,48.8136815],[2.5717837,48.8141938],[2.5699225,48.8150093],[2.569615,48.8167669],[2.5688729,48.8178744],[2.567571,48.8192767],[2.565098,48.8203447],[2.5637687,48.8205792],[2.5623748,48.8214798],[2.5596779,48.8227833],[2.5560595,48.8209148],[2.5578979,48.8193908],[2.5573601,48.8187584],[2.5655388,48.8139436],[2.5650817,48.813607],[2.564849,48.812808],[2.5643005,48.8123771],[2.563012,48.8117859],[2.5620373,48.8115949],[2.558463,48.807755],[2.5597665,48.8050151],[2.5577026,48.8047169],[2.5580649,48.8036231],[2.5664383,48.8051813],[2.5691538,48.8032176],[2.5709766,48.8021164],[2.5712658,48.7994876],[2.5716985,48.7982242],[2.5717827,48.7964315],[2.5722338,48.7955434],[2.5750159,48.7954582],[2.5760249,48.793439],[2.5769455,48.7936899],[2.579506,48.7939022],[2.5819536,48.7937444],[2.5820361,48.7941271],[2.5861181,48.7932542],[2.588413,48.7932175]]]]}},{"type":"Feature","properties":{"id":"94060","nom":"LA QUEUE EN BRIE","created":"2018-05-15","updated":"2025-10-31","code_commune":"94060"},"geometry":{"type":"MultiPolygon","coordinates":[[[[2.5771045,48.7549988],[2.5821657,48.7549483],[2.5873262,48.7639522],[2.602707,48.7590442],[2.6049963,48.7591416],[2.6116023,48.7604759],[2.6112719,48.7613344],[2.6147544,48.7610507],[2.6157049,48.762523],[2.6148986,48.764075],[2.612925,48.7659987],[2.6126749,48.7669047],[2.6128089,48.7672747],[2.6122732,48.7682143],[2.6119557,48.7697365],[2.6112907,48.7704971],[2.6082665,48.7726261],[2.6076192,48.7733596],[2.6069101,48.77476],[2.6055276,48.7747184],[2.6046209,48.7743185],[2.6032936,48.7744382],[2.6008671,48.7740931],[2.5979668,48.7732519],[2.598053,48.7726598],[2.5975077,48.7724528],[2.596566,48.772256],[2.5952904,48.7722346],[2.5948032,48.771936],[2.5935243,48.7716457],[2.5931613,48.7713341],[2.5921394,48.7711168],[2.5904037,48.771645],[2.5893949,48.7711695],[2.5888693,48.771829],[2.5871605,48.7732069],[2.5865381,48.7739944],[2.5854859,48.7770514],[2.5854476,48.7788847],[2.5882271,48.7784979],[2.5887579,48.7805984],[2.5887395,48.7816463],[2.5881781,48.7831564],[2.5883557,48.7830319],[2.5895827,48.7831801],[2.589948,48.7836668],[2.5905064,48.7838074],[2.5915009,48.7835535],[2.5921094,48.7852686],[2.595105,48.7848896],[2.5940713,48.7882237],[2.5968867,48.7889789],[2.595832,48.7898065],[2.5977824,48.7911592],[2.5988698,48.7926906],[2.5998919,48.7949934],[2.5960026,48.7969397],[2.5928962,48.7975696],[2.5928141,48.7974254],[2.5914925,48.7974461],[2.588413,48.7932175],[2.5861181,48.7932542],[2.5820361,48.7941271],[2.5819536,48.7937444],[2.579506,48.7939022],[2.5769455,48.7936899],[2.5760249,48.793439],[2.5750159,48.7954582],[2.5722338,48.7955434],[2.5717827,48.7964315],[2.5715506,48.7988753],[2.5673909,48.7972388],[2.5552819,48.7920262],[2.5575521,48.7905072],[2.5610113,48.7888315],[2.563675,48.7857599],[2.5639051,48.784935],[2.563687,48.7829548],[2.5642843,48.7814027],[2.5665329,48.7781963],[2.5659252,48.777922],[2.5661934,48.7774602],[2.5657309,48.7773169],[2.5663922,48.775962],[2.5670179,48.7751785],[2.5677418,48.7746045],[2.5701225,48.7748153],[2.5708305,48.7746856],[2.5709527,48.774455],[2.5721407,48.7743127],[2.5730924,48.7733158],[2.5747416,48.7732567],[2.574898,48.7724789],[2.5764992,48.7727225],[2.5765603,48.7716852],[2.5752308,48.7714914],[2.57505,48.7716723],[2.5736685,48.7715922],[2.5707404,48.7693458],[2.5705226,48.7693417],[2.5717185,48.7671416],[2.5737195,48.7679249],[2.5750276,48.7681447],[2.5760663,48.7685031],[2.5771251,48.7678609],[2.5775296,48.7677746],[2.5773683,48.7667224],[2.5767926,48.7661012],[2.5807536,48.7649606],[2.5768217,48.7608032],[2.5762213,48.7599288],[2.5731328,48.7608228],[2.57127,48.7608428],[2.5700892,48.7610224],[2.5699054,48.7607574],[2.5728902,48.7581256],[2.5720364,48.7572677],[2.5771045,48.7549988]]]]}},{"type":"Feature","properties":{"id":"94065","nom":"RUNGIS","created":"2018-05-15","updated":"2026-01-06","code_commune":"94065"},"geometry":{"type":"MultiPolygon","coordinates":[[[[2.356767,48.7381369],[2.3575902,48.7399643],[2.3577255,48.7399378],[2.3591026,48.7424956],[2.3628269,48.7440079],[2.3629063,48.7461099],[2.3662072,48.7462193],[2.3692898,48.7461392],[2.368634,48.7574858],[2.3619769,48.756915],[2.3618869,48.7587838],[2.3601499,48.7605662],[2.3586368,48.759936],[2.358178,48.7603927],[2.3557614,48.7593571],[2.3545881,48.7605615],[2.3509838,48.7590507],[2.3505288,48.7595035],[2.3481009,48.7584811],[2.3461951,48.7604117],[2.3447993,48.7587195],[2.3442336,48.7564948],[2.3397919,48.7520044],[2.3382569,48.7494188],[2.3372616,48.7482273],[2.3370912,48.7483153],[2.3360451,48.7475458],[2.3341324,48.7485385],[2.3338448,48.7483303],[2.3321002,48.749474],[2.3304739,48.7482466],[2.3314669,48.7476697],[2.3334851,48.746847],[2.3363324,48.744332],[2.3363403,48.743935],[2.3377396,48.743176],[2.3367402,48.7422817],[2.3376723,48.7417361],[2.3387154,48.7414078],[2.3389299,48.7416549],[2.3395699,48.7412344],[2.3422701,48.740323],[2.3445072,48.7406794],[2.3455008,48.7416775],[2.3476413,48.7412422],[2.3478417,48.741535],[2.3536129,48.7388299],[2.356767,48.7381369]]]]}},{"type":"Feature","properties":{"id":"94067","nom":"SAINT MANDE","created":"2018-05-15","updated":"2026-01-12","code_commune":"94067"},"geometry":{"type":"MultiPolygon","coordinates":[[[[2.4142146,48.8335695],[2.4168891,48.833913],[2.4222547,48.8356872],[2.4216089,48.8368804],[2.4208099,48.8397624],[2.4195493,48.8416209],[2.4194322,48.8425097],[2.4198887,48.8430567],[2.4198869,48.8434254],[2.4221026,48.8444955],[2.422668,48.8441053],[2.4237266,48.8426619],[2.424806,48.8418997],[2.4247506,48.8417705],[2.427558,48.8415099],[2.428326,48.8451616],[2.4279246,48.8452109],[2.4282088,48.8455432],[2.4186334,48.8463825],[2.4189396,48.8493895],[2.4163589,48.849233],[2.4164365,48.8487866],[2.4156934,48.8451046],[2.4135205,48.8379004],[2.4122737,48.834545],[2.4112198,48.8338587],[2.4142146,48.8335695]]]]}},{"type":"Feature","properties":{"id":"94068","nom":"ST MAUR DES FOSSES","created":"2018-05-15","updated":"2026-01-06","code_commune":"94068"},"geometry":{"type":"MultiPolygon","coordinates":[[[[2.5100276,48.7841256],[2.5117477,48.7845208],[2.5141226,48.7858574],[2.5170399,48.7864576],[2.5187883,48.7873984],[2.5206685,48.7892323],[2.5226027,48.7925474],[2.5235725,48.7965359],[2.5230782,48.7983376],[2.5233044,48.7995556],[2.5230122,48.7999008],[2.522893,48.8019472],[2.5224501,48.8040498],[2.52038,48.8064334],[2.5201389,48.8069569],[2.5188331,48.8079562],[2.5161638,48.8089236],[2.51434,48.8092977],[2.5108411,48.8096522],[2.5082057,48.8102563],[2.5028674,48.8105686],[2.4975709,48.8104115],[2.4914701,48.8113504],[2.4872665,48.8123116],[2.4830747,48.812861],[2.4802513,48.8134305],[2.4738582,48.8157945],[2.4716717,48.8136173],[2.4714647,48.8138633],[2.4709751,48.8135706],[2.4699016,48.8124778],[2.4686909,48.8127929],[2.4688499,48.8119296],[2.4661895,48.8106174],[2.4658336,48.8102984],[2.4656952,48.8097897],[2.4652843,48.8098845],[2.4650546,48.8103588],[2.4654899,48.8111357],[2.4647102,48.8117403],[2.4605966,48.8092915],[2.4629955,48.8080653],[2.4671691,48.8050735],[2.4681359,48.8046084],[2.4690926,48.8017283],[2.4706594,48.7983627],[2.4718516,48.7939737],[2.4718622,48.7919331],[2.4721611,48.790851],[2.4738773,48.7886073],[2.4750842,48.7874744],[2.4782451,48.7862069],[2.4802797,48.7855871],[2.4867166,48.7841801],[2.4933011,48.7840972],[2.4992296,48.7847338],[2.5053056,48.784281],[2.5100276,48.7841256]]]]}},{"type":"Feature","properties":{"id":"94069","nom":"ST MAURICE","created":"2018-05-15","updated":"2025-10-31","code_commune":"94069"},"geometry":{"type":"MultiPolygon","coordinates":[[[[2.4594171,48.8126994],[2.4655047,48.8163329],[2.4640826,48.8168216],[2.4636601,48.8167898],[2.4613273,48.818307],[2.459198,48.8173359],[2.4593347,48.816823],[2.4586733,48.8170153],[2.4536108,48.8171914],[2.449643,48.8179625],[2.4424613,48.8179591],[2.4397477,48.818366],[2.4373394,48.8181757],[2.437468,48.8191046],[2.4369016,48.8193814],[2.4351856,48.8196473],[2.4342102,48.8192428],[2.4343025,48.820155],[2.4324741,48.8214167],[2.4328931,48.8216862],[2.4326233,48.8218972],[2.4321863,48.8216138],[2.4303649,48.8228741],[2.4306917,48.8232195],[2.4302042,48.8234088],[2.4280097,48.8239791],[2.4261198,48.8242166],[2.4199728,48.8241511],[2.4196994,48.8169086],[2.4241464,48.8162631],[2.4279544,48.816564],[2.4301169,48.8163333],[2.4315655,48.8166841],[2.4332032,48.8166028],[2.4337884,48.8163593],[2.4344708,48.8163301],[2.4360623,48.8168815],[2.4378843,48.8169879],[2.4416591,48.8162189],[2.4450352,48.8162397],[2.4500786,48.8159179],[2.4515832,48.8155783],[2.4545352,48.8134012],[2.4554028,48.8139324],[2.4572999,48.8129891],[2.458165,48.8136197],[2.4594171,48.8126994]]]]}},{"type":"Feature","properties":{"id":"94070","nom":"SANTENY","created":"2018-05-15","updated":"2019-05-21","code_commune":"94070"},"geometry":{"type":"MultiPolygon","coordinates":[[[[2.5660212,48.7084687],[2.5661647,48.7089401],[2.566632,48.7088867],[2.5666887,48.7091275],[2.5687013,48.7089752],[2.5687486,48.71025],[2.5692289,48.7101839],[2.5692161,48.711129],[2.5710884,48.711269],[2.5718014,48.7135657],[2.575408,48.7126936],[2.5765453,48.7167457],[2.5768124,48.7167132],[2.5773045,48.7184865],[2.5774598,48.719649],[2.5770968,48.7196873],[2.5774389,48.7211115],[2.5784483,48.7208002],[2.5793842,48.7228056],[2.5796379,48.7227676],[2.5794862,48.7226137],[2.5798527,48.7223146],[2.5809251,48.7219077],[2.5823213,48.7241604],[2.5826286,48.7240855],[2.5847795,48.7267719],[2.5844511,48.7267303],[2.5869061,48.7280689],[2.5868165,48.7282056],[2.5879815,48.7291621],[2.5882265,48.7290173],[2.5893168,48.729206],[2.5902269,48.7312359],[2.5901063,48.7313208],[2.5932741,48.732038],[2.5933819,48.7315792],[2.5947495,48.7319224],[2.5938859,48.7355069],[2.5946139,48.7356994],[2.5944795,48.7358979],[2.5958046,48.7364791],[2.5915241,48.737444],[2.5917123,48.7384108],[2.5914734,48.7384519],[2.5901859,48.7396073],[2.5883889,48.7405166],[2.5853665,48.7417073],[2.5875979,48.7441991],[2.5877839,48.7441363],[2.5905945,48.7454095],[2.5900403,48.74616],[2.5916898,48.7475371],[2.59615,48.7471582],[2.5980532,48.7501094],[2.5985042,48.7498924],[2.6001408,48.7509223],[2.6016481,48.7528738],[2.6019548,48.7529802],[2.6018631,48.7531446],[2.6022799,48.7536075],[2.6017166,48.7541059],[2.5993074,48.755383],[2.5974566,48.7607304],[2.5873262,48.7639522],[2.582166,48.7549482],[2.577112,48.7549955],[2.575472,48.7522174],[2.5706976,48.7517709],[2.570241,48.7511867],[2.5701365,48.7506816],[2.5686234,48.7483876],[2.5734652,48.7477984],[2.573159,48.7470674],[2.5729278,48.7438809],[2.5681851,48.7403403],[2.5687684,48.7385499],[2.5653858,48.7390178],[2.565297,48.7370677],[2.5649104,48.7350431],[2.5609969,48.7356528],[2.5587519,48.736259],[2.5577631,48.7350362],[2.5567769,48.7331986],[2.5554036,48.7260372],[2.5548299,48.7263487],[2.5536201,48.7223078],[2.5521642,48.7194954],[2.5533088,48.7191919],[2.5534694,48.7193737],[2.5570554,48.7181222],[2.5556762,48.7165828],[2.5541197,48.7154097],[2.5552889,48.7147999],[2.5554942,48.7150066],[2.5575901,48.7141731],[2.5570306,48.7134501],[2.5596508,48.7124438],[2.5587961,48.7113377],[2.5601806,48.7107532],[2.5602573,48.710897],[2.5613589,48.7106962],[2.5630214,48.7090964],[2.5660212,48.7084687]]]]}},{"type":"Feature","properties":{"id":"94071","nom":"SUCY EN BRIE","created":"2018-05-15","updated":"2025-10-31","code_commune":"94071"},"geometry":{"type":"MultiPolygon","coordinates":[[[[2.5702401,48.7511864],[2.5706976,48.7517709],[2.575472,48.7522174],[2.5771116,48.7549956],[2.5720364,48.7572677],[2.5728902,48.7581256],[2.5699054,48.7607574],[2.5700892,48.7610224],[2.57127,48.7608428],[2.5731328,48.7608228],[2.5762213,48.7599288],[2.5768217,48.7608032],[2.5807536,48.7649606],[2.5767926,48.7661012],[2.5773683,48.7667224],[2.5775296,48.7677746],[2.5771251,48.7678609],[2.5760663,48.7685031],[2.5750276,48.7681447],[2.5737195,48.7679249],[2.5697421,48.7663393],[2.5680633,48.7672779],[2.5631274,48.7635243],[2.5618005,48.7635018],[2.5600038,48.7657028],[2.5591862,48.7661422],[2.5575661,48.7648093],[2.5568211,48.7644036],[2.5555711,48.764514],[2.5498246,48.7656507],[2.5499609,48.76553],[2.544068,48.765221],[2.5419766,48.7653991],[2.5401944,48.7659557],[2.5394651,48.7672943],[2.5396313,48.7679543],[2.5407212,48.7693801],[2.5406685,48.7705747],[2.539097,48.7721255],[2.536819,48.7732354],[2.5366955,48.7740267],[2.5356816,48.7762115],[2.5355168,48.7770317],[2.534892,48.7769061],[2.5345814,48.7770675],[2.5332528,48.7769819],[2.5323608,48.7767842],[2.5322241,48.7769255],[2.5318662,48.7766702],[2.5313425,48.7767347],[2.5313039,48.7765508],[2.5309774,48.7766252],[2.5309654,48.7764366],[2.530515,48.7764719],[2.5305885,48.776809],[2.5298433,48.7772265],[2.5301086,48.7772981],[2.5300183,48.7774161],[2.5296424,48.7773674],[2.5296892,48.7775545],[2.5293962,48.7776029],[2.5297029,48.7779761],[2.5289726,48.7782847],[2.5285431,48.7780767],[2.5283089,48.7782284],[2.5275666,48.7781183],[2.527189,48.7774779],[2.5272957,48.7772457],[2.5267491,48.7770577],[2.5236302,48.7767319],[2.5222111,48.7769289],[2.5203467,48.7767546],[2.5210416,48.7778314],[2.5225989,48.7795805],[2.5196044,48.7808724],[2.5122789,48.7809225],[2.5151579,48.7833035],[2.5153872,48.783806],[2.5161644,48.7840922],[2.518182,48.7856504],[2.5168689,48.7864061],[2.5141226,48.7858574],[2.5134994,48.7856062],[2.5125191,48.7848723],[2.5121884,48.7838855],[2.5126708,48.7836644],[2.5135285,48.7839099],[2.5143822,48.7838431],[2.5136726,48.7829969],[2.5124263,48.7821135],[2.5116613,48.7817486],[2.5076523,48.780513],[2.5073248,48.7802135],[2.5063491,48.7800101],[2.5057343,48.7793277],[2.5043981,48.778793],[2.504051,48.7785119],[2.5023301,48.7785217],[2.5023386,48.7769603],[2.4980357,48.7756659],[2.4974724,48.7731527],[2.4979683,48.7726707],[2.4975631,48.7690615],[2.4953582,48.7692064],[2.495167,48.767882],[2.4941044,48.7679522],[2.4939151,48.7666531],[2.494709,48.7642302],[2.4969018,48.7645632],[2.4995301,48.7630058],[2.499681,48.7631506],[2.505475,48.7611605],[2.5058682,48.7615888],[2.5068008,48.761418],[2.5072951,48.7617734],[2.5105451,48.7611164],[2.5136443,48.760916],[2.5166856,48.7613483],[2.5228683,48.7575272],[2.5264067,48.7561739],[2.5372614,48.7544892],[2.5389909,48.7554398],[2.5568936,48.7546577],[2.5590233,48.7541448],[2.560809,48.7530996],[2.5652476,48.7521191],[2.5661343,48.7517968],[2.5702401,48.7511864]]]]}},{"type":"Feature","properties":{"id":"94073","nom":"THIAIS","created":"2018-05-15","updated":"2026-02-05","code_commune":"94073"},"geometry":{"type":"MultiPolygon","coordinates":[[[[2.3695096,48.7461338],[2.3744994,48.7462527],[2.3742273,48.7483842],[2.3768177,48.7492908],[2.3778648,48.7492746],[2.3821488,48.7482721],[2.3826432,48.7491078],[2.3841093,48.7487276],[2.3846578,48.7496519],[2.3856044,48.7494042],[2.3861534,48.750326],[2.3894359,48.7494746],[2.3872244,48.7528518],[2.3886282,48.7527515],[2.3905548,48.7523068],[2.392216,48.7516234],[2.3932819,48.7508566],[2.3969416,48.7519603],[2.3990243,48.7523732],[2.3994343,48.749655],[2.4060747,48.7510395],[2.4032898,48.76135],[2.4013537,48.7630579],[2.4007258,48.763159],[2.4008092,48.7633877],[2.4005293,48.7634221],[2.4003892,48.7638685],[2.3980451,48.7658619],[2.4038848,48.7668672],[2.3987174,48.7747932],[2.3923479,48.7733492],[2.3925587,48.772335],[2.3886022,48.7719193],[2.3881023,48.7732199],[2.381885,48.7717731],[2.3808762,48.7720569],[2.3791306,48.7731051],[2.3778575,48.7722129],[2.3776491,48.7723084],[2.3765583,48.7714913],[2.3768843,48.7713829],[2.3762543,48.7707899],[2.3741987,48.7717852],[2.3710662,48.7700699],[2.3683812,48.7721293],[2.367797,48.7719261],[2.3692898,48.7461392],[2.3695096,48.7461338]]]]}},{"type":"Feature","properties":{"id":"94074","nom":"VALENTON","created":"2018-05-15","updated":"2026-05-05","code_commune":"94074"},"geometry":{"type":"MultiPolygon","coordinates":[[[[2.4727016,48.7275604],[2.4800033,48.7279555],[2.4846199,48.7292436],[2.4822271,48.7329963],[2.4815245,48.7337147],[2.4794268,48.7352223],[2.4778481,48.7358],[2.4755512,48.738198],[2.4734609,48.7396923],[2.47357,48.7399271],[2.476032,48.740964],[2.4738356,48.7439992],[2.4738535,48.7443695],[2.4734692,48.7445045],[2.4733408,48.7452771],[2.4735972,48.7487071],[2.4725423,48.7525161],[2.4677814,48.7512422],[2.4686764,48.7562956],[2.4688659,48.7596888],[2.4679713,48.763041],[2.4663095,48.76604],[2.463374,48.7668289],[2.4612675,48.7658858],[2.4600041,48.7656454],[2.4596215,48.766632],[2.4572341,48.7662966],[2.4558389,48.7667259],[2.4525917,48.7681047],[2.4493319,48.7701208],[2.4407693,48.7718192],[2.4399638,48.7716478],[2.4400389,48.7713367],[2.4391227,48.7712272],[2.4353365,48.7673827],[2.4360664,48.7665666],[2.4370242,48.7662987],[2.4380461,48.7656418],[2.4382175,48.7657163],[2.4398051,48.7646303],[2.4384927,48.7636006],[2.4399443,48.7628301],[2.4422437,48.7621443],[2.4423302,48.7618166],[2.4446666,48.762959],[2.4470689,48.7620619],[2.4470413,48.7618771],[2.4478935,48.7616074],[2.4485418,48.7609113],[2.4491261,48.761093],[2.4516831,48.7581321],[2.4534211,48.7554895],[2.4535597,48.7546273],[2.4544102,48.7525307],[2.454261,48.7519705],[2.4537921,48.7519224],[2.4533291,48.7490754],[2.4569293,48.7483661],[2.4601696,48.7480675],[2.4620986,48.7473232],[2.4594303,48.7445795],[2.4590159,48.7431726],[2.4575682,48.7412436],[2.457083,48.7401457],[2.4580797,48.7398705],[2.4587649,48.7393705],[2.4602092,48.7387136],[2.4611373,48.7380332],[2.4622996,48.7375301],[2.4632946,48.7388882],[2.4643286,48.7408955],[2.4648553,48.7414409],[2.4657554,48.7419133],[2.4681869,48.7395445],[2.4684123,48.7396707],[2.4705583,48.737992],[2.4707715,48.7379152],[2.4719505,48.7386356],[2.4719786,48.7361511],[2.4729011,48.7330309],[2.4722948,48.731738],[2.4726745,48.7307679],[2.4727016,48.7275604]]]]}},{"type":"Feature","properties":{"id":"94075","nom":"VILLECRESNES","created":"2018-05-15","updated":"2026-02-03","code_commune":"94075"},"geometry":{"type":"MultiPolygon","coordinates":[[[[2.532655,48.705404],[2.5334553,48.707042],[2.5340224,48.7092534],[2.5344067,48.7097093],[2.5365227,48.7095602],[2.5390352,48.7112151],[2.5391642,48.7110074],[2.5415548,48.7118518],[2.5452415,48.7118201],[2.5454575,48.7123498],[2.5484805,48.7118684],[2.5504693,48.7146373],[2.5500842,48.7150498],[2.5516407,48.7158745],[2.5518642,48.7156961],[2.5532393,48.7164419],[2.55364,48.7161702],[2.5532186,48.715808],[2.5540759,48.7153683],[2.5556762,48.7165828],[2.5570554,48.7181222],[2.5534694,48.7193737],[2.5533088,48.7191919],[2.5521642,48.7194954],[2.5536201,48.7223078],[2.549279,48.7258383],[2.5488292,48.7253999],[2.5442694,48.7254237],[2.5442794,48.7252635],[2.5436402,48.725271],[2.5433675,48.7249941],[2.5435672,48.7252886],[2.5381952,48.7262304],[2.5367953,48.7262806],[2.5370907,48.7274255],[2.5376693,48.7274441],[2.5364974,48.7281832],[2.5307843,48.7273906],[2.5224645,48.7320706],[2.5169005,48.7385825],[2.5161947,48.7382536],[2.5149527,48.7388309],[2.5115809,48.7377323],[2.5086145,48.7369518],[2.5085417,48.7362444],[2.5155651,48.7292481],[2.5174977,48.7171538],[2.5182729,48.715918],[2.5172649,48.715757],[2.5180467,48.715094],[2.5189445,48.7146894],[2.5209718,48.712785],[2.5179311,48.7123347],[2.5185513,48.7120743],[2.5191229,48.7120498],[2.5214714,48.7123023],[2.5225434,48.7098853],[2.5243342,48.7099504],[2.5263979,48.7096199],[2.5264938,48.7080179],[2.529299,48.7079863],[2.5290299,48.7062979],[2.532655,48.705404]]]]}},{"type":"Feature","properties":{"id":"94076","nom":"VILLEJUIF","created":"2018-05-15","updated":"2026-01-29","code_commune":"94076"},"geometry":{"type":"MultiPolygon","coordinates":[[[[2.3580762,48.7786876],[2.3666837,48.7807778],[2.3672608,48.7808562],[2.3673447,48.7794395],[2.3707644,48.7806255],[2.370869,48.7807204],[2.3694622,48.7823501],[2.3717759,48.783466],[2.3746068,48.7856206],[2.3768641,48.786668],[2.3741938,48.7900152],[2.3747497,48.7901179],[2.373702,48.7913333],[2.3739139,48.7914704],[2.3725831,48.7927979],[2.3713431,48.7950747],[2.3702663,48.7965471],[2.3719538,48.7971509],[2.3698492,48.7991464],[2.3709,48.7997246],[2.3699236,48.8007825],[2.3730619,48.8025225],[2.3715296,48.8036902],[2.3702727,48.8049844],[2.3704006,48.8050349],[2.3699138,48.805299],[2.367189,48.8080876],[2.3645254,48.8073785],[2.3628233,48.8071192],[2.3621398,48.8068379],[2.3613856,48.8074162],[2.3580824,48.8060376],[2.3587055,48.8040848],[2.3596373,48.8030144],[2.3567306,48.8034201],[2.3564038,48.8030299],[2.3554714,48.803172],[2.3540883,48.8023778],[2.3528685,48.8031772],[2.3508162,48.8022635],[2.3511193,48.8019345],[2.3491932,48.8012426],[2.348482,48.8010677],[2.3477801,48.8015316],[2.3460168,48.7996235],[2.347707,48.7990093],[2.3474068,48.79884],[2.3476503,48.7986597],[2.3470545,48.7983105],[2.3452276,48.7977955],[2.3460172,48.7971461],[2.3452512,48.7968893],[2.3437805,48.7976919],[2.3446805,48.796209],[2.3449706,48.794875],[2.3442187,48.7907317],[2.346237,48.7896114],[2.3454221,48.7879373],[2.3446446,48.7854686],[2.347816,48.784992],[2.3475809,48.7840451],[2.3481857,48.7839828],[2.3473917,48.7822135],[2.3496635,48.781827],[2.3505794,48.7809646],[2.3526541,48.7809613],[2.3535059,48.7805022],[2.3530435,48.7802903],[2.3548578,48.7787447],[2.3578652,48.779208],[2.3580762,48.7786876]]]]}},{"type":"Feature","properties":{"id":"94077","nom":"VILLENEUVE LE ROI","created":"2018-05-15","updated":"2026-05-11","code_commune":"94077"},"geometry":{"type":"MultiPolygon","coordinates":[[[[2.3849658,48.7188639],[2.3862167,48.7209607],[2.3880197,48.7203685],[2.3885786,48.7210403],[2.3895114,48.7205764],[2.3914208,48.7227316],[2.3972234,48.7211865],[2.3989818,48.7248337],[2.4010521,48.7245794],[2.4016764,48.7265841],[2.4041397,48.7264427],[2.4040672,48.726188],[2.40864,48.7259571],[2.4108906,48.7260925],[2.4143604,48.7265994],[2.4154937,48.7266015],[2.4153853,48.7279279],[2.4171715,48.7279375],[2.4171856,48.7284779],[2.4187039,48.7284695],[2.4187168,48.7289849],[2.4202037,48.7289213],[2.4211029,48.7295247],[2.4215673,48.729265],[2.4227753,48.7291979],[2.4227116,48.7289994],[2.4233175,48.7288878],[2.4237393,48.7285903],[2.4243724,48.72919],[2.4260372,48.72823],[2.4266737,48.7286987],[2.4272592,48.728351],[2.427614,48.7286146],[2.4287959,48.7279281],[2.4291748,48.7272179],[2.429757,48.7273551],[2.4299349,48.7270249],[2.4309644,48.7272567],[2.4313768,48.7264878],[2.4341066,48.7266548],[2.4350393,48.7242287],[2.4390919,48.7250909],[2.4421423,48.7262588],[2.442933,48.7267167],[2.4434987,48.72728],[2.4442119,48.7289835],[2.4449507,48.7336756],[2.4446389,48.735903],[2.4441622,48.7368954],[2.4429738,48.7383324],[2.4395753,48.7412787],[2.4368586,48.7449855],[2.4328785,48.7441393],[2.42874,48.7434316],[2.4286297,48.7435584],[2.4281962,48.7434936],[2.4243859,48.7426971],[2.4237063,48.7437426],[2.4218424,48.7432709],[2.4210216,48.7446894],[2.4188121,48.7443488],[2.4190375,48.7436394],[2.4177816,48.7433771],[2.4150482,48.7430038],[2.4147619,48.7436344],[2.4087964,48.7422336],[2.4078641,48.7424359],[2.4071169,48.7422685],[2.4074565,48.7415954],[2.4050401,48.7407373],[2.4053952,48.7403659],[2.4043644,48.7399791],[2.404511,48.7397697],[2.4020769,48.7388286],[2.4025341,48.7384625],[2.4027563,48.7379985],[2.3994937,48.73739],[2.3950589,48.7373986],[2.3947672,48.7375173],[2.391138,48.7376149],[2.3911876,48.7373178],[2.388357,48.7369831],[2.3890714,48.7363003],[2.3892214,48.7344479],[2.3878561,48.7343871],[2.3878026,48.7327284],[2.3850807,48.7326525],[2.3851956,48.7314614],[2.3850344,48.7314685],[2.3849689,48.7298488],[2.3823322,48.7296929],[2.382289,48.7292337],[2.3797844,48.7292943],[2.3795885,48.7280502],[2.3763038,48.7275798],[2.3703228,48.7279163],[2.3707359,48.7200776],[2.3734701,48.719897],[2.3763551,48.7194409],[2.3771409,48.7205526],[2.3826075,48.7196083],[2.3849658,48.7188639]]]]}},{"type":"Feature","properties":{"id":"94078","nom":"VILLENEUVE ST GEORGES","created":"2018-05-15","updated":"2026-01-26","code_commune":"94078"},"geometry":{"type":"MultiPolygon","coordinates":[[[[2.4509629,48.7144113],[2.4511305,48.71489],[2.4502135,48.7153628],[2.4505015,48.7160215],[2.4494481,48.7166515],[2.449519,48.7171498],[2.4478853,48.7179142],[2.4480912,48.7185601],[2.4477058,48.719288],[2.4473248,48.7194991],[2.4478343,48.7200314],[2.4478379,48.7204819],[2.4484494,48.7216125],[2.4481137,48.7229932],[2.4484658,48.7231719],[2.4506085,48.7212751],[2.4514793,48.7217593],[2.4525003,48.7212042],[2.452051,48.720704],[2.4541713,48.7204488],[2.4543579,48.720812],[2.4541165,48.7208482],[2.4545514,48.721659],[2.4561852,48.7211677],[2.456655,48.721622],[2.4567473,48.7220124],[2.4539955,48.7224665],[2.4524003,48.722892],[2.4518455,48.723122],[2.4524131,48.7235829],[2.4533883,48.7234976],[2.4541588,48.7246251],[2.4563,48.7239643],[2.4598965,48.7237957],[2.4603415,48.7259956],[2.4627971,48.7262845],[2.4633164,48.7268572],[2.4648959,48.72698],[2.4649064,48.7285898],[2.4657391,48.7294174],[2.4668089,48.7295888],[2.4677623,48.7281718],[2.4678323,48.7266591],[2.4700966,48.7270092],[2.4716426,48.7275428],[2.4727016,48.7275604],[2.4726745,48.7307679],[2.4722948,48.731738],[2.4729011,48.7330309],[2.4719786,48.7361511],[2.4719505,48.7386356],[2.4707715,48.7379152],[2.4705583,48.737992],[2.4684123,48.7396707],[2.4681869,48.7395445],[2.4657554,48.7419133],[2.4648553,48.7414409],[2.4643286,48.7408955],[2.4632946,48.7388882],[2.4622996,48.7375301],[2.4611373,48.7380332],[2.4602092,48.7387136],[2.4587649,48.7393705],[2.4580797,48.7398705],[2.457083,48.7401457],[2.4575682,48.7412436],[2.4590159,48.7431726],[2.4594303,48.7445795],[2.4620986,48.7473232],[2.4601696,48.7480675],[2.4569293,48.7483661],[2.4533291,48.7490754],[2.4537921,48.7519224],[2.454261,48.7519705],[2.4544102,48.7525307],[2.4535597,48.7546273],[2.4534211,48.7554895],[2.4516831,48.7581321],[2.4491261,48.761093],[2.4485418,48.7609113],[2.4478935,48.7616074],[2.4470413,48.7618771],[2.4470689,48.7620619],[2.4446666,48.762959],[2.4414,48.7612277],[2.4368673,48.7623754],[2.4340793,48.7634416],[2.4265777,48.7606081],[2.4285775,48.7581307],[2.4256924,48.7570737],[2.4258573,48.756509],[2.4285736,48.7526372],[2.4285711,48.7515392],[2.4274234,48.7509227],[2.4326199,48.748164],[2.4355887,48.7461467],[2.4377465,48.7439179],[2.4395753,48.7412787],[2.4429738,48.7383324],[2.4441622,48.7368954],[2.4448369,48.7351794],[2.4449507,48.7336756],[2.4445369,48.7305147],[2.4438377,48.7278473],[2.442875,48.7266774],[2.4417144,48.7260504],[2.4396349,48.7252556],[2.4406931,48.7242298],[2.4418849,48.7238712],[2.4435429,48.724399],[2.4434967,48.7229231],[2.442298,48.7216528],[2.4429402,48.7207773],[2.4431221,48.7205373],[2.4434638,48.7206449],[2.444173,48.7194068],[2.4458483,48.7173214],[2.4475989,48.7157171],[2.4487971,48.7148121],[2.4509629,48.7144113]]]]}},{"type":"Feature","properties":{"id":"94079","nom":"VILLIERS SUR MARNE","created":"2018-05-15","updated":"2025-12-31","code_commune":"94079"},"geometry":{"type":"MultiPolygon","coordinates":[[[[2.5347801,48.8170616],[2.5401677,48.8182443],[2.5411555,48.8187842],[2.5426777,48.8189631],[2.5436498,48.8195253],[2.54493,48.8198232],[2.5482628,48.8198467],[2.5487117,48.8196888],[2.5492709,48.8190881],[2.5501031,48.818673],[2.5531959,48.8185721],[2.5544845,48.8182134],[2.5562281,48.8189632],[2.5568416,48.8190263],[2.5573592,48.8187598],[2.5578979,48.8193908],[2.5560595,48.8209148],[2.5596779,48.8227833],[2.5623748,48.8214798],[2.5637687,48.8205792],[2.565098,48.8203447],[2.5674539,48.8193429],[2.5686306,48.8181232],[2.5709438,48.8225963],[2.5724749,48.8235049],[2.5691486,48.8240996],[2.5686893,48.8244325],[2.5613209,48.8265245],[2.5605653,48.8289018],[2.5580529,48.8300899],[2.5567627,48.8316366],[2.5553943,48.831058],[2.5533918,48.8326884],[2.5527123,48.8323982],[2.5492253,48.8350397],[2.5474504,48.8341444],[2.547295,48.8360646],[2.5441213,48.8349926],[2.5380785,48.836764],[2.5366555,48.8385023],[2.5356305,48.8382256],[2.5364449,48.8372897],[2.5335628,48.8355921],[2.5352407,48.8343586],[2.5335983,48.8322706],[2.5333298,48.8318523],[2.5336382,48.8317212],[2.5319038,48.8292614],[2.5281549,48.8288675],[2.5264893,48.8288414],[2.5254914,48.8271941],[2.5240344,48.8270772],[2.5239157,48.8252415],[2.524204,48.8252266],[2.5241922,48.8248316],[2.5255095,48.8247868],[2.5259392,48.8240018],[2.5257502,48.8229484],[2.5249589,48.8214283],[2.5256453,48.8212717],[2.5255616,48.8211282],[2.5267125,48.8210314],[2.5270467,48.8211835],[2.5286658,48.8212546],[2.5287555,48.8211034],[2.5295299,48.8212146],[2.5303403,48.820713],[2.5316434,48.820268],[2.5323646,48.8197706],[2.5329659,48.8191353],[2.5333227,48.8183254],[2.5344822,48.8183133],[2.5347801,48.8170616]]]]}},{"type":"Feature","properties":{"id":"94080","nom":"VINCENNES","created":"2018-05-15","updated":"2026-04-01","code_commune":"94080"},"geometry":{"type":"MultiPolygon","coordinates":[[[[2.4371873,48.8408922],[2.4379384,48.844569],[2.4405096,48.8443496],[2.4408584,48.8452077],[2.440683,48.8452081],[2.4407596,48.8459139],[2.4465291,48.8457482],[2.4464116,48.8449285],[2.4478476,48.8448047],[2.447976,48.8468102],[2.451272,48.8464067],[2.457765,48.8452814],[2.4578713,48.8457181],[2.4563038,48.8465173],[2.4564642,48.847101],[2.4558977,48.8473289],[2.456277,48.8487043],[2.4559995,48.8487361],[2.4562939,48.8496366],[2.4557231,48.8499007],[2.4543613,48.8499538],[2.449917,48.8509648],[2.4496633,48.8509295],[2.4495367,48.8505819],[2.4444498,48.8518288],[2.4424885,48.8519044],[2.4433009,48.852568],[2.442553,48.8528939],[2.4388126,48.8530198],[2.4376414,48.8532205],[2.437336,48.8528203],[2.4352232,48.8533705],[2.4345654,48.8508184],[2.4326774,48.851135],[2.4315142,48.8509167],[2.4295674,48.8510508],[2.4293015,48.8487526],[2.4189396,48.8493895],[2.4186334,48.8463825],[2.4282088,48.8455432],[2.4279246,48.8452109],[2.428326,48.8451616],[2.427558,48.8415099],[2.4336304,48.8409911],[2.43367,48.8411973],[2.4371873,48.8408922]]]]}},{"type":"Feature","properties":{"id":"94081","nom":"VITRY SUR SEINE","created":"2018-05-15","updated":"2025-12-15","code_commune":"94081"},"geometry":{"type":"MultiPolygon","coordinates":[[[[2.3710231,48.7700673],[2.3741987,48.7717852],[2.3762543,48.7707899],[2.3768843,48.7713829],[2.3765583,48.7714913],[2.3776491,48.7723084],[2.3778575,48.7722129],[2.3791306,48.7731051],[2.3808762,48.7720569],[2.381885,48.7717731],[2.3881023,48.7732199],[2.3886022,48.7719193],[2.3925587,48.772335],[2.3923479,48.7733492],[2.3937349,48.7737504],[2.4003241,48.7750762],[2.4020108,48.7729646],[2.4057394,48.7735691],[2.4057022,48.7738377],[2.4119453,48.7742918],[2.4128672,48.7756374],[2.4148886,48.7774764],[2.4158492,48.7786092],[2.4208276,48.7857871],[2.4224331,48.7890118],[2.4228252,48.7911569],[2.4222497,48.7933157],[2.4206741,48.7958676],[2.415946,48.7995502],[2.4099571,48.8046861],[2.4090666,48.806424],[2.4088529,48.8085116],[2.4041516,48.8081102],[2.4052493,48.8046114],[2.4049641,48.8042803],[2.4043363,48.8045127],[2.4022699,48.8042852],[2.4022461,48.804042],[2.4006448,48.804029],[2.4003941,48.8045316],[2.3996664,48.8043155],[2.3983675,48.8016591],[2.3973778,48.802481],[2.394701,48.7998618],[2.3934994,48.800655],[2.3930906,48.8004299],[2.3927575,48.8005038],[2.3917551,48.7993383],[2.3900239,48.8001487],[2.3891472,48.8000599],[2.3886325,48.8004377],[2.3869362,48.8003542],[2.3866621,48.8007352],[2.3856434,48.8043075],[2.3828652,48.8034123],[2.3793531,48.8014091],[2.3757577,48.805985],[2.3711993,48.8040274],[2.3730619,48.8025225],[2.3699236,48.8007825],[2.3709,48.7997246],[2.3698492,48.7991464],[2.3719538,48.7971509],[2.3702663,48.7965471],[2.3713431,48.7950747],[2.3725831,48.7927979],[2.3739139,48.7914704],[2.373702,48.7913333],[2.3747497,48.7901179],[2.3741938,48.7900152],[2.3768641,48.786668],[2.3746068,48.7856206],[2.3717759,48.783466],[2.3694622,48.7823501],[2.3708946,48.7806854],[2.3673447,48.7794395],[2.367797,48.7719261],[2.3683812,48.7721293],[2.3710231,48.7700673]]]]}},{"type":"Feature","properties":{"id":"95014","nom":"ANDILLY","created":"2006-06-13","updated":"2026-02-05","code_commune":"95014"},"geometry":{"type":"MultiPolygon","coordinates":[[[[2.2955566,48.9955792],[2.3037032,48.9974014],[2.3049832,48.9994202],[2.3050275,49.0007873],[2.3059518,49.0025278],[2.3077059,49.0021768],[2.3087795,49.0017368],[2.3107135,49.0020189],[2.310633,49.0017096],[2.3110352,49.0039203],[2.3115724,49.0043131],[2.3126753,49.0045953],[2.3130652,49.0050085],[2.3107655,49.0063728],[2.3138757,49.0080174],[2.3132196,49.0089539],[2.3123064,49.0097169],[2.3120471,49.0110102],[2.3113619,49.0118951],[2.3116911,49.0130163],[2.3126696,49.014395],[2.3127644,49.0158159],[2.313063,49.0165501],[2.3042335,49.020771],[2.3044203,49.0228283],[2.3051907,49.023161],[2.3059883,49.0232996],[2.305812,49.02377],[2.3045616,49.0240081],[2.3026494,49.0240074],[2.3026314,49.0239048],[2.3015032,49.0240497],[2.3012869,49.0233267],[2.3016272,49.0229195],[2.3022472,49.0227414],[2.3027027,49.0215149],[2.3031235,49.0210894],[2.3020954,49.0202708],[2.3015293,49.0194564],[2.3004045,49.0189049],[2.3002164,49.0185887],[2.3002877,49.0176826],[2.3005386,49.0173024],[2.3002921,49.0170187],[2.3009398,49.016641],[2.3016018,49.0159157],[2.3010676,49.0153821],[2.2999262,49.0148539],[2.2981722,49.0117853],[2.2975599,49.0110539],[2.2956611,49.0107214],[2.2947244,49.0089631],[2.2941674,49.0092362],[2.2929487,49.0075742],[2.2922875,49.0078116],[2.2918318,49.0072092],[2.2923755,49.0070564],[2.2921628,49.0067272],[2.2918375,49.0068062],[2.2915234,49.0063615],[2.2949486,49.0058885],[2.2944855,49.0044654],[2.2947356,49.0044315],[2.2947682,49.0038085],[2.2972267,49.0034456],[2.2960081,49.0024044],[2.2949716,49.0005708],[2.2943013,48.9997819],[2.2935466,48.9993468],[2.2921259,48.9989372],[2.2901497,48.996816],[2.2927784,48.995946],[2.2946412,48.995604],[2.2955566,48.9955792]]]]}},{"type":"Feature","properties":{"id":"95018","nom":"ARGENTEUIL","created":"2002-01-11","updated":"2025-10-27","code_commune":"95018"},"geometry":{"type":"MultiPolygon","coordinates":[[[[2.2303951,48.928341],[2.2324738,48.9286193],[2.2372552,48.9310505],[2.241781,48.9328333],[2.2456003,48.9355882],[2.2471147,48.9364946],[2.2504867,48.9381853],[2.2556886,48.9402741],[2.2594143,48.9428462],[2.2650987,48.9450139],[2.2686548,48.9465844],[2.2736685,48.9475893],[2.2809078,48.9496418],[2.2852896,48.9504149],[2.2907994,48.9510854],[2.2922221,48.9514702],[2.2903626,48.9547654],[2.2902606,48.9553167],[2.2900633,48.9552947],[2.2882757,48.9584047],[2.2883911,48.959874],[2.2873206,48.9599389],[2.2873067,48.9597802],[2.2831086,48.959416],[2.2827772,48.9600881],[2.2797007,48.9595942],[2.2799511,48.959975],[2.2796702,48.961354],[2.2792626,48.9613832],[2.2791808,48.9618727],[2.2765292,48.9620233],[2.2765089,48.9634512],[2.2761064,48.9635123],[2.2762711,48.9640435],[2.2746748,48.9640939],[2.2731274,48.9636589],[2.2730783,48.9642395],[2.2712967,48.9642947],[2.2711644,48.9640842],[2.2686308,48.9638956],[2.2678072,48.9636544],[2.2677947,48.9631771],[2.2657258,48.9631341],[2.265531,48.962911],[2.265055,48.9629875],[2.2644708,48.9620274],[2.2640443,48.9621494],[2.2637684,48.9617647],[2.2633017,48.9622914],[2.2589902,48.9634519],[2.2569171,48.9636816],[2.2568556,48.9634228],[2.2545979,48.963731],[2.2544165,48.9634677],[2.2537092,48.9637116],[2.2536625,48.9634981],[2.2499983,48.9636487],[2.2481877,48.9641622],[2.2494239,48.9653323],[2.2459239,48.9666787],[2.243787,48.9670649],[2.2435391,48.9672354],[2.2427774,48.9665799],[2.2419735,48.9668291],[2.2409676,48.9669017],[2.2404815,48.9671545],[2.2387084,48.9675024],[2.2375879,48.9679451],[2.2357849,48.9683343],[2.2344947,48.9681942],[2.2317534,48.9674801],[2.2311754,48.9687894],[2.2302419,48.969547],[2.2303669,48.97013],[2.2257326,48.9710236],[2.2247347,48.9715264],[2.2238869,48.97227],[2.2234612,48.9723599],[2.2233977,48.9722392],[2.2228473,48.9724541],[2.220389,48.9700138],[2.2201049,48.9701539],[2.2187469,48.9688934],[2.2184991,48.9690156],[2.2162903,48.966401],[2.2134921,48.9637425],[2.2114502,48.9646985],[2.2065224,48.9602869],[2.2033983,48.95654],[2.2053722,48.9558207],[2.206268,48.9461603],[2.2060597,48.9458945],[2.2052563,48.9413975],[2.2057606,48.9413554],[2.2060937,48.9406546],[2.2068217,48.9413561],[2.2068951,48.9394008],[2.2082788,48.9395618],[2.2083835,48.9390125],[2.2103534,48.938946],[2.2103039,48.9380108],[2.2132024,48.9376047],[2.2134499,48.9377627],[2.2141057,48.9370656],[2.2150394,48.9373941],[2.2151268,48.937193],[2.215903,48.937344],[2.2162809,48.936908],[2.2173185,48.9372471],[2.2174345,48.9365154],[2.2172599,48.9359608],[2.21973,48.934836],[2.2219722,48.9346885],[2.223184,48.9331089],[2.223139,48.9328423],[2.2244473,48.9308025],[2.2256655,48.9292316],[2.2278633,48.9304194],[2.2303951,48.928341]]]]}},{"type":"Feature","properties":{"id":"95019","nom":"ARNOUVILLE","created":"2015-07-20","updated":"2026-05-22","code_commune":"95019"},"geometry":{"type":"MultiPolygon","coordinates":[[[[2.424397,48.9747499],[2.4248008,48.9748685],[2.4252166,48.9758834],[2.4250823,48.9760125],[2.4252325,48.9759647],[2.4253105,48.976858],[2.4313466,48.979155],[2.4315817,48.9795061],[2.4322571,48.9797242],[2.4323726,48.9800846],[2.430629,48.9828728],[2.4273522,48.9853169],[2.42689,48.985381],[2.4260125,48.9868453],[2.4254133,48.987365],[2.424428,48.9889112],[2.423153,48.9925352],[2.4225802,48.9931862],[2.4218074,48.9930892],[2.4211802,48.9943144],[2.422196,48.9945156],[2.4204536,48.9962603],[2.4164834,48.9986202],[2.4164214,48.9981593],[2.4144871,48.9980556],[2.4155788,48.9952202],[2.4140377,48.9951514],[2.4138086,48.9937608],[2.4119637,48.9938123],[2.4118761,48.993579],[2.4100509,48.993839],[2.4098667,48.993539],[2.4093134,48.9936607],[2.4081722,48.9918468],[2.4063256,48.9895211],[2.4057244,48.989796],[2.4048024,48.9889096],[2.4045904,48.9890095],[2.4035195,48.9879578],[2.4033288,48.9880325],[2.4011144,48.9847569],[2.4017922,48.9847214],[2.4013215,48.9827711],[2.4038141,48.9822517],[2.4040709,48.9830564],[2.4042744,48.9828965],[2.4049434,48.9828272],[2.4071249,48.9827994],[2.4079172,48.9821258],[2.4084682,48.9820622],[2.4095277,48.9815217],[2.4120984,48.9808924],[2.4134911,48.9809885],[2.4157325,48.9808462],[2.418103,48.9799939],[2.4185441,48.9804809],[2.4181868,48.9800016],[2.4175541,48.9801505],[2.4165472,48.9784581],[2.4177402,48.9780944],[2.4178402,48.9778035],[2.4182445,48.9779404],[2.4210147,48.9770988],[2.42122,48.9767376],[2.4210774,48.9765534],[2.4223001,48.9763791],[2.4233338,48.9753882],[2.424397,48.9747499]]]]}},{"type":"Feature","properties":{"id":"95039","nom":"AUVERS SUR OISE","created":"2011-07-21","updated":"2026-01-28","code_commune":"95039"},"geometry":{"type":"MultiPolygon","coordinates":[[[[2.1682738,49.0641144],[2.1694697,49.0642381],[2.1705346,49.0646489],[2.177474,49.0692415],[2.1790299,49.0700875],[2.1816907,49.0707035],[2.1850324,49.0711139],[2.1892948,49.0721758],[2.1906104,49.0725813],[2.1933016,49.0738052],[2.1909615,49.0758566],[2.1900479,49.0753291],[2.1887293,49.0761412],[2.1885552,49.0760425],[2.1869954,49.0772457],[2.186786,49.0771322],[2.1876365,49.0776116],[2.1865109,49.0784915],[2.1853418,49.0780345],[2.1844035,49.077433],[2.1823004,49.0767203],[2.1718096,49.0868618],[2.1715497,49.0875393],[2.173465,49.0881553],[2.1717432,49.0908301],[2.1724822,49.0911822],[2.1715368,49.0928996],[2.1690662,49.0960207],[2.1665804,49.0984023],[2.1652782,49.09935],[2.1651252,49.0993048],[2.161448,49.1030292],[2.1542689,49.1055407],[2.1508915,49.1038044],[2.1497758,49.1042314],[2.1485131,49.1029952],[2.1477414,49.1015955],[2.1474132,49.1016595],[2.1475109,49.100284],[2.1453107,49.0992809],[2.1421578,49.0967856],[2.146253,49.0948688],[2.1487464,49.0925809],[2.1477994,49.0921607],[2.1478785,49.0920704],[2.145818,49.091377],[2.1451168,49.0921748],[2.1432395,49.0913579],[2.1424993,49.0922075],[2.138137,49.0906489],[2.1377931,49.0907488],[2.133655,49.0883358],[2.1337805,49.0882735],[2.1329337,49.0876883],[2.13316,49.0875947],[2.131042,49.0858543],[2.1305385,49.0860718],[2.1289411,49.0845187],[2.1312438,49.0835887],[2.1305956,49.0831897],[2.1335705,49.0807511],[2.1312749,49.0798696],[2.1313548,49.0797182],[2.1302087,49.0793147],[2.1301076,49.0794015],[2.128974,49.0789136],[2.126243,49.0775902],[2.1257483,49.0771872],[2.1247277,49.0737491],[2.1251747,49.0732868],[2.1257498,49.0730729],[2.1260367,49.0726942],[2.1235851,49.0719413],[2.1238816,49.0711121],[2.124226,49.0707694],[2.1238608,49.0704255],[2.1241043,49.0703401],[2.1218529,49.0675788],[2.1228566,49.0669912],[2.1210606,49.0656643],[2.1203203,49.06466],[2.1214951,49.0639379],[2.1247516,49.0655593],[2.1270293,49.0640105],[2.1288521,49.0646656],[2.1305689,49.0660497],[2.1314012,49.0664912],[2.1334037,49.0670783],[2.1350322,49.0672685],[2.1366382,49.0671066],[2.1390995,49.0665229],[2.1403013,49.0665378],[2.1427147,49.0669484],[2.145688,49.0669279],[2.1463014,49.0670615],[2.1482545,49.0669336],[2.1504395,49.0665581],[2.1528511,49.0658787],[2.1563815,49.0652984],[2.1588594,49.0645436],[2.1633681,49.064634],[2.1682738,49.0641144]]]]}},{"type":"Feature","properties":{"id":"95051","nom":"BEAUCHAMP","created":"2015-07-16","updated":"2025-12-30","code_commune":"95051"},"geometry":{"type":"MultiPolygon","coordinates":[[[[2.213264,49.0016914],[2.214975,49.0035387],[2.2015186,49.0080141],[2.2054943,49.0129663],[2.2031468,49.0137405],[2.2034844,49.0155875],[2.2057248,49.0195483],[2.2030831,49.0198793],[2.1975392,49.0209554],[2.1928058,49.021602],[2.1895091,49.0218575],[2.1872408,49.0229419],[2.1829188,49.0253854],[2.1816796,49.0245019],[2.1804448,49.0232601],[2.1776472,49.0194053],[2.1772343,49.0192222],[2.177716,49.0193904],[2.1763749,49.0183045],[2.1750597,49.0167062],[2.1747589,49.0167472],[2.1730833,49.0142976],[2.195946,49.0080406],[2.1996376,49.0068157],[2.213264,49.0016914]]]]}},{"type":"Feature","properties":{"id":"95060","nom":"BESSANCOURT","created":"2009-04-06","updated":"2026-06-10","code_commune":"95060"},"geometry":{"type":"MultiPolygon","coordinates":[[[[2.1829567,49.0254069],[2.1852551,49.0274294],[2.190855,49.0300746],[2.1918224,49.0307331],[2.1946542,49.0314421],[2.196526,49.0315194],[2.1982379,49.0322576],[2.2109898,49.0308824],[2.2173743,49.0312808],[2.2186572,49.0320153],[2.2187817,49.0319421],[2.221298,49.0331215],[2.2211913,49.0332173],[2.2223462,49.0336387],[2.2247836,49.034146],[2.2260396,49.0366519],[2.2262494,49.038013],[2.2268371,49.038783],[2.2277212,49.0394282],[2.2291707,49.0421736],[2.2298333,49.0426136],[2.231325,49.0429237],[2.2302336,49.0430253],[2.2278137,49.0439377],[2.2279483,49.0441296],[2.2265701,49.0444045],[2.2218302,49.0459917],[2.2201559,49.046348],[2.2176224,49.0462805],[2.2164243,49.0468303],[2.2149438,49.0471],[2.2139895,49.0474322],[2.213389,49.0469872],[2.2127354,49.0472459],[2.2122146,49.0467275],[2.2114518,49.047108],[2.2109588,49.0467486],[2.2093842,49.0467822],[2.2094368,49.0462253],[2.2064688,49.0459341],[2.2057169,49.04551],[2.2038864,49.0450246],[2.2030928,49.0456265],[2.2021356,49.0469016],[2.2011375,49.0457832],[2.2001589,49.0451033],[2.1997923,49.0452712],[2.1994949,49.045085],[2.1967994,49.0428579],[2.1944692,49.044102],[2.1924022,49.0429896],[2.1906602,49.0414962],[2.1889893,49.0420821],[2.19009,49.0433848],[2.1830056,49.0453938],[2.181066,49.0443465],[2.1796949,49.0432807],[2.1783961,49.0417368],[2.1733228,49.0383813],[2.1698937,49.0355556],[2.1688109,49.0342087],[2.1682044,49.0314573],[2.1797003,49.0271463],[2.1829567,49.0254069]]]]}},{"type":"Feature","properties":{"id":"95063","nom":"BEZONS","created":"2008-02-27","updated":"2026-04-21","code_commune":"95063"},"geometry":{"type":"MultiPolygon","coordinates":[[[[2.2004057,48.9087197],[2.2036723,48.9099139],[2.2080022,48.9117934],[2.2128458,48.914929],[2.2137709,48.9163898],[2.21775,48.9188481],[2.2201229,48.9207928],[2.2314323,48.9276341],[2.22787,48.9304253],[2.2256671,48.9292252],[2.2244463,48.9308047],[2.2231323,48.9328785],[2.2232915,48.9329779],[2.2220558,48.9345938],[2.2212231,48.9347771],[2.219757,48.9348428],[2.2172105,48.9359832],[2.2174383,48.9364914],[2.2173007,48.937236],[2.2162824,48.9369168],[2.2159373,48.9371297],[2.2159086,48.9373508],[2.2151248,48.9371994],[2.2150428,48.9374038],[2.2141059,48.9370729],[2.2134719,48.9377629],[2.2132147,48.9376029],[2.2110157,48.9379941],[2.2103275,48.937959],[2.2103593,48.9389352],[2.2083262,48.939012],[2.2082765,48.9395753],[2.2069085,48.9393995],[2.2067221,48.9413883],[2.2059442,48.9404859],[2.2054306,48.9401554],[2.2027751,48.9399714],[2.2029901,48.937756],[2.2020696,48.9376576],[2.2015472,48.9378459],[2.2020853,48.9356994],[2.2010198,48.936091],[2.199279,48.9352826],[2.2025245,48.9303261],[2.2022129,48.9302219],[2.2028025,48.9293239],[2.2024867,48.9292162],[2.2036934,48.9275806],[2.2030524,48.9273784],[2.2045535,48.9252561],[2.2039752,48.9250752],[2.2043392,48.9244914],[2.2040872,48.9245061],[2.20463,48.9237011],[2.2042992,48.9236002],[2.2051192,48.9220062],[2.2022898,48.9209388],[2.1991904,48.9189828],[2.1998076,48.9187336],[2.2008113,48.9180005],[2.2038758,48.914537],[2.2005244,48.9131764],[2.1981829,48.9120311],[2.2004057,48.9087197]]]]}},{"type":"Feature","properties":{"id":"95088","nom":"BONNEUIL-EN-FRANCE","created":"2009-02-10","updated":"2025-12-10","code_commune":"95088"},"geometry":{"type":"MultiPolygon","coordinates":[[[[2.4503197,48.954967],[2.4528362,48.9553253],[2.4539776,48.955643],[2.4558946,48.9556721],[2.4577856,48.9597406],[2.4545763,48.961368],[2.4509758,48.962883],[2.451495,48.9634729],[2.4486557,48.9645383],[2.44788,48.9649844],[2.4462983,48.9666348],[2.4454705,48.9713133],[2.444829,48.9723878],[2.4441964,48.9723149],[2.4371449,48.9737039],[2.440613,48.9770857],[2.4347138,48.9784989],[2.434824,48.9785761],[2.4324074,48.9800183],[2.4322416,48.9796907],[2.4316215,48.979528],[2.4313604,48.9791349],[2.4252827,48.9768776],[2.4251918,48.9759642],[2.4247661,48.9748698],[2.4244318,48.9747555],[2.4242843,48.9742468],[2.4232331,48.9736725],[2.4221279,48.9733481],[2.4229943,48.9728938],[2.4210771,48.9719936],[2.4211211,48.971752],[2.4206225,48.9717649],[2.42004,48.9708605],[2.419674,48.970798],[2.4194998,48.9709868],[2.4178811,48.9699163],[2.4173879,48.9700287],[2.4171709,48.9699038],[2.4170942,48.9695418],[2.4172942,48.9693445],[2.416675,48.9689349],[2.4190566,48.9678638],[2.4179161,48.9660962],[2.4177124,48.9653183],[2.4179452,48.9653059],[2.4179594,48.9651466],[2.4177071,48.9652828],[2.4176928,48.9648126],[2.4181557,48.9638277],[2.4193677,48.9623788],[2.4193794,48.9621022],[2.4171064,48.9618357],[2.4170387,48.9610919],[2.4171531,48.9604053],[2.417966,48.9596014],[2.4188404,48.9577238],[2.4225949,48.9588657],[2.4252249,48.9591365],[2.425943,48.9594196],[2.4269857,48.9594215],[2.4282522,48.9592773],[2.4293427,48.9586744],[2.4299358,48.9585698],[2.4299834,48.9583798],[2.4326182,48.9575929],[2.4331328,48.9567875],[2.4337456,48.9565857],[2.4341289,48.9559441],[2.4352557,48.9556816],[2.4353103,48.9554479],[2.4356411,48.9554008],[2.4356933,48.9550833],[2.4370679,48.9557553],[2.4390973,48.9558625],[2.4417805,48.9565807],[2.443307,48.9565196],[2.4434937,48.9566384],[2.4437029,48.9565414],[2.4439198,48.9567372],[2.4445745,48.9567573],[2.4447006,48.9565768],[2.445094,48.9567821],[2.4475307,48.9558013],[2.4480197,48.9559499],[2.4491357,48.9551557],[2.4503197,48.954967]]]]}},{"type":"Feature","properties":{"id":"95091","nom":"BOUFFEMONT","created":"2015-02-02","updated":"2025-10-27","code_commune":"95091"},"geometry":{"type":"MultiPolygon","coordinates":[[[[2.2938459,49.0304387],[2.2954233,49.0318434],[2.297172,49.0325072],[2.2979549,49.0330545],[2.2983635,49.0341457],[2.299285,49.0351953],[2.3009646,49.0339635],[2.3015682,49.03684],[2.3056905,49.0372613],[2.3059876,49.0381724],[2.3067054,49.0388402],[2.3075871,49.0382934],[2.3083175,49.0385918],[2.3102545,49.0400034],[2.312144,49.0375443],[2.3135171,49.0381441],[2.3172319,49.0406057],[2.3192019,49.0413317],[2.3218609,49.0435693],[2.3243796,49.0445812],[2.321788,49.0509216],[2.3176175,49.0499147],[2.3170545,49.0493905],[2.3126137,49.0494009],[2.3067594,49.0471588],[2.3068127,49.0469257],[2.30439,49.0469591],[2.3013182,49.0481696],[2.3006544,49.0485098],[2.3007738,49.0488692],[2.2998852,49.0503029],[2.2990442,49.0502018],[2.296704,49.0495175],[2.295179,49.0484842],[2.2948149,49.0487055],[2.2937364,49.0479972],[2.2936276,49.0473429],[2.2937481,49.0481362],[2.2902826,49.0463378],[2.2886333,49.0477115],[2.2861887,49.0501907],[2.2860383,49.050088],[2.2847449,49.0490282],[2.2845027,49.0484714],[2.2846004,49.0465664],[2.2836714,49.0455152],[2.2830393,49.0452386],[2.2813959,49.0438134],[2.2806593,49.043383],[2.2793528,49.0428909],[2.2781726,49.0422191],[2.2767621,49.0418559],[2.2753296,49.0398441],[2.2747707,49.0363216],[2.2832555,49.0336908],[2.2836558,49.0331233],[2.2855463,49.0330909],[2.2938459,49.0304387]]]]}},{"type":"Feature","properties":{"id":"95120","nom":"BUTRY-SUR-OISE","created":"2016-07-13","updated":"2025-10-27","code_commune":"95120"},"geometry":{"type":"MultiPolygon","coordinates":[[[[2.1933424,49.0737946],[2.1960438,49.0753872],[2.1985301,49.0775182],[2.2001115,49.0791486],[2.2021308,49.0822385],[2.2051996,49.0854465],[2.2063749,49.0870522],[2.2083623,49.0910509],[2.2013119,49.0923414],[2.200316,49.0919061],[2.1983818,49.0919933],[2.1964845,49.0926797],[2.1959894,49.0917617],[2.195015,49.0927208],[2.1947092,49.0927201],[2.1949549,49.0920234],[2.1959422,49.0910564],[2.1961019,49.0906081],[2.1958961,49.089782],[2.1952561,49.0889569],[2.1950414,49.0882975],[2.1924109,49.0892468],[2.1908951,49.0899732],[2.1851357,49.0862373],[2.184608,49.0865738],[2.1834273,49.0857618],[2.181296,49.0868055],[2.179965,49.0876488],[2.1773989,49.0867067],[2.1763552,49.0880465],[2.1748764,49.0875416],[2.1742999,49.0884524],[2.1715515,49.0875389],[2.1718096,49.0868529],[2.1726996,49.085921],[2.1823105,49.0766996],[2.1844085,49.077414],[2.1853713,49.0780267],[2.1865273,49.0784759],[2.1876229,49.0776114],[2.1870004,49.0772435],[2.1885651,49.0760394],[2.1887409,49.0761362],[2.1900555,49.0753372],[2.1909695,49.0758597],[2.1933424,49.0737946]]]]}},{"type":"Feature","properties":{"id":"95127","nom":"CERGY","created":"2000-09-05","updated":"2026-01-05","code_commune":"95127"},"geometry":{"type":"MultiPolygon","coordinates":[[[[2.0754706,49.017992],[2.0760853,49.0184321],[2.0759625,49.0184784],[2.0766198,49.0192422],[2.0777626,49.0189934],[2.080333,49.0189632],[2.0855984,49.0198534],[2.0874143,49.0203215],[2.0879837,49.020642],[2.0885783,49.0211283],[2.0907469,49.0241466],[2.0901214,49.0243748],[2.0903122,49.0248306],[2.0901087,49.024871],[2.0910771,49.0271381],[2.0909335,49.0289418],[2.0906112,49.029608],[2.0893598,49.0286616],[2.0873781,49.0290212],[2.0868774,49.0286943],[2.086259,49.0285357],[2.0851306,49.0286381],[2.0844131,49.0291706],[2.0841103,49.0302426],[2.0836945,49.0308489],[2.0842144,49.0322698],[2.085083,49.0329994],[2.082671,49.0346972],[2.0875499,49.0385005],[2.0835118,49.040118],[2.0792569,49.0423503],[2.0713776,49.0476972],[2.0684627,49.0498828],[2.066379,49.0511093],[2.0643426,49.0520722],[2.0615489,49.0531237],[2.0584201,49.0539757],[2.0468618,49.0560231],[2.0466598,49.0540002],[2.0430235,49.0541923],[2.0394476,49.0551421],[2.0379423,49.0553926],[2.029289,49.055768],[2.0284485,49.056019],[2.0279067,49.0564686],[2.0255101,49.0553269],[2.0245459,49.054173],[2.0143788,49.0552155],[2.0107203,49.0562114],[2.0099873,49.0555798],[2.0060441,49.0547386],[2.003241,49.0537943],[1.9999874,49.0517804],[2.004781,49.0502764],[2.0044151,49.0497009],[2.0069567,49.0491968],[2.0066959,49.0486285],[2.0083185,49.0483102],[2.0078788,49.0471479],[2.0090197,49.0467363],[2.0078397,49.0457493],[2.007013,49.0445779],[2.0104302,49.0438685],[2.0133895,49.0417557],[2.0161173,49.0401596],[2.0159306,49.0397148],[2.0160728,49.0395972],[2.0196521,49.0385773],[2.0216327,49.0387504],[2.0218353,49.0381217],[2.0256582,49.0384164],[2.0255665,49.0388495],[2.0260275,49.0389329],[2.0271361,49.037415],[2.0282505,49.037154],[2.0300234,49.0370471],[2.0307131,49.0368072],[2.0325711,49.0370568],[2.0335385,49.0373826],[2.0341553,49.0378052],[2.034884,49.0386929],[2.0357401,49.0383086],[2.0367511,49.0374106],[2.0368599,49.0374956],[2.0370709,49.0373844],[2.03977,49.0355887],[2.0395647,49.0350927],[2.038203,49.0338443],[2.0500842,49.0285184],[2.0491403,49.0277467],[2.0504905,49.027023],[2.0508726,49.0263346],[2.0542622,49.0243829],[2.0564072,49.0233823],[2.0563371,49.0231346],[2.0578014,49.0227531],[2.0591913,49.0248595],[2.0598939,49.0253904],[2.0609316,49.0258708],[2.06587,49.0220129],[2.0679516,49.0205849],[2.070477,49.0192626],[2.0754706,49.017992]]]]}},{"type":"Feature","properties":{"id":"95134","nom":"CHAMPAGNE SUR-OISE","created":"2007-04-16","updated":"2026-02-10","code_commune":"95134"},"geometry":{"type":"MultiPolygon","coordinates":[[[[2.2173343,49.1239738],[2.2198273,49.1266189],[2.2217622,49.1274615],[2.2234175,49.1279694],[2.2266689,49.1285699],[2.2290393,49.1292902],[2.2323836,49.1294965],[2.2339536,49.1299705],[2.2365673,49.1310634],[2.2378644,49.1311995],[2.2429777,49.1309456],[2.2460626,49.131229],[2.2495738,49.1312692],[2.2591079,49.1323176],[2.2617358,49.1337601],[2.2626525,49.1344343],[2.2635995,49.1360084],[2.2615614,49.1371131],[2.2610543,49.1367286],[2.2585915,49.1396371],[2.2593598,49.1398957],[2.2585506,49.1412074],[2.2593975,49.1414827],[2.2581306,49.1429115],[2.2572884,49.1426433],[2.2556424,49.1445205],[2.2544382,49.1439629],[2.2521155,49.1468728],[2.2527292,49.1472454],[2.2511416,49.1478079],[2.2404769,49.1494845],[2.2413264,49.1515913],[2.2388182,49.1519833],[2.2385868,49.1518232],[2.2369447,49.1518913],[2.2335586,49.151554],[2.2335675,49.1526663],[2.2317784,49.1524368],[2.232112,49.1514379],[2.2293018,49.1515348],[2.2242321,49.1520093],[2.2223041,49.1522572],[2.2168437,49.1538926],[2.2168279,49.1541241],[2.2134128,49.155379],[2.2106861,49.1566218],[2.2085204,49.1572377],[2.2065579,49.1582537],[2.2063484,49.1585257],[2.2062277,49.1584737],[2.2056353,49.1594621],[2.2031479,49.1616613],[2.2002918,49.1634056],[2.1991287,49.1647755],[2.1983032,49.1665405],[2.197002,49.1665506],[2.1968567,49.1670112],[2.1955399,49.1665422],[2.1947819,49.1660233],[2.1922999,49.1649592],[2.1938541,49.1615237],[2.2014941,49.1533888],[2.2054783,49.1490135],[2.2053795,49.1488813],[2.2095984,49.1457131],[2.2114972,49.1438425],[2.2124325,49.1419273],[2.2127389,49.1407104],[2.212481,49.139941],[2.2121297,49.1397007],[2.2119979,49.1389069],[2.2115252,49.1384855],[2.2117113,49.1384408],[2.2111957,49.1378057],[2.2119598,49.1365856],[2.2120216,49.1357581],[2.211306,49.1337262],[2.2122009,49.1328758],[2.211625,49.1322565],[2.2113488,49.1310754],[2.2124175,49.1309564],[2.2125618,49.1300289],[2.2128775,49.1302056],[2.2134901,49.1300174],[2.2132186,49.1297229],[2.2147073,49.1293149],[2.2153368,49.1289745],[2.214949,49.1283714],[2.2150364,49.1280141],[2.2145773,49.1268191],[2.2146828,49.1266798],[2.2128799,49.1258037],[2.2136268,49.125613],[2.2141326,49.1252091],[2.2144862,49.1252985],[2.2154795,49.1250321],[2.2173343,49.1239738]]]]}},{"type":"Feature","properties":{"id":"95176","nom":"CORMEILLES EN PARISIS","created":"2015-07-21","updated":"2025-12-12","code_commune":"95176"},"geometry":{"type":"MultiPolygon","coordinates":[[[[2.200341,48.9497087],[2.2006236,48.9503392],[2.2058997,48.9498693],[2.2054488,48.9544374],[2.2056942,48.9549558],[2.2056312,48.9557368],[2.2033693,48.9565552],[2.2069969,48.960695],[2.2068098,48.9610149],[2.2070013,48.9608179],[2.2071914,48.9608791],[2.2114495,48.9647603],[2.2135294,48.9637709],[2.2161988,48.9662699],[2.218509,48.9690017],[2.2187449,48.9688921],[2.2201156,48.9701554],[2.2204019,48.9700132],[2.222841,48.9724918],[2.2238859,48.9721864],[2.2247886,48.9714391],[2.2257425,48.9710243],[2.2262492,48.9717165],[2.2274315,48.9720901],[2.2274408,48.9722468],[2.2287533,48.9729044],[2.2282968,48.9732887],[2.2275137,48.9733705],[2.2273056,48.9736082],[2.2265891,48.9738953],[2.2257448,48.9734055],[2.2255179,48.9734641],[2.224275,48.9743649],[2.2237371,48.9751496],[2.2230623,48.9754313],[2.2228206,48.9755012],[2.2226229,48.9752902],[2.2219446,48.9755933],[2.220972,48.9754488],[2.2201414,48.975501],[2.2189555,48.9761302],[2.2191593,48.9770489],[2.2195107,48.9769818],[2.2196316,48.9775132],[2.2190274,48.9775645],[2.2188295,48.9778553],[2.2184934,48.9779189],[2.2185969,48.9787462],[2.2189014,48.9787126],[2.2188591,48.9788616],[2.2193764,48.9791253],[2.2155702,48.981046],[2.2110172,48.9820843],[2.2113558,48.9823804],[2.210693,48.9826174],[2.2108843,48.9828247],[2.2100895,48.9832026],[2.2095131,48.9825628],[2.2072658,48.9834089],[2.2041631,48.9842062],[2.2034422,48.9842687],[2.2035153,48.9846565],[2.2031126,48.9852959],[2.2040238,48.9861578],[2.2042164,48.9869195],[2.203952,48.9875406],[2.204027,48.988328],[2.2044303,48.9895742],[2.2016204,48.9904346],[2.2003068,48.987786],[2.2000776,48.987809],[2.2001338,48.9876785],[2.1993416,48.9877868],[2.1983877,48.9877071],[2.1988504,48.986384],[2.1978445,48.9853597],[2.1949506,48.9852855],[2.1942458,48.9846611],[2.1931943,48.9847485],[2.1931064,48.9846148],[2.1914787,48.9845421],[2.1913804,48.9837304],[2.1890999,48.9833391],[2.187595,48.9812456],[2.1881197,48.9809852],[2.1895664,48.9797008],[2.1891511,48.979533],[2.185824,48.9792427],[2.1851332,48.9792837],[2.1846656,48.9796208],[2.1834845,48.9791833],[2.1848589,48.977137],[2.1829793,48.9765023],[2.1836526,48.9755684],[2.1832695,48.9754293],[2.1832337,48.9752604],[2.1838556,48.9737025],[2.1837789,48.9719849],[2.1835173,48.971529],[2.18407,48.9689768],[2.1842115,48.9685999],[2.1847164,48.9683072],[2.1847686,48.9670009],[2.1858296,48.9669556],[2.185333,48.9654029],[2.1857467,48.9651079],[2.185318,48.9629608],[2.1829441,48.9618564],[2.1817738,48.9602057],[2.1808368,48.959438],[2.1806307,48.9590257],[2.1782268,48.959669],[2.1778609,48.9585552],[2.176378,48.9564345],[2.1750484,48.9548807],[2.1733401,48.9534907],[2.1756517,48.9521856],[2.1779369,48.9545425],[2.1788075,48.9541742],[2.1788967,48.9542718],[2.1834954,48.953214],[2.1838897,48.9531901],[2.1840114,48.9533304],[2.1901865,48.9517787],[2.1902586,48.9519748],[2.1896985,48.9504372],[2.1909325,48.9503566],[2.193726,48.9505431],[2.1975153,48.9499589],[2.200341,48.9497087]]]]}},{"type":"Feature","properties":{"id":"95183","nom":"COURDIMANCHE","created":"2005-08-29","updated":"2025-11-24","code_commune":"95183"},"geometry":{"type":"MultiPolygon","coordinates":[[[[1.9972527,49.0236757],[1.9985152,49.0237213],[1.9984925,49.0239507],[1.9993596,49.0241056],[1.9991872,49.0272285],[2.000727,49.0271846],[2.0045332,49.0277696],[2.0100745,49.0273254],[2.0101536,49.0268706],[2.0120203,49.0270143],[2.0129176,49.0272555],[2.0119452,49.0307466],[2.0117222,49.0329065],[2.0108375,49.0373497],[2.0139994,49.0389187],[2.0160728,49.0395972],[2.0159368,49.0397097],[2.016119,49.0401578],[2.0133895,49.0417547],[2.0104295,49.043873],[2.0070224,49.04458],[2.0078657,49.0457717],[2.0090149,49.0467413],[2.0078058,49.0471787],[2.0083272,49.0483031],[2.0066927,49.0486236],[2.0069444,49.0491961],[2.0044111,49.0496962],[2.0047753,49.0502823],[1.9999788,49.0517759],[2.003241,49.0537943],[2.0060441,49.0547386],[2.0099874,49.0555799],[2.0107197,49.0562107],[1.9942655,49.0607348],[1.9940069,49.0604149],[1.9945446,49.0602703],[1.9925145,49.056121],[1.9891522,49.0520659],[1.9881177,49.0511166],[1.9876667,49.0503213],[1.9861499,49.0445711],[1.9853448,49.042165],[1.9842444,49.039866],[1.9851703,49.0393222],[1.9835897,49.0377796],[1.9846237,49.037704],[1.9844452,49.035559],[1.9842809,49.0355894],[1.9836894,49.0348369],[1.985427,49.034229],[1.9854847,49.0343497],[1.9866124,49.0343081],[1.9878478,49.0340675],[1.9891954,49.0327049],[1.9909196,49.0315323],[1.9903786,49.0315577],[1.990489,49.0314243],[1.9913454,49.0306792],[1.9923959,49.030126],[1.9927281,49.0296722],[1.9935831,49.0284005],[1.9927776,49.0279571],[1.9919195,49.0271227],[1.9916076,49.0262343],[1.9915308,49.0238333],[1.9932604,49.0239778],[1.9972527,49.0236757]]]]}},{"type":"Feature","properties":{"id":"95197","nom":"DEUIL LA BARRE","created":"2005-03-29","updated":"2026-02-26","code_commune":"95197"},"geometry":{"type":"MultiPolygon","coordinates":[[[[2.3227273,48.9575284],[2.3254812,48.9582942],[2.3278731,48.9594968],[2.3294948,48.9599924],[2.3314919,48.9610038],[2.3303112,48.9616292],[2.3305158,48.9617996],[2.3295172,48.9622962],[2.3306237,48.9633784],[2.3301948,48.9635667],[2.3313228,48.9647793],[2.3305793,48.9650541],[2.3317431,48.966371],[2.3342315,48.9654341],[2.3346955,48.9659527],[2.3335909,48.9663196],[2.3338817,48.9667159],[2.333168,48.9675584],[2.3335166,48.9681558],[2.3318829,48.9689733],[2.33079,48.9702352],[2.3337796,48.970895],[2.3362643,48.9719832],[2.3363645,48.9726271],[2.3358295,48.9740588],[2.3356816,48.9752946],[2.3414643,48.974768],[2.3427146,48.97491],[2.3441955,48.9780423],[2.3441446,48.9786979],[2.3436751,48.9792179],[2.3427821,48.9832831],[2.3412207,48.9826205],[2.33968,48.9810352],[2.3388734,48.9805537],[2.3385418,48.980534],[2.3373148,48.9807107],[2.3368873,48.9806328],[2.3362085,48.9811549],[2.3341942,48.9808526],[2.3341832,48.9816141],[2.3322515,48.9820825],[2.3312906,48.9825269],[2.329937,48.9826235],[2.3281709,48.9830045],[2.3255081,48.9832016],[2.3228782,48.9823116],[2.3225401,48.9811422],[2.3227377,48.9804326],[2.3207649,48.9805133],[2.3196243,48.9808559],[2.3167123,48.9796147],[2.3165851,48.9783147],[2.317175,48.9753453],[2.3166366,48.9733701],[2.3165825,48.9712636],[2.3154347,48.9707937],[2.3138496,48.9695868],[2.3106348,48.9719156],[2.3098095,48.9711913],[2.3097126,48.9707217],[2.3170044,48.9659185],[2.3159246,48.9641373],[2.3129422,48.9624099],[2.3197689,48.9585124],[2.3227273,48.9575284]]]]}},{"type":"Feature","properties":{"id":"95199","nom":"DOMONT","created":"2005-06-01","updated":"2026-06-16","code_commune":"95199"},"geometry":{"type":"MultiPolygon","coordinates":[[[[2.3207176,49.0106739],[2.3218518,49.0106409],[2.3220228,49.0122488],[2.3216357,49.0128348],[2.3212655,49.0127381],[2.3212478,49.0142228],[2.3201906,49.0163452],[2.3214893,49.0169284],[2.3223324,49.0178275],[2.3231259,49.018258],[2.3238598,49.0201773],[2.3259238,49.0190641],[2.3273387,49.0205006],[2.3290442,49.0213078],[2.3292913,49.0215169],[2.3291874,49.0216382],[2.3301119,49.0214382],[2.3317418,49.0223338],[2.3325251,49.0217566],[2.3339291,49.0220372],[2.3347832,49.0225989],[2.3389177,49.0226938],[2.3405517,49.0229065],[2.3420748,49.023357],[2.3439105,49.0233766],[2.3441507,49.023252],[2.3452517,49.0235206],[2.345369,49.0236844],[2.34514,49.023668],[2.3461833,49.0239969],[2.3461262,49.02429],[2.3525463,49.025876],[2.3547925,49.0267263],[2.3530208,49.0294864],[2.3517489,49.0305635],[2.3491978,49.0321783],[2.3467689,49.0333193],[2.3464724,49.0326243],[2.3455684,49.0328462],[2.3458988,49.0338753],[2.3447466,49.0337061],[2.3430512,49.0340117],[2.3420696,49.0338956],[2.3370897,49.0457194],[2.3348229,49.0443057],[2.3341295,49.0447515],[2.3347919,49.0452277],[2.3314025,49.0471268],[2.3290297,49.0453082],[2.3276608,49.0446963],[2.3274328,49.0449521],[2.3246859,49.0441091],[2.3243323,49.044599],[2.3218448,49.0435764],[2.3191813,49.0413358],[2.317302,49.040647],[2.3121904,49.0373459],[2.3102527,49.0400068],[2.3083248,49.0385956],[2.3075929,49.0382973],[2.3067895,49.0387656],[2.3060877,49.0382239],[2.3057184,49.0373019],[2.3015739,49.0368138],[2.3009474,49.0339311],[2.2992636,49.035149],[2.2983518,49.0341444],[2.298043,49.0331753],[2.2976588,49.0328233],[2.2970366,49.0324485],[2.2955552,49.0319695],[2.2943294,49.0310748],[2.2937638,49.0303993],[2.2974346,49.0285496],[2.2969953,49.0278794],[2.2957001,49.0272056],[2.3013924,49.0240011],[2.3025366,49.0238987],[2.3025643,49.0239965],[2.3044938,49.0240126],[2.3057541,49.0237392],[2.3056715,49.0235475],[2.3059212,49.023267],[2.3043242,49.0228107],[2.3040547,49.0207282],[2.3130587,49.0165476],[2.3127457,49.0159867],[2.3127564,49.0147042],[2.3145849,49.0145973],[2.3155415,49.0138255],[2.3157249,49.0110846],[2.3186515,49.011705],[2.3201522,49.0106852],[2.3207176,49.0106739]]]]}},{"type":"Feature","properties":{"id":"95203","nom":"EAUBONNE","created":"2007-05-10","updated":"2026-02-11","code_commune":"95203"},"geometry":{"type":"MultiPolygon","coordinates":[[[[2.2764602,48.9758339],[2.2826508,48.9771928],[2.2827682,48.9775155],[2.2895652,48.9769961],[2.2899442,48.9773333],[2.2916461,48.9768121],[2.291346,48.9780119],[2.291594,48.9790641],[2.2894627,48.9803704],[2.2889078,48.9809796],[2.2865744,48.9825821],[2.2854889,48.9841728],[2.283997,48.9856466],[2.2858162,48.9869851],[2.2853625,48.9872241],[2.2865909,48.9882009],[2.2868532,48.988051],[2.2886239,48.9899403],[2.2893409,48.9911774],[2.2896618,48.9915731],[2.2898325,48.9915083],[2.2909019,48.9929523],[2.292805,48.9959786],[2.2893224,48.9970081],[2.2862399,48.9974492],[2.2847196,48.9974727],[2.2811057,48.9981779],[2.2820759,48.9990831],[2.2830945,48.99967],[2.2834744,49.0006641],[2.2837925,49.0008229],[2.2838622,49.0015484],[2.2821057,49.0020281],[2.281883,49.0023778],[2.2820628,49.0027404],[2.2830503,49.0030453],[2.2797162,49.0040562],[2.2748658,49.0060683],[2.27244,49.0067293],[2.266686,49.0008704],[2.2656498,49.0009942],[2.2642227,49.0008133],[2.2643427,49.0006997],[2.2633535,48.9981267],[2.2651873,48.9975549],[2.2641436,48.9962511],[2.2652241,48.9958555],[2.2647693,48.9953076],[2.2650752,48.9952157],[2.2648614,48.9945003],[2.2653664,48.9943959],[2.2651991,48.993971],[2.2655669,48.9938946],[2.2652518,48.9931765],[2.2668239,48.9925819],[2.2657064,48.9910889],[2.2669794,48.9905959],[2.2663262,48.9893593],[2.2644759,48.9873818],[2.272426,48.9846383],[2.2717407,48.9828268],[2.2710623,48.9817439],[2.2717249,48.9810657],[2.2729331,48.9789135],[2.2737157,48.9780365],[2.2727873,48.9771386],[2.2756798,48.9759466],[2.2764602,48.9758339]]]]}},{"type":"Feature","properties":{"id":"95205","nom":"ECOUEN","created":"2015-05-28","updated":"2025-10-27","code_commune":"95205"},"geometry":{"type":"MultiPolygon","coordinates":[[[[2.3633643,49.0095369],[2.365174,49.0113913],[2.3660646,49.0116279],[2.3677359,49.0125459],[2.3679905,49.0122583],[2.3691893,49.0122158],[2.3696038,49.0119587],[2.3701425,49.0119076],[2.3714153,49.01223],[2.3724623,49.0121605],[2.3734403,49.0125933],[2.3746377,49.0127217],[2.3769791,49.0126743],[2.3784128,49.0134119],[2.3810875,49.0142403],[2.3820005,49.0143519],[2.3828042,49.0140894],[2.3827898,49.013717],[2.3849546,49.0133873],[2.3852058,49.0141792],[2.387302,49.0140028],[2.3931666,49.0141565],[2.393135,49.0147943],[2.3934673,49.015571],[2.394404,49.016554],[2.396364,49.0163023],[2.3974894,49.0172307],[2.4017545,49.019922],[2.404732,49.0213427],[2.407459,49.0230531],[2.4098042,49.0241472],[2.4074481,49.0257012],[2.4059573,49.027423],[2.4049506,49.02908],[2.40299,49.0308384],[2.4013926,49.0328972],[2.4008131,49.0339725],[2.4005082,49.0352309],[2.40098,49.0370727],[2.4008878,49.0374445],[2.3996006,49.038678],[2.3990073,49.0396559],[2.3974416,49.0398328],[2.3946948,49.0389159],[2.3948447,49.0405179],[2.3827121,49.0419532],[2.3767945,49.0383803],[2.375194,49.0377748],[2.3738046,49.0375413],[2.373729,49.0367588],[2.3731213,49.0355705],[2.3717713,49.0342104],[2.3709416,49.0315731],[2.3711855,49.0307013],[2.370735,49.0297999],[2.3684791,49.0280806],[2.3650552,49.0243196],[2.3638211,49.0224719],[2.3639621,49.0210682],[2.3634418,49.0200303],[2.3639023,49.0201354],[2.3632667,49.0196815],[2.3623237,49.0172612],[2.362192,49.0162141],[2.3626297,49.0145381],[2.3616872,49.0120362],[2.3617242,49.0112842],[2.3620017,49.0107323],[2.3633643,49.0095369]]]]}},{"type":"Feature","properties":{"id":"95210","nom":"ENGHIEN LES BAINS","created":"2006-09-07","updated":"2025-10-27","code_commune":"95210"},"geometry":{"type":"MultiPolygon","coordinates":[[[[2.3103848,48.9617447],[2.3110174,48.962157],[2.3129484,48.962414],[2.3159182,48.964127],[2.3170218,48.9658753],[2.3097297,48.9706987],[2.3098086,48.9711918],[2.3106557,48.9719322],[2.3101331,48.972845],[2.3084471,48.9749139],[2.3070564,48.9772905],[2.3041437,48.9794663],[2.3010365,48.977004],[2.3011219,48.9761542],[2.3009458,48.9761099],[2.3013446,48.9753885],[2.2985551,48.9751537],[2.2960949,48.9746201],[2.2956643,48.9743684],[2.2957063,48.9729691],[2.2954568,48.9724505],[2.2934479,48.971693],[2.2929688,48.9712452],[2.2934852,48.970467],[2.294976,48.9695584],[2.2936351,48.9693854],[2.2929215,48.9690911],[2.2929462,48.9689838],[2.2934535,48.9685969],[2.2964969,48.9674232],[2.2991569,48.9661614],[2.3013007,48.9654092],[2.3032971,48.9638903],[2.3050961,48.9622096],[2.3068122,48.9629812],[2.3071435,48.9627399],[2.308926,48.963505],[2.3094215,48.962677],[2.3103848,48.9617447]]]]}},{"type":"Feature","properties":{"id":"95212","nom":"EPIAIS-LES-LOUVRES","created":"2009-08-05","updated":"2025-10-27","code_commune":"95212"},"geometry":{"type":"MultiPolygon","coordinates":[[[[2.5454731,49.0223481],[2.5454886,49.0228764],[2.5462227,49.0229482],[2.5474758,49.0233413],[2.5527688,49.0251738],[2.5527724,49.0253745],[2.5573082,49.0257259],[2.5574156,49.025838],[2.5586506,49.0258456],[2.5596822,49.0265318],[2.5619002,49.0272332],[2.5631157,49.0278496],[2.5646312,49.0280119],[2.5641097,49.0284981],[2.566001,49.0286522],[2.5658308,49.0301915],[2.5662493,49.0302485],[2.566196,49.0321421],[2.5669999,49.0321662],[2.5669531,49.0325087],[2.5686572,49.0328754],[2.5687004,49.0352933],[2.5695706,49.0353903],[2.5677862,49.0391198],[2.5693603,49.0395453],[2.5671249,49.0408271],[2.5676463,49.0414268],[2.5655265,49.0419858],[2.5632345,49.0412462],[2.5637952,49.0407398],[2.564547,49.0410286],[2.5659433,49.0398585],[2.5643275,49.0392029],[2.5639082,49.039475],[2.5612302,49.038447],[2.5615721,49.037672],[2.5609771,49.0375809],[2.5604635,49.038115],[2.5583105,49.0374185],[2.5586451,49.037046],[2.5569547,49.0367762],[2.5573821,49.0351441],[2.5558714,49.0350015],[2.5557406,49.0354766],[2.5540152,49.0352748],[2.550754,49.0351818],[2.5501071,49.0340282],[2.5516993,49.0339575],[2.5517736,49.0329731],[2.550011,49.0329104],[2.5498258,49.033099],[2.5475888,49.0326708],[2.5462558,49.0340578],[2.5488204,49.0349229],[2.5484316,49.0353145],[2.5457191,49.0344219],[2.5453125,49.035295],[2.5476363,49.0360367],[2.5447169,49.0377811],[2.5426819,49.0376497],[2.5427378,49.0362894],[2.5436232,49.0346539],[2.5396616,49.0336153],[2.5362666,49.0330919],[2.5337495,49.0324816],[2.535045,49.0310319],[2.5357924,49.0294278],[2.5335593,49.029177],[2.5333068,49.0302258],[2.5319431,49.0323559],[2.5321773,49.0346869],[2.5292856,49.0339405],[2.5290104,49.0325411],[2.5286564,49.0325149],[2.5286314,49.0318092],[2.5281616,49.0316863],[2.5279649,49.03026],[2.5258441,49.0300678],[2.5252109,49.0269034],[2.529238,49.0268517],[2.5288625,49.0243407],[2.5313046,49.0241524],[2.531349,49.0242591],[2.5413729,49.0231942],[2.5413892,49.022352],[2.5454731,49.0223481]]]]}},{"type":"Feature","properties":{"id":"95218","nom":"ERAGNY-SUR-OISE","created":"2003-01-13","updated":"2026-06-16","code_commune":"95218"},"geometry":{"type":"MultiPolygon","coordinates":[[[[2.1102488,49.008758],[2.1105987,49.0103551],[2.1135599,49.0123896],[2.1212991,49.0183462],[2.1206694,49.019638],[2.1190623,49.021452],[2.1173644,49.0214208],[2.1160617,49.0231565],[2.1138148,49.0254398],[2.1091318,49.0281352],[2.1073838,49.028831],[2.1070776,49.0304979],[2.1043892,49.0316855],[2.1039218,49.0333149],[2.0974656,49.0355525],[2.0954918,49.0359923],[2.0939664,49.0330079],[2.0927449,49.029804],[2.0915745,49.0254326],[2.0892214,49.0217011],[2.0881757,49.0207246],[2.0868609,49.020106],[2.0806822,49.0190196],[2.0809504,49.0179922],[2.0808061,49.0174836],[2.0804536,49.0168936],[2.0794424,49.0161649],[2.0815188,49.0154241],[2.0838372,49.0148402],[2.0839998,49.0149081],[2.0838383,49.0148401],[2.095479,49.0119451],[2.0970092,49.0114392],[2.1019231,49.0104773],[2.1055455,49.0095195],[2.1102488,49.008758]]]]}},{"type":"Feature","properties":{"id":"95219","nom":"ERMONT","created":"2007-05-03","updated":"2026-06-12","code_commune":"95219"},"geometry":{"type":"MultiPolygon","coordinates":[[[[2.2666614,48.9762881],[2.2675851,48.9764929],[2.2677176,48.9767494],[2.2702907,48.9771685],[2.2705669,48.9769124],[2.2719948,48.97702],[2.2736623,48.9765821],[2.2738569,48.9767865],[2.2727689,48.9771217],[2.2737161,48.9780374],[2.2729316,48.9789149],[2.2716196,48.9811639],[2.2710627,48.9817509],[2.2717535,48.9828539],[2.2724334,48.9846404],[2.2644748,48.9873815],[2.2661341,48.9891243],[2.2669824,48.9905949],[2.2657103,48.991097],[2.266892,48.9926571],[2.2652505,48.9931789],[2.2655642,48.9938984],[2.2652076,48.993969],[2.2653586,48.9943957],[2.2648491,48.9944885],[2.2650704,48.995215],[2.2647694,48.9953102],[2.2652201,48.9958582],[2.2641385,48.9962507],[2.2651886,48.9975566],[2.2616235,48.9987044],[2.2564127,48.9999511],[2.2561694,49.0002506],[2.2540799,49.0012588],[2.253272,49.0016215],[2.2522191,49.001847],[2.2511963,49.0010443],[2.2500903,49.0004826],[2.2484718,48.999156],[2.2420713,48.9924322],[2.2429871,48.9920897],[2.2425095,48.9915149],[2.2435443,48.9912442],[2.2432017,48.9906538],[2.2434871,48.990566],[2.2440654,48.9864526],[2.2427251,48.9836681],[2.2432722,48.983604],[2.2428395,48.9822948],[2.2434038,48.9816004],[2.2462963,48.9811424],[2.2454606,48.9799647],[2.2465984,48.9796688],[2.2468012,48.9798545],[2.2539195,48.9785553],[2.2553955,48.9783982],[2.2562105,48.9783455],[2.2562245,48.9788837],[2.2578816,48.9787549],[2.2615301,48.977209],[2.2632054,48.9766866],[2.2666614,48.9762881]]]]}},{"type":"Feature","properties":{"id":"95229","nom":"EZANVILLE","created":"2010-11-19","updated":"2025-10-27","code_commune":"95229"},"geometry":{"type":"MultiPolygon","coordinates":[[[[2.3639139,49.0218741],[2.3638183,49.0224705],[2.3650687,49.024348],[2.3685977,49.0282205],[2.3707273,49.0297948],[2.3711455,49.0305685],[2.3708959,49.0313934],[2.371773,49.0342152],[2.373137,49.035605],[2.3737384,49.0367575],[2.3738046,49.0375413],[2.3751951,49.0377637],[2.3767818,49.0383606],[2.3829104,49.0420903],[2.3802414,49.0416937],[2.3779474,49.0420043],[2.3788677,49.0440758],[2.3786371,49.0445503],[2.3795761,49.046398],[2.3799497,49.0466843],[2.3758421,49.0487674],[2.3696311,49.0545525],[2.3676796,49.0544325],[2.3636918,49.0496388],[2.3517044,49.0448772],[2.3525503,49.0426939],[2.3507348,49.0411365],[2.3497255,49.0404932],[2.3480952,49.0415547],[2.347075,49.0420074],[2.3444126,49.0401424],[2.3402469,49.0384229],[2.3420526,49.033888],[2.3431501,49.0340199],[2.3447557,49.0337091],[2.3458895,49.0338711],[2.3455566,49.0328755],[2.3464628,49.0326279],[2.3467373,49.0333424],[2.3492169,49.0321704],[2.3518002,49.0305079],[2.3530541,49.0294296],[2.3537311,49.0281686],[2.3548748,49.0267676],[2.3559305,49.0266781],[2.3568859,49.0260099],[2.3588026,49.0253653],[2.3579393,49.0250838],[2.3587631,49.0249227],[2.3596071,49.0240227],[2.3639139,49.0218741]]]]}},{"type":"Feature","properties":{"id":"95252","nom":"FRANCONVILLE LA GARENNE","created":"2008-01-03","updated":"2026-02-19","code_commune":"95252"},"geometry":{"type":"MultiPolygon","coordinates":[[[[2.2292305,48.9723465],[2.2321841,48.9733558],[2.2363545,48.9738345],[2.2365125,48.9764254],[2.2368965,48.9783488],[2.2372488,48.9789952],[2.2361917,48.9793186],[2.2357554,48.9799378],[2.235303,48.9801059],[2.2355729,48.9809965],[2.2355559,48.9823616],[2.2361834,48.9841418],[2.2371422,48.9841695],[2.2394451,48.9837422],[2.242714,48.9836718],[2.2440647,48.9864546],[2.2435057,48.9905635],[2.2431838,48.9906678],[2.2435328,48.9912439],[2.2425341,48.991525],[2.2429907,48.9920942],[2.2420731,48.9924466],[2.243666,48.9942268],[2.2372955,48.996349],[2.2286041,48.9988902],[2.2259461,48.9999673],[2.2149763,49.0035324],[2.2094252,48.9975356],[2.2084933,48.9958039],[2.2079588,48.9936529],[2.2070354,48.9920177],[2.2044597,48.9896009],[2.2040861,48.9885792],[2.2039655,48.9875457],[2.2042176,48.9869276],[2.204032,48.9861967],[2.203113,48.9852252],[2.2035065,48.9846918],[2.2033178,48.9842673],[2.2041691,48.9841988],[2.2072401,48.9834269],[2.2095251,48.98259],[2.210085,48.983218],[2.2108816,48.9828404],[2.2106808,48.9826467],[2.2113481,48.9824093],[2.2110098,48.9820523],[2.2138191,48.9815521],[2.2156102,48.9810393],[2.2194358,48.9791052],[2.2188879,48.9788485],[2.2189536,48.9786693],[2.2185486,48.9787161],[2.2184553,48.9779251],[2.2188158,48.9778454],[2.2189982,48.9775684],[2.2196095,48.9775291],[2.2194899,48.9769892],[2.2191327,48.9770458],[2.2189175,48.9761932],[2.220177,48.9755223],[2.2219979,48.9755811],[2.2225918,48.9753134],[2.2227882,48.9755252],[2.2230523,48.975436],[2.2236925,48.9751735],[2.2242672,48.974359],[2.2254901,48.9734677],[2.2256984,48.9734247],[2.2265151,48.9739025],[2.2267783,48.9738419],[2.2274968,48.973373],[2.2282574,48.9732998],[2.2292305,48.9723465]]]]}},{"type":"Feature","properties":{"id":"95256","nom":"FREPILLON","created":"2016-03-03","updated":"2025-10-27","code_commune":"95256"},"geometry":{"type":"MultiPolygon","coordinates":[[[[2.1736561,49.038762],[2.1782141,49.0416717],[2.1793887,49.0430109],[2.1807183,49.0441145],[2.1830128,49.0453863],[2.1901111,49.0434031],[2.189005,49.042131],[2.1906353,49.0415323],[2.1924907,49.043037],[2.1944596,49.0441024],[2.1967898,49.0428813],[2.199576,49.0451383],[2.199805,49.0452574],[2.2001706,49.0451029],[2.2011401,49.0457862],[2.2021206,49.0468983],[2.2031164,49.0456126],[2.2039082,49.045012],[2.2057498,49.045516],[2.2064279,49.0459241],[2.2094695,49.0462347],[2.2094468,49.0468269],[2.2109751,49.0467462],[2.2114549,49.047104],[2.2122278,49.0467136],[2.2127536,49.0472217],[2.2133997,49.0469491],[2.214066,49.0473733],[2.2164681,49.0467601],[2.2176084,49.04623],[2.2206973,49.0462306],[2.2235415,49.0453222],[2.2310373,49.051881],[2.2294333,49.0525074],[2.2277175,49.0528115],[2.2261438,49.0527539],[2.2214706,49.053938],[2.2186983,49.053785],[2.2181521,49.0543862],[2.2168958,49.054843],[2.2163232,49.055805],[2.213358,49.0582949],[2.2127202,49.0593004],[2.210029,49.0581145],[2.2077231,49.058854],[2.2068653,49.0593223],[2.2064108,49.0607298],[2.2060738,49.0608461],[2.2046632,49.0607737],[2.20358,49.0610683],[2.2034167,49.0607331],[2.2023534,49.0598979],[2.2021975,49.0587966],[2.201889,49.0584754],[2.200956,49.0582604],[2.2021474,49.057013],[2.2017423,49.0557067],[2.2018887,49.0553008],[2.200829,49.0547436],[2.197632,49.052225],[2.1985967,49.0515909],[2.1983388,49.0514067],[2.1986017,49.0512513],[2.1955815,49.0510585],[2.1941545,49.0501319],[2.1916562,49.0489898],[2.1875605,49.0475305],[2.1859763,49.0468011],[2.1852201,49.0472587],[2.1832715,49.0463689],[2.1819591,49.0462962],[2.1804108,49.0464671],[2.1761338,49.0462584],[2.176154,49.0460691],[2.17454,49.0448409],[2.1749203,49.0444529],[2.1748156,49.0435513],[2.17528,49.042894],[2.174714,49.042732],[2.1742271,49.0412907],[2.1739617,49.041253],[2.1741425,49.040339],[2.1729226,49.0390634],[2.1736561,49.038762]]]]}},{"type":"Feature","properties":{"id":"95257","nom":"FRETTE SUR SEINE (LA)","created":"2015-07-16","updated":"2025-10-27","code_commune":"95257"},"geometry":{"type":"MultiPolygon","coordinates":[[[[2.1806166,48.9590006],[2.1817655,48.9601922],[2.1828978,48.9618112],[2.1853286,48.9630086],[2.1856356,48.9640633],[2.1857325,48.9650906],[2.1853465,48.9654089],[2.1858456,48.9669189],[2.1847735,48.9669674],[2.1847761,48.9682562],[2.18418,48.9686788],[2.1835164,48.9714566],[2.183789,48.9719847],[2.1838623,48.9735942],[2.1832202,48.975385],[2.1836455,48.9755581],[2.1830094,48.9764492],[2.1848532,48.9771443],[2.1833565,48.9792049],[2.1820651,48.9814504],[2.1817228,48.9822888],[2.18181,48.9844308],[2.1787907,48.9857365],[2.1737534,48.9866818],[2.1738442,48.9863178],[2.1723467,48.986055],[2.1727509,48.9857134],[2.1711981,48.9849001],[2.1701125,48.9841029],[2.1699695,48.9841897],[2.1680482,48.9826458],[2.1696199,48.9817297],[2.1679975,48.9826089],[2.1662669,48.9812147],[2.1675232,48.9798705],[2.1699857,48.978479],[2.1706528,48.9774956],[2.1729615,48.9756353],[2.1753473,48.9729561],[2.1756299,48.9723462],[2.1756367,48.9709679],[2.1765142,48.9694106],[2.1770489,48.9689854],[2.1771367,48.9673922],[2.1780025,48.966816],[2.1782226,48.9663349],[2.1794739,48.9661682],[2.1786506,48.9649842],[2.1780489,48.9631622],[2.1783767,48.9608981],[2.1781857,48.9596499],[2.1806166,48.9590006]]]]}},{"type":"Feature","properties":{"id":"95268","nom":"GARGES LES GONESSE","created":"2014-01-09","updated":"2025-10-27","code_commune":"95268"},"geometry":{"type":"MultiPolygon","coordinates":[[[[2.4073331,48.9560701],[2.4083633,48.9573244],[2.4095858,48.9569628],[2.4098204,48.9570459],[2.4097295,48.9579305],[2.4112126,48.9579835],[2.4135672,48.9576792],[2.4136472,48.9580167],[2.4151237,48.958382],[2.4175629,48.9595064],[2.4177901,48.9594713],[2.4178436,48.9592518],[2.4180299,48.9593252],[2.4179118,48.9591652],[2.418518,48.9580736],[2.4185181,48.9576385],[2.4188444,48.9577174],[2.4179912,48.9595682],[2.4171373,48.9604358],[2.4170379,48.9609913],[2.4172223,48.9616207],[2.4170707,48.9618311],[2.419342,48.9620977],[2.4193528,48.9623922],[2.4181953,48.9637539],[2.4176923,48.9647875],[2.4178861,48.9660654],[2.4190528,48.9678657],[2.4165861,48.9689534],[2.4172913,48.9693374],[2.4170961,48.9695407],[2.4172923,48.9700027],[2.417877,48.9699183],[2.4194967,48.9709889],[2.4196714,48.9707996],[2.4200395,48.9708628],[2.4206192,48.9717659],[2.4211197,48.9717536],[2.4210742,48.9719979],[2.4229965,48.9728957],[2.4221265,48.9733489],[2.423976,48.9740331],[2.4242856,48.9742473],[2.4244747,48.9747272],[2.423909,48.9751961],[2.4233753,48.9753718],[2.4222709,48.9763955],[2.4210923,48.9765515],[2.4212255,48.9767371],[2.4210107,48.9770988],[2.4182631,48.9779331],[2.4178326,48.9777945],[2.4177531,48.9780936],[2.4165478,48.978452],[2.4176128,48.9801622],[2.4161499,48.9807101],[2.4150618,48.9808998],[2.4134613,48.9809736],[2.4122555,48.9808572],[2.4115064,48.9810132],[2.4091474,48.9816485],[2.4083562,48.9821229],[2.407785,48.9822279],[2.4071616,48.9827411],[2.4048637,48.9828171],[2.4040767,48.9830024],[2.4038163,48.9822405],[2.4030692,48.9824482],[2.4028637,48.9823826],[2.4027292,48.9825341],[2.4023703,48.9824741],[2.4021172,48.9826633],[2.3999437,48.982842],[2.3992555,48.982637],[2.3988647,48.9826765],[2.3985074,48.9824552],[2.39813,48.9824904],[2.3974211,48.9820444],[2.3966472,48.9811628],[2.3897014,48.9763566],[2.3894531,48.9763372],[2.3891744,48.9761427],[2.3892788,48.9760745],[2.382347,48.971188],[2.3844789,48.9709686],[2.3846262,48.9701255],[2.3874103,48.9677065],[2.3909561,48.9649455],[2.39114,48.9650911],[2.3922435,48.9645376],[2.3931525,48.9636581],[2.3945825,48.9626547],[2.3943114,48.9625628],[2.3988191,48.9596761],[2.4025363,48.9579566],[2.4033043,48.9580257],[2.4042782,48.9576469],[2.4073331,48.9560701]]]]}},{"type":"Feature","properties":{"id":"95277","nom":"GONESSE","created":"2007-12-14","updated":"2026-01-29","code_commune":"95277"},"geometry":{"type":"MultiPolygon","coordinates":[[[[2.4593389,48.9551327],[2.4600319,48.9560002],[2.4607665,48.9583179],[2.4630029,48.95979],[2.4639479,48.9609668],[2.4673342,48.9643751],[2.4695506,48.9630848],[2.470604,48.9641439],[2.4730557,48.9659931],[2.474942,48.9677356],[2.4777581,48.9666708],[2.4785442,48.9675272],[2.4787651,48.9674586],[2.4808977,48.9699013],[2.4823749,48.9693082],[2.4842623,48.9682196],[2.486795,48.9672977],[2.4902004,48.9700548],[2.4881198,48.9711296],[2.4926721,48.9748268],[2.4947374,48.9737299],[2.4961464,48.9726586],[2.4979029,48.9739516],[2.4958041,48.9750515],[2.4975437,48.9750304],[2.5006838,48.9754564],[2.5003738,48.9756524],[2.5021713,48.976689],[2.5003618,48.9778839],[2.5018438,48.9786875],[2.5007363,48.9794722],[2.4998884,48.979792],[2.500585,48.9805758],[2.5004513,48.980665],[2.5039663,48.9868823],[2.500285,48.9874323],[2.4984427,48.9880264],[2.4953506,48.9887015],[2.4931207,48.9899076],[2.4886289,48.9905669],[2.4877465,48.9904304],[2.4887607,48.9957434],[2.4861026,48.9961585],[2.484076,48.9967464],[2.4858171,48.9993335],[2.4843371,48.9997085],[2.4835628,48.9993101],[2.4824366,48.9982432],[2.4786864,48.9939596],[2.4769014,48.9936121],[2.4746655,48.993733],[2.4718324,48.9945583],[2.4694832,48.9955915],[2.4673605,48.9961354],[2.4671068,48.9944478],[2.4662597,48.9942011],[2.4637394,48.9975963],[2.4623239,48.9968226],[2.4613139,48.9972201],[2.4619073,48.9978755],[2.4629898,48.9975873],[2.4641827,48.9990759],[2.4652107,49.0012153],[2.4639031,49.0013485],[2.4637697,49.0015209],[2.4631674,49.0016188],[2.4601014,49.0017264],[2.4559402,49.0022024],[2.4521906,49.0033617],[2.4440159,49.0055431],[2.4467546,49.0101635],[2.4432929,49.0112446],[2.4432024,49.0120764],[2.4427428,49.0126486],[2.4425117,49.012573],[2.4385809,49.0144746],[2.438803,49.0148141],[2.4360586,49.0151488],[2.4360465,49.0149337],[2.4342221,49.0150832],[2.4309921,49.0158225],[2.4307158,49.0153732],[2.4278403,49.0162519],[2.4270683,49.0145282],[2.4255019,49.0148529],[2.4241377,49.0130099],[2.4281801,49.0120882],[2.4239419,49.0092938],[2.4204201,49.005289],[2.4204723,49.002928],[2.4189494,49.0030191],[2.4188418,49.0017185],[2.4193009,49.0015815],[2.4190937,48.9994184],[2.4166019,48.9997636],[2.4164776,48.9986174],[2.4204094,48.9963256],[2.4221895,48.9945217],[2.4211833,48.9943125],[2.4218167,48.9930967],[2.4225924,48.9931822],[2.4230898,48.9926092],[2.4245247,48.9887302],[2.425979,48.9868749],[2.4269128,48.9853075],[2.4273231,48.9853388],[2.4305938,48.9828816],[2.4323845,48.9800951],[2.4348136,48.9786658],[2.4349422,48.9785784],[2.434773,48.9784791],[2.4405988,48.9771065],[2.4371274,48.9737112],[2.4441964,48.9723149],[2.444829,48.9723878],[2.4454705,48.9713133],[2.4463307,48.9665754],[2.4479785,48.9649001],[2.4515201,48.963463],[2.4509956,48.9628707],[2.4547724,48.9612704],[2.4577995,48.9597548],[2.455892,48.9556872],[2.4567312,48.9557597],[2.4593389,48.9551327]]]]}},{"type":"Feature","properties":{"id":"95280","nom":"GOUSSAINVILLE","created":"2013-02-08","updated":"2025-10-27","code_commune":"95280"},"geometry":{"type":"MultiPolygon","coordinates":[[[[2.4696455,49.0082942],[2.4725335,49.0098705],[2.472422,49.0103763],[2.4730994,49.0105172],[2.4772419,49.0099009],[2.4774715,49.0107741],[2.4785315,49.0106346],[2.4788145,49.011539],[2.4869987,49.0108406],[2.4905415,49.0102669],[2.4930567,49.0156833],[2.4932518,49.0156817],[2.4984367,49.0240264],[2.4933516,49.0248868],[2.4936531,49.0264561],[2.4922339,49.026372],[2.4922073,49.0261735],[2.4902435,49.0258237],[2.487614,49.0255664],[2.48536,49.0257404],[2.4854295,49.0262029],[2.4850289,49.0262155],[2.4850069,49.0263679],[2.4859752,49.0275018],[2.485502,49.0276081],[2.4847779,49.0274196],[2.4838575,49.0277228],[2.4846503,49.0288002],[2.484519,49.0292671],[2.4851341,49.0304575],[2.4847328,49.0305897],[2.4851353,49.0312679],[2.4846688,49.0318011],[2.4814203,49.0330591],[2.4816182,49.0331946],[2.4809783,49.0333695],[2.4799703,49.0342426],[2.4793494,49.0343707],[2.4792062,49.0345465],[2.4803188,49.0352513],[2.4793867,49.036543],[2.4797829,49.03686],[2.479408,49.037078],[2.4798064,49.0380733],[2.4796511,49.038206],[2.4771963,49.0395557],[2.4760287,49.0407981],[2.4757074,49.0406525],[2.4752251,49.0412536],[2.4745328,49.0409356],[2.4738365,49.0415804],[2.4736344,49.0415364],[2.4719486,49.0425521],[2.4711423,49.0419362],[2.470959,49.0420291],[2.4706405,49.0418391],[2.4687411,49.0425581],[2.4689415,49.0426908],[2.467937,49.0435139],[2.4676487,49.0435409],[2.4674036,49.0433798],[2.464446,49.044472],[2.4638647,49.044824],[2.4603422,49.0448013],[2.4594933,49.0445483],[2.4615216,49.0430742],[2.4580083,49.0406579],[2.4597085,49.0395823],[2.4560721,49.03831],[2.4557336,49.0385935],[2.4546385,49.0381118],[2.4536533,49.0390092],[2.4522831,49.0385119],[2.448341,49.0382611],[2.4466972,49.0378654],[2.4470087,49.0373862],[2.4408433,49.0344845],[2.4410165,49.0289523],[2.4381012,49.0288828],[2.4408757,49.0232191],[2.4440027,49.0148805],[2.4430434,49.0138804],[2.4430811,49.0127576],[2.44287,49.0127085],[2.4433504,49.0118872],[2.4433827,49.0114494],[2.4445796,49.0124381],[2.4495534,49.0109028],[2.4563398,49.0097423],[2.4584048,49.0095176],[2.4610493,49.0096967],[2.4611184,49.0104594],[2.4646379,49.0094873],[2.466292,49.0088283],[2.4666561,49.009513],[2.467505,49.009414],[2.4675306,49.0097249],[2.4696793,49.0093135],[2.4693366,49.0088896],[2.4696455,49.0082942]]]]}},{"type":"Feature","properties":{"id":"95288","nom":"GROSLAY","created":"2005-07-26","updated":"2025-10-27","code_commune":"95288"},"geometry":{"type":"MultiPolygon","coordinates":[[[[2.3462234,48.9765594],[2.3480093,48.9798681],[2.3485322,48.9792536],[2.3498342,48.9782859],[2.351241,48.9791749],[2.3544195,48.9798275],[2.3564864,48.9773504],[2.3600466,48.9779289],[2.362389,48.9778743],[2.3627889,48.978654],[2.364088,48.978896],[2.3655247,48.9804344],[2.3678072,48.9842089],[2.3675405,48.9862585],[2.3681127,48.9878588],[2.3660484,48.9887275],[2.3667515,48.9894387],[2.3661196,48.9896689],[2.3640046,48.987553],[2.361831,48.9868144],[2.3610236,48.9866823],[2.3595239,48.9903972],[2.357434,48.9896969],[2.3569274,48.989382],[2.3568945,48.9913462],[2.3542801,48.9912317],[2.3502442,48.9908013],[2.3504694,48.9931792],[2.3494834,48.993332],[2.3421244,48.9936003],[2.3410861,48.9938582],[2.3395069,48.9937878],[2.3393022,48.993324],[2.3369963,48.9932859],[2.3373669,48.9927596],[2.3370301,48.9918103],[2.3370207,48.9907619],[2.3364181,48.989638],[2.3362955,48.9889904],[2.3360486,48.9890078],[2.3355334,48.9880339],[2.3350189,48.9881883],[2.3346649,48.987445],[2.3351817,48.9872908],[2.3347968,48.9861947],[2.3348855,48.9846119],[2.3352429,48.9845882],[2.3349923,48.9832487],[2.3350478,48.9809632],[2.3361898,48.9811529],[2.3368439,48.9806421],[2.3388757,48.9805585],[2.3398484,48.9811737],[2.3411241,48.9825549],[2.34278,48.9832732],[2.3442287,48.9780062],[2.3451035,48.9773441],[2.3448832,48.9769152],[2.3462234,48.9765594]]]]}},{"type":"Feature","properties":{"id":"95306","nom":"HERBLAY-SUR-SEINE","created":"2009-03-20","updated":"2025-12-10","code_commune":"95306"},"geometry":{"type":"MultiPolygon","coordinates":[[[[2.1662471,48.9812066],[2.169986,48.984201],[2.1701116,48.9841063],[2.1715741,48.9851259],[2.1727393,48.9857117],[2.1723399,48.986052],[2.173824,48.9863137],[2.1737397,48.9866748],[2.1740993,48.9865667],[2.1744959,48.9868637],[2.1746757,48.9868015],[2.1746618,48.9871186],[2.1752584,48.9880556],[2.1754885,48.9880302],[2.1757171,48.988287],[2.1760041,48.9883293],[2.1769979,48.9894769],[2.1775597,48.9893671],[2.1778711,48.9895492],[2.1794658,48.9915016],[2.1797106,48.9914184],[2.1807749,48.9925231],[2.1809972,48.9924496],[2.1812881,48.9931502],[2.1807833,48.9931959],[2.1820395,48.9940411],[2.1829488,48.9950318],[2.1877562,48.9977779],[2.1887571,48.9972466],[2.1925175,49.00213],[2.1930586,49.0026763],[2.1934483,49.0025052],[2.1951847,49.0046057],[2.1931503,49.0054875],[2.1870775,49.0030303],[2.1821125,49.0007437],[2.1688021,49.0077892],[2.1610893,49.0122259],[2.1608996,49.0120547],[2.1562457,49.013489],[2.1552564,49.0119757],[2.1544946,49.0094481],[2.1548131,49.006117],[2.1556751,49.0046738],[2.1537654,49.0057989],[2.148664,49.0079612],[2.1391474,49.0134884],[2.1370975,49.0150864],[2.1307506,49.0206768],[2.1256304,49.0256799],[2.1224075,49.0293305],[2.1160775,49.0245984],[2.1160599,49.0231533],[2.117386,49.0214115],[2.1190477,49.0214579],[2.1205932,49.0197646],[2.1212821,49.0183145],[2.1266851,49.0121917],[2.1271389,49.0096711],[2.1235473,49.0036452],[2.1209581,48.9949631],[2.1207064,48.9932963],[2.1239958,48.9935839],[2.1237402,48.9920412],[2.1239587,48.9913408],[2.1261342,48.9896585],[2.1272646,48.9891403],[2.1294617,48.9888396],[2.1329501,48.9887324],[2.1373924,48.9882869],[2.139235,48.9883366],[2.1412207,48.9881956],[2.1436064,48.9877607],[2.1486787,48.9864236],[2.1504478,48.9863685],[2.1556546,48.9855701],[2.1561217,48.9850403],[2.1597823,48.9837766],[2.1632912,48.9823027],[2.1647086,48.9820286],[2.1662471,48.9812066]]]]}},{"type":"Feature","properties":{"id":"95313","nom":"ISLE ADAM","created":"2004-11-17","updated":"2026-01-23","code_commune":"95313"},"geometry":{"type":"MultiPolygon","coordinates":[[[[2.2513584,49.0848634],[2.2506835,49.0907814],[2.2558941,49.0951352],[2.2565373,49.0951357],[2.2587047,49.0969276],[2.2603105,49.0987977],[2.2604193,49.1006554],[2.2630055,49.1031155],[2.2632576,49.1036196],[2.2631728,49.1045569],[2.2617457,49.1059021],[2.2610123,49.1060949],[2.2600294,49.1060936],[2.2589009,49.1064136],[2.2565128,49.1079781],[2.2556866,49.1104597],[2.255091,49.1112393],[2.2557583,49.1126397],[2.2568275,49.113469],[2.2583676,49.1136112],[2.2583485,49.1137985],[2.2608292,49.1142326],[2.2600429,49.1167187],[2.2612989,49.1179107],[2.26177,49.1186998],[2.2623006,49.119029],[2.2630029,49.1201293],[2.2639035,49.1203168],[2.2626754,49.1221283],[2.2617791,49.1229939],[2.2623521,49.1241619],[2.2616021,49.1242305],[2.2609102,49.1239947],[2.260869,49.1237701],[2.2603692,49.1236233],[2.2598504,49.1236586],[2.2582352,49.1245468],[2.2572616,49.1244193],[2.2565773,49.1245709],[2.2560701,49.1254137],[2.2557021,49.1254355],[2.2550463,49.1257895],[2.2544797,49.1256869],[2.2539837,49.125815],[2.2525551,49.1264179],[2.2521538,49.1264654],[2.2519553,49.126227],[2.2511379,49.1260223],[2.2484984,49.126228],[2.2465291,49.1276434],[2.2468441,49.1281804],[2.2459006,49.1285992],[2.2457556,49.1288104],[2.2449957,49.1289413],[2.2446789,49.1292449],[2.2438694,49.1291085],[2.2432132,49.1294274],[2.2419576,49.1293689],[2.2417031,49.1294921],[2.2405904,49.1292586],[2.2401972,49.1293912],[2.239963,49.1298322],[2.2390432,49.1296767],[2.2383681,49.1293813],[2.2359663,49.129246],[2.234915,49.130351],[2.2328576,49.1295736],[2.2289016,49.129256],[2.2266909,49.128576],[2.2234056,49.1279669],[2.2200416,49.1267785],[2.2159807,49.1227641],[2.213044,49.1212498],[2.2118806,49.1197017],[2.2114467,49.1179844],[2.2112639,49.1158069],[2.2106492,49.1150723],[2.2094934,49.1127703],[2.208878,49.109225],[2.2088966,49.1031884],[2.2091469,49.1001871],[2.2097402,49.0970002],[2.209678,49.0956435],[2.2088261,49.0921136],[2.2064078,49.0870604],[2.2121775,49.0861374],[2.2130125,49.086126],[2.2135362,49.087812],[2.2138642,49.0879181],[2.2139111,49.0884272],[2.2134463,49.0885308],[2.2139968,49.0895791],[2.2166915,49.0886797],[2.220388,49.0881683],[2.220343,49.0879898],[2.2219102,49.0874746],[2.2251631,49.0867664],[2.2270662,49.0865474],[2.228388,49.0868437],[2.2299292,49.0877351],[2.2321313,49.0879501],[2.2344773,49.0886898],[2.2358395,49.0873889],[2.2411026,49.0871121],[2.2432791,49.0865072],[2.248977,49.0857657],[2.2513584,49.0848634]]]]}},{"type":"Feature","properties":{"id":"95323","nom":"JOUY-LE-MOUTIER","created":"2005-09-26","updated":"2025-10-27","code_commune":"95323"},"geometry":{"type":"MultiPolygon","coordinates":[[[[2.0236649,48.9979197],[2.0259491,48.9997452],[2.0257406,49.0003193],[2.0259984,49.0005274],[2.0268049,49.0010038],[2.0286824,49.0016808],[2.0358983,49.0017047],[2.0415824,49.0013437],[2.0427622,49.0006236],[2.047413,49.0021666],[2.0490072,49.0025118],[2.0511997,49.0038586],[2.0543963,49.0050564],[2.056301,49.0052454],[2.0573135,49.0055033],[2.0575418,49.0057681],[2.0594487,49.0062819],[2.0642289,49.0083513],[2.0610083,49.010819],[2.0577034,49.0130761],[2.0572881,49.0128285],[2.0565755,49.0133226],[2.0563779,49.0130851],[2.0563458,49.0135509],[2.0567797,49.013781],[2.0562997,49.0141603],[2.0537102,49.0154396],[2.0508286,49.0172363],[2.048513,49.0187499],[2.0470877,49.0199533],[2.0465662,49.0196879],[2.0455439,49.0206394],[2.0459935,49.020839],[2.0427835,49.0229913],[2.0408052,49.0257306],[2.0384028,49.0247749],[2.0370337,49.0244029],[2.0371936,49.023825],[2.0352338,49.0235854],[2.034793,49.023074],[2.0353158,49.0218963],[2.034962,49.0222648],[2.0346177,49.022012],[2.0329005,49.0216679],[2.0317698,49.0216468],[2.0316345,49.0214073],[2.0323546,49.0202807],[2.0292304,49.0196717],[2.0288964,49.0189738],[2.0215005,49.0211389],[2.0142164,49.0209305],[2.0108396,49.0206762],[2.0115865,49.0175727],[2.0122532,49.0174368],[2.0136992,49.0175039],[2.0138118,49.0154263],[2.0151277,49.0141814],[2.0086631,49.0115149],[2.0102795,49.0095928],[2.009345,49.0092494],[2.0085742,49.0087124],[2.0070832,49.0085513],[2.0095241,49.0063735],[2.0119928,49.0045664],[2.0119003,49.003516],[2.0131187,49.0015053],[2.0136857,49.001224],[2.0145485,49.0010874],[2.021509,48.9989393],[2.0236649,48.9979197]]]]}},{"type":"Feature","properties":{"id":"95369","nom":"MARGENCY","created":"2009-03-23","updated":"2026-04-10","code_commune":"95369"},"geometry":{"type":"MultiPolygon","coordinates":[[[[2.2901314,48.996795],[2.2919749,48.9987972],[2.2935466,48.9993468],[2.2943013,48.9997819],[2.2949339,49.0005206],[2.2960348,49.0024332],[2.297234,49.0034532],[2.2947604,49.0038125],[2.294744,49.0044678],[2.2944981,49.0045],[2.2949048,49.0058988],[2.2923282,49.0062006],[2.2907915,49.006595],[2.290181,49.0065048],[2.2843715,49.0025731],[2.2830612,49.003039],[2.2820148,49.0027098],[2.2818658,49.0024415],[2.2820963,49.0020338],[2.2838583,49.0015529],[2.2838318,49.0009978],[2.283745,49.0007288],[2.2834692,49.0006847],[2.2831082,48.9996779],[2.2820565,48.9990711],[2.2811212,48.9981678],[2.2846137,48.9974998],[2.2864722,48.9974339],[2.2901314,48.996795]]]]}},{"type":"Feature","properties":{"id":"95392","nom":"MERIEL","created":"2012-03-29","updated":"2025-10-27","code_commune":"95392"},"geometry":{"type":"MultiPolygon","coordinates":[[[[2.2027771,49.0649099],[2.2061794,49.065728],[2.2100879,49.0659083],[2.2101103,49.0657813],[2.2136215,49.0653945],[2.2145032,49.0654108],[2.2147306,49.0657617],[2.216022,49.0656016],[2.2165346,49.0656942],[2.2184723,49.0672046],[2.2239845,49.0754478],[2.2246348,49.0755305],[2.225135,49.0760363],[2.226998,49.0768151],[2.2294086,49.0774354],[2.2333003,49.0762317],[2.2358668,49.087328],[2.2358202,49.0875842],[2.2348655,49.0885334],[2.2345656,49.0886956],[2.2311832,49.0876285],[2.2299163,49.0877204],[2.2283988,49.0868249],[2.2271017,49.0865363],[2.2250466,49.0867938],[2.2217935,49.0874986],[2.2203248,49.0880005],[2.2203885,49.088192],[2.2166944,49.0886925],[2.2140453,49.0894388],[2.2134487,49.0885],[2.2139096,49.0883928],[2.213848,49.0879136],[2.2135215,49.0877769],[2.212956,49.0861244],[2.2092598,49.0865509],[2.2087794,49.0867392],[2.2071522,49.0868906],[2.2063936,49.0871036],[2.2050994,49.0853309],[2.201884,49.0819542],[2.2001373,49.0792313],[2.1971975,49.0762974],[2.1954475,49.0749513],[2.1942457,49.0742622],[2.190635,49.0725949],[2.1892559,49.0721533],[2.1896349,49.0716496],[2.1919103,49.0699405],[2.1947492,49.068074],[2.1952375,49.0673852],[2.1958084,49.0674633],[2.1962192,49.0673331],[2.1979137,49.0660224],[2.1991943,49.0655278],[2.1999664,49.065037],[2.2027771,49.0649099]]]]}},{"type":"Feature","properties":{"id":"95394","nom":"MERY-SUR-OISE","created":"2016-03-22","updated":"2025-11-25","code_commune":"95394"},"geometry":{"type":"MultiPolygon","coordinates":[[[[2.1682058,49.0314679],[2.1687439,49.0340411],[2.1694233,49.0350996],[2.1737653,49.0386966],[2.1730488,49.03897],[2.1742029,49.0402957],[2.1740043,49.0412368],[2.1742438,49.0412658],[2.17474,49.0427325],[2.1753113,49.042903],[2.1748307,49.0435647],[2.1749455,49.0444541],[2.1745728,49.0448439],[2.1761507,49.046082],[2.176099,49.0462766],[2.1804064,49.0464952],[2.1820658,49.0463243],[2.1832596,49.0464036],[2.185221,49.0473025],[2.1859933,49.0468824],[2.1918259,49.0490924],[2.1941173,49.0501214],[2.1957722,49.0511554],[2.1985863,49.0512601],[2.1983135,49.0514143],[2.1985694,49.0516073],[2.1976164,49.0522327],[2.2009609,49.0548565],[2.2017932,49.055303],[2.2017073,49.0557676],[2.2020581,49.0570511],[2.2009614,49.0582741],[2.2018692,49.0584866],[2.2022434,49.0588267],[2.2022046,49.0595102],[2.2025799,49.0602172],[2.2033951,49.0607261],[2.2035499,49.061061],[2.2044982,49.0615867],[2.2043784,49.0624606],[2.2033156,49.0634786],[2.2027868,49.0648888],[2.1999584,49.0650291],[2.1993144,49.0654593],[2.1979409,49.0660177],[2.196816,49.0669285],[2.1965163,49.0669823],[2.1961778,49.0673926],[2.1952738,49.0673984],[2.1947351,49.0680831],[2.1896814,49.0715884],[2.1893686,49.0721849],[2.1856773,49.071215],[2.1814308,49.0706543],[2.178639,49.0699477],[2.1705116,49.0646421],[2.1697604,49.0643102],[2.1688346,49.0641313],[2.1669373,49.0641513],[2.1635472,49.0646179],[2.1589361,49.0645165],[2.1563873,49.0652799],[2.1525982,49.0658923],[2.1506222,49.0665113],[2.146372,49.0670207],[2.1456436,49.0668978],[2.1431087,49.0669058],[2.1406946,49.066546],[2.1419675,49.0660837],[2.1483123,49.0659331],[2.1493219,49.0656757],[2.1489369,49.0647213],[2.1470387,49.0637744],[2.145575,49.062859],[2.1448478,49.0621918],[2.1461562,49.0619322],[2.1475502,49.062068],[2.147877,49.0615692],[2.148379,49.0616683],[2.1486163,49.0611733],[2.1504673,49.0616227],[2.1515402,49.0607369],[2.1531069,49.0559431],[2.1533699,49.0518977],[2.1642408,49.0530361],[2.1699239,49.0533286],[2.1692609,49.0531423],[2.1599402,49.0525013],[2.1517807,49.0515085],[2.1517257,49.0516707],[2.1514219,49.0516254],[2.1515321,49.050129],[2.1493555,49.0499747],[2.1494974,49.0486601],[2.1498124,49.0486647],[2.1507843,49.0468393],[2.15107,49.0469018],[2.1516988,49.045798],[2.1521135,49.0459163],[2.1529138,49.0444786],[2.1630625,49.0406816],[2.1558146,49.0361664],[2.1585019,49.0353952],[2.1682058,49.0314679]]]]}},{"type":"Feature","properties":{"id":"95424","nom":"MONTIGNY LES CORMEILLES","created":"2013-05-24","updated":"2026-01-12","code_commune":"95424"},"geometry":{"type":"MultiPolygon","coordinates":[[[[2.1834902,48.9791857],[2.1846503,48.9796031],[2.1851476,48.9792742],[2.1861921,48.9792405],[2.1891646,48.9795342],[2.1895781,48.9797219],[2.1881243,48.980979],[2.1875959,48.9812413],[2.1890889,48.9833346],[2.1913775,48.9837383],[2.1914761,48.9845465],[2.1931076,48.9846171],[2.1931764,48.9847491],[2.1942422,48.9846562],[2.1949502,48.9852862],[2.1978042,48.9853478],[2.1988482,48.9863939],[2.1983931,48.9877058],[2.1993266,48.9877898],[2.2001208,48.9876913],[2.2000468,48.9878361],[2.2003056,48.9878019],[2.2016053,48.9904274],[2.2044618,48.9895667],[2.2047533,48.990003],[2.207007,48.9919734],[2.2082239,48.9942856],[2.208075,48.9946052],[2.2089931,48.9969716],[2.2132398,49.0016536],[2.1970533,49.0076707],[2.1931237,49.0054886],[2.1951989,49.0046085],[2.1933703,49.0025415],[2.1930643,49.0026704],[2.1925306,49.0021312],[2.1887765,48.9972544],[2.1877284,48.9977657],[2.182981,48.9950448],[2.1821241,48.9941169],[2.1807834,48.9932061],[2.1812627,48.9931512],[2.1809814,48.9924446],[2.1807589,48.9925181],[2.1797082,48.9914261],[2.1794488,48.9914979],[2.1778638,48.9895457],[2.1775528,48.9893643],[2.1769923,48.9894792],[2.1760017,48.9883299],[2.1757136,48.9882904],[2.1754909,48.9880343],[2.1752612,48.9880575],[2.1746755,48.9871251],[2.1746832,48.9868146],[2.1744917,48.9868698],[2.1740869,48.9865774],[2.1788242,48.9857267],[2.1818194,48.9844493],[2.1819687,48.9817168],[2.1834902,48.9791857]]]]}},{"type":"Feature","properties":{"id":"95426","nom":"MONTLIGNON","created":"2008-06-20","updated":"2025-10-27","code_commune":"95426"},"geometry":{"type":"MultiPolygon","coordinates":[[[[2.2843446,49.0025536],[2.2902042,49.0065248],[2.2909906,49.0065689],[2.2916836,49.0063242],[2.2920172,49.0067869],[2.2923304,49.0066804],[2.2925669,49.0070119],[2.292016,49.0071745],[2.2924351,49.0077641],[2.2930742,49.0075332],[2.2943407,49.0092133],[2.2949008,49.0089399],[2.2958217,49.0107316],[2.2976926,49.0110716],[2.2983805,49.0118722],[2.3000064,49.0149352],[2.3008753,49.0153183],[2.3016704,49.0160355],[2.3009744,49.0167786],[2.30037,49.0171364],[2.3006455,49.0173413],[2.3003686,49.0178017],[2.300252,49.0187156],[2.3004819,49.0189964],[2.3017347,49.0196748],[2.302214,49.0203729],[2.3031193,49.0209474],[2.3032296,49.0211811],[2.3028061,49.0215819],[2.3024297,49.0228246],[2.3016362,49.0231137],[2.3017794,49.0241201],[2.2957865,49.0273765],[2.2950179,49.0269538],[2.2930892,49.0286753],[2.2916693,49.0242202],[2.2891784,49.0214958],[2.2881222,49.0220431],[2.287365,49.0216519],[2.287322,49.0225252],[2.2859713,49.0226892],[2.2857612,49.0208998],[2.28583,49.0206149],[2.2861776,49.0203831],[2.2849616,49.0201168],[2.2807913,49.0172071],[2.2811297,49.0168595],[2.2811303,49.0155163],[2.2816482,49.0140992],[2.2815541,49.0119615],[2.2807294,49.0106324],[2.2797509,49.0109219],[2.2796586,49.010821],[2.2792909,49.010911],[2.2785283,49.0093559],[2.2778755,49.0085708],[2.2772839,49.0087104],[2.2763227,49.0076595],[2.2755864,49.0079368],[2.275419,49.0076526],[2.2750621,49.00778],[2.2747767,49.0074249],[2.2742045,49.0076216],[2.2731539,49.0064455],[2.2750558,49.0060284],[2.2801818,49.0039084],[2.2843446,49.0025536]]]]}},{"type":"Feature","properties":{"id":"95427","nom":"MONTMAGNY","created":"2005-05-20","updated":"2026-04-16","code_commune":"95427"},"geometry":{"type":"MultiPolygon","coordinates":[[[[2.3334476,48.9552557],[2.3340957,48.9561248],[2.3342588,48.9560548],[2.3360261,48.957492],[2.3371333,48.9590423],[2.3377358,48.9595501],[2.3381068,48.9600781],[2.3375452,48.9608339],[2.338925,48.9627895],[2.3391504,48.9628915],[2.3398385,48.9625922],[2.34385,48.9684258],[2.3471331,48.9676382],[2.3494124,48.9673368],[2.350464,48.96703],[2.3516214,48.9665709],[2.3516464,48.9662584],[2.3524696,48.9658124],[2.353451,48.9656133],[2.3536619,48.9658352],[2.3539324,48.965744],[2.3547283,48.9668905],[2.3569864,48.9688393],[2.3563747,48.9691398],[2.3589523,48.9729354],[2.3601068,48.9724906],[2.3606643,48.9728442],[2.3615971,48.9740009],[2.3652675,48.9730245],[2.365933,48.9742657],[2.3640865,48.978895],[2.3628002,48.9786572],[2.3623865,48.9778717],[2.3600504,48.9779272],[2.3565017,48.9773539],[2.3544217,48.9798312],[2.3512482,48.9791679],[2.3498438,48.9782848],[2.3479895,48.9798376],[2.3462172,48.9765565],[2.3448932,48.9769223],[2.3450539,48.9774057],[2.3441981,48.9780661],[2.3427158,48.9749122],[2.3414308,48.9747711],[2.3356696,48.9752923],[2.3358769,48.9738833],[2.336374,48.97259],[2.3362806,48.9720139],[2.3338435,48.9709215],[2.3307824,48.9702333],[2.3318779,48.9689783],[2.3334986,48.9681822],[2.3331772,48.9675443],[2.3338773,48.9667075],[2.3335901,48.966319],[2.334695,48.9659517],[2.3342204,48.9654381],[2.3317419,48.9663711],[2.3305743,48.9650521],[2.3313216,48.9647734],[2.3301912,48.9635714],[2.330624,48.9633795],[2.3295179,48.962296],[2.3305185,48.9618016],[2.3303172,48.9616292],[2.3314905,48.9610055],[2.3294426,48.9599789],[2.3278679,48.9595077],[2.3334476,48.9552557]]]]}},{"type":"Feature","properties":{"id":"95428","nom":"MONTMORENCY","created":"2005-10-18","updated":"2025-10-27","code_commune":"95428"},"geometry":{"type":"MultiPolygon","coordinates":[[[[2.3138542,48.969584],[2.3154493,48.9707961],[2.3165956,48.9712695],[2.3166245,48.9732759],[2.3171812,48.975369],[2.3165898,48.9782816],[2.3167213,48.9796135],[2.3196066,48.9808563],[2.3208937,48.9804935],[2.3227502,48.9804331],[2.3225374,48.9811397],[2.3228808,48.9823065],[2.3255198,48.983202],[2.3282025,48.9829915],[2.3298276,48.9826237],[2.3313438,48.9825175],[2.3323006,48.982057],[2.3341784,48.9816042],[2.3341762,48.9808384],[2.3350584,48.9809523],[2.3350302,48.9832743],[2.3352442,48.98453],[2.3348823,48.9846129],[2.3347928,48.9861332],[2.335181,48.9872933],[2.3346652,48.9874426],[2.3350101,48.9881958],[2.3355491,48.9880328],[2.3360545,48.989021],[2.3362991,48.9889928],[2.3364435,48.9897019],[2.3370721,48.990907],[2.3370478,48.9918647],[2.3373661,48.9927667],[2.3365471,48.9931023],[2.3334976,48.9950999],[2.3324035,48.9955253],[2.331465,48.995671],[2.3322959,48.9983265],[2.3326681,48.9982436],[2.3329709,48.9994172],[2.3299172,48.9998658],[2.3302432,49.0003409],[2.3310807,49.0006961],[2.331418,49.0016878],[2.3300264,49.0018574],[2.3285628,49.0023798],[2.3276669,49.0029198],[2.3235032,49.0043636],[2.3206184,49.0056582],[2.3206284,49.0065185],[2.3210552,49.0080466],[2.3220523,49.0101685],[2.3218903,49.0106522],[2.3201706,49.0106939],[2.3186511,49.0117044],[2.3157514,49.0110597],[2.3155093,49.0137892],[2.3145858,49.0145907],[2.3127437,49.0147133],[2.3126522,49.0143097],[2.3116294,49.0128831],[2.3114148,49.0118327],[2.3119985,49.0111239],[2.3123345,49.0096984],[2.3134358,49.0087576],[2.3138221,49.0079945],[2.310881,49.0064249],[2.3130044,49.005038],[2.3126386,49.0046212],[2.3115453,49.0043263],[2.3110271,49.0039533],[2.3107233,49.0020921],[2.3130746,49.0018688],[2.3141266,49.0012408],[2.3153362,49.0009756],[2.3155958,49.0000585],[2.3166185,48.9991133],[2.3162609,48.9986],[2.3161521,48.9986756],[2.3152865,48.9982622],[2.3155967,48.9978663],[2.3152841,48.9976719],[2.3155664,48.9974775],[2.3145158,48.9967223],[2.3138897,48.9967523],[2.3132805,48.9963833],[2.3132662,48.9957724],[2.3129345,48.9957462],[2.3129102,48.9955372],[2.3134666,48.9946784],[2.3133116,48.9944226],[2.3109192,48.9926805],[2.3122176,48.9921803],[2.3120594,48.9913649],[2.3130689,48.9907043],[2.3138402,48.9897897],[2.3121113,48.9891352],[2.3116665,48.9881235],[2.309596,48.9867507],[2.3071841,48.98592],[2.3085077,48.9848084],[2.3094404,48.9843728],[2.312404,48.9834235],[2.3089588,48.9801899],[2.3071604,48.9789243],[2.306762,48.9791704],[2.3070336,48.977369],[2.3084188,48.9749483],[2.3093335,48.9739886],[2.3106907,48.9718837],[2.3138542,48.969584]]]]}},{"type":"Feature","properties":{"id":"95446","nom":"NESLES-LA-VALLEE","created":"2015-07-20","updated":"2025-10-27","code_commune":"95446"},"geometry":{"type":"MultiPolygon","coordinates":[[[[2.1597834,49.1036253],[2.1593233,49.1050384],[2.1590448,49.1069174],[2.1612303,49.1077093],[2.1659989,49.1075678],[2.1660157,49.1084969],[2.1724778,49.1090484],[2.1722981,49.1096127],[2.1728302,49.1095547],[2.174268,49.1098692],[2.1744868,49.1096435],[2.1747058,49.1096808],[2.1752659,49.1088884],[2.1766135,49.1093452],[2.1768157,49.1091787],[2.1783543,49.1097502],[2.1784685,49.1095711],[2.1788594,49.1095934],[2.1789478,49.1094452],[2.1799097,49.1097546],[2.1809448,49.1085442],[2.1822265,49.1091269],[2.1830216,49.10903],[2.1839213,49.109441],[2.1833293,49.1096574],[2.1841717,49.1101956],[2.1839033,49.1103642],[2.185057,49.1107424],[2.1847683,49.1109962],[2.1856691,49.1119732],[2.1854357,49.1120931],[2.1878762,49.1130648],[2.1890901,49.1133493],[2.1929346,49.1149243],[2.1932621,49.1147899],[2.1946956,49.1157116],[2.1949613,49.1155456],[2.1951625,49.1157103],[2.1959869,49.1153244],[2.199363,49.1181419],[2.1970669,49.119554],[2.1976559,49.1198928],[2.1963001,49.1213098],[2.197572,49.1219587],[2.1960791,49.1234128],[2.1950197,49.1240831],[2.1949388,49.1240055],[2.194212,49.124387],[2.1956928,49.1257786],[2.1925943,49.1272037],[2.1921858,49.1272544],[2.1927527,49.1277406],[2.191539,49.1280332],[2.1927342,49.1277566],[2.1937673,49.1287307],[2.1931115,49.1290071],[2.1931909,49.1294673],[2.1925115,49.1298543],[2.1935516,49.1305097],[2.1933729,49.1306154],[2.1941135,49.131254],[2.1931139,49.1318267],[2.19226,49.1309639],[2.1908145,49.1300922],[2.1918421,49.1294477],[2.190778,49.1300627],[2.193117,49.1318976],[2.1912842,49.1328861],[2.1929386,49.134716],[2.1906974,49.1353779],[2.191053,49.1355836],[2.190004,49.1368116],[2.1897531,49.1378037],[2.1900595,49.1378531],[2.1895398,49.1396897],[2.1897748,49.1397416],[2.189891,49.1401181],[2.1896618,49.1413862],[2.190105,49.1416234],[2.1897003,49.141966],[2.189848,49.1418616],[2.190572,49.1422493],[2.1980026,49.1435728],[2.1893966,49.162594],[2.1893826,49.1647099],[2.1889543,49.1649451],[2.1866221,49.1638392],[2.1859722,49.1630797],[2.1858841,49.1627991],[2.1860801,49.1627402],[2.1855301,49.1619353],[2.1845519,49.1610226],[2.184573,49.1607793],[2.1848902,49.1604592],[2.185353,49.1602988],[2.1856033,49.159895],[2.1840892,49.1591582],[2.1844626,49.1569708],[2.1838195,49.1554913],[2.1838564,49.1545946],[2.1841324,49.1539893],[2.1848603,49.1543011],[2.1860073,49.1526591],[2.1865975,49.151333],[2.1870854,49.14888],[2.1862749,49.1477393],[2.1857064,49.1464356],[2.1851952,49.1468681],[2.1840417,49.1461811],[2.1833102,49.1465377],[2.1813821,49.1469885],[2.1797193,49.1463738],[2.1765274,49.1449994],[2.1752884,49.1442869],[2.1741345,49.1431439],[2.1739679,49.1432029],[2.1734692,49.142721],[2.1739428,49.1424685],[2.1732267,49.1415499],[2.17342,49.1412928],[2.173169,49.141452],[2.1722601,49.1412049],[2.1703882,49.1412645],[2.170426,49.140722],[2.1693378,49.1406647],[2.1666934,49.1418697],[2.1668007,49.1425311],[2.164992,49.142675],[2.1647134,49.1419654],[2.1645717,49.1419998],[2.1623081,49.1390504],[2.1614727,49.139159],[2.1613734,49.1387344],[2.1612949,49.1391835],[2.1596472,49.1397185],[2.1592074,49.1386235],[2.1583693,49.1388269],[2.1569529,49.137312],[2.1578338,49.1370449],[2.1569805,49.1359876],[2.1589527,49.1350222],[2.1584882,49.1346689],[2.1584074,49.1339955],[2.1583737,49.1346033],[2.1588748,49.1350276],[2.1574611,49.1357873],[2.1563251,49.1361814],[2.1545891,49.1335254],[2.154037,49.1323324],[2.1538838,49.131377],[2.1552122,49.1313216],[2.1509355,49.1278944],[2.1489802,49.1274194],[2.1482673,49.1254915],[2.1456634,49.1225979],[2.1461338,49.1222463],[2.1406111,49.1158938],[2.1360628,49.1179569],[2.1350272,49.1158239],[2.1392859,49.1138663],[2.1399993,49.1149125],[2.1451322,49.1125454],[2.1454598,49.1127047],[2.1452489,49.1126019],[2.1464992,49.111878],[2.146555,49.1112348],[2.1472248,49.1105791],[2.1483244,49.1097534],[2.15185,49.1078441],[2.1506112,49.1061572],[2.1505593,49.1050841],[2.1499009,49.1045627],[2.1492771,49.1043195],[2.1509039,49.1038273],[2.1542676,49.1055561],[2.1597834,49.1036253]]]]}},{"type":"Feature","properties":{"id":"95450","nom":"NEUVILLE-SUR-OISE","created":"2001-12-13","updated":"2026-01-13","code_commune":"95450"},"geometry":{"type":"MultiPolygon","coordinates":[[[[2.0715667,49.0017069],[2.072783,49.0018493],[2.0735533,49.0017504],[2.0753243,49.0021078],[2.0753719,49.0032559],[2.0747935,49.0065212],[2.0785959,49.0074417],[2.0826966,49.0094657],[2.0849682,49.014621],[2.0813476,49.0154814],[2.0793965,49.0162007],[2.0804577,49.0168918],[2.0807174,49.0172742],[2.0809536,49.0179514],[2.0808153,49.0189955],[2.0789849,49.0187969],[2.076782,49.0191806],[2.0759731,49.0184536],[2.0760861,49.0183874],[2.0754608,49.0180002],[2.0703539,49.0192701],[2.0672592,49.0210047],[2.0609395,49.0258703],[2.0598807,49.0253839],[2.0592304,49.0248914],[2.0578176,49.0227508],[2.0563386,49.0231418],[2.0564067,49.0233812],[2.0526872,49.0251951],[2.0508848,49.0263345],[2.0504912,49.0270243],[2.0491133,49.0277491],[2.0500648,49.0285267],[2.0381468,49.0338586],[2.03643,49.0318615],[2.0364592,49.0306558],[2.0372748,49.0292833],[2.0408332,49.0257507],[2.0427492,49.0230198],[2.0450512,49.0215652],[2.0485459,49.0187299],[2.0538086,49.0153725],[2.0562788,49.0141901],[2.0634791,49.0088673],[2.0676664,49.0061257],[2.0702386,49.0036455],[2.0715667,49.0017069]]]]}},{"type":"Feature","properties":{"id":"95476","nom":"OSNY","created":"2004-11-04","updated":"2025-08-20","code_commune":"95476"},"geometry":{"type":"MultiPolygon","coordinates":[[[[2.0721849,49.0471666],[2.0733162,49.0480762],[2.0747296,49.0475063],[2.0761489,49.0490417],[2.075929,49.0490593],[2.0759646,49.0492058],[2.0766866,49.0503165],[2.0784947,49.05209],[2.0782357,49.0524637],[2.0769731,49.0529226],[2.076516,49.0533839],[2.0767862,49.0550563],[2.0780514,49.0548857],[2.0788626,49.0554208],[2.0815031,49.0563166],[2.0816718,49.0570633],[2.0821513,49.0578644],[2.0826056,49.0577331],[2.0845704,49.0600455],[2.0855965,49.0605946],[2.0912509,49.0661654],[2.0938104,49.0684487],[2.0958744,49.0699624],[2.0949687,49.0705895],[2.0924172,49.071439],[2.0885753,49.0737107],[2.0876807,49.0736121],[2.0871372,49.0747024],[2.0873744,49.0771517],[2.0862479,49.0781785],[2.0861108,49.0790213],[2.0866565,49.0806471],[2.0867091,49.0816885],[2.0862199,49.0823232],[2.0857028,49.0821623],[2.0844089,49.0835958],[2.0843439,49.0841941],[2.0806056,49.0846601],[2.0786087,49.0851257],[2.0729045,49.0786143],[2.0666359,49.0842454],[2.0634512,49.0865179],[2.0575553,49.0855866],[2.0542095,49.0848101],[2.0479975,49.0840335],[2.0459585,49.0831011],[2.0445067,49.0826926],[2.0451082,49.0826282],[2.0445937,49.0807628],[2.0426424,49.076722],[2.042481,49.0767421],[2.0409143,49.0750402],[2.0412906,49.0741891],[2.0398709,49.0725745],[2.040026,49.0724237],[2.0380819,49.0702669],[2.0370517,49.0686311],[2.0370036,49.0682851],[2.0372578,49.0679388],[2.0365362,49.0674173],[2.0358693,49.0654763],[2.0345528,49.0627661],[2.0339596,49.0600464],[2.0338257,49.0582054],[2.0308313,49.0582739],[2.0300156,49.0575516],[2.0279511,49.0563955],[2.0285193,49.0559867],[2.0293587,49.0557599],[2.0378196,49.0554059],[2.0394582,49.0551413],[2.0430243,49.0541942],[2.0466773,49.0540016],[2.0468792,49.0560301],[2.0584667,49.0539926],[2.0584164,49.05378],[2.0630137,49.0523861],[2.0667357,49.0506886],[2.0671126,49.0507277],[2.0721849,49.0471666]]]]}},{"type":"Feature","properties":{"id":"95480","nom":"PARMAIN","created":"2015-07-17","updated":"2024-12-23","code_commune":"95480"},"geometry":{"type":"MultiPolygon","coordinates":[[[[2.2044015,49.0933161],[2.2048583,49.0935166],[2.2052797,49.0934775],[2.2053167,49.0937426],[2.2058361,49.0936511],[2.2058755,49.09342],[2.2065233,49.0936388],[2.2066284,49.0938134],[2.2069688,49.093721],[2.2074637,49.0939492],[2.2079706,49.0937873],[2.2080263,49.0934487],[2.2086889,49.0937384],[2.2093212,49.0965022],[2.2089347,49.0981463],[2.2095857,49.0981445],[2.208982,49.1011364],[2.2088464,49.1037244],[2.2049771,49.103753],[2.2088479,49.1037252],[2.2088942,49.1094969],[2.2095593,49.1128624],[2.2106652,49.1150046],[2.2103492,49.1150617],[2.2106993,49.1150126],[2.2112797,49.1158252],[2.2117231,49.1192304],[2.212622,49.1209156],[2.2119151,49.121166],[2.2120804,49.1213629],[2.2126963,49.1209841],[2.2160158,49.1228858],[2.2172875,49.1239935],[2.2154719,49.125039],[2.2145026,49.1253008],[2.2141381,49.1252102],[2.2136292,49.1256187],[2.2128974,49.1258208],[2.2146866,49.1266868],[2.2149581,49.1283718],[2.2153388,49.1289792],[2.2146963,49.1293149],[2.2132182,49.1297229],[2.2134949,49.1300191],[2.2128777,49.1302036],[2.2125631,49.130026],[2.2124335,49.1309538],[2.2113533,49.1310737],[2.2115924,49.1321846],[2.2122031,49.1329178],[2.2112652,49.1337301],[2.2120155,49.1357233],[2.2119463,49.1365788],[2.2117795,49.1368711],[2.2105237,49.1369909],[2.2100271,49.1364944],[2.2105196,49.1369971],[2.2117581,49.1368784],[2.211192,49.1378067],[2.211708,49.1384453],[2.2115159,49.1384902],[2.2119971,49.1389093],[2.212762,49.1410483],[2.2121084,49.1432927],[2.2102355,49.1451647],[2.2066256,49.1480445],[2.2054765,49.1487338],[2.2054979,49.1490045],[2.1984901,49.1566418],[2.1923803,49.1557363],[2.1976354,49.143569],[2.1965727,49.1433724],[2.1970804,49.1415407],[2.196573,49.1433616],[2.1904621,49.1422338],[2.1898326,49.1418476],[2.1901076,49.1416259],[2.1896645,49.1413959],[2.1898881,49.1401116],[2.1897752,49.1397533],[2.189533,49.1397215],[2.1900603,49.1378634],[2.189745,49.1378052],[2.1899661,49.1370066],[2.1911502,49.1355698],[2.190771,49.1353524],[2.1930417,49.1346997],[2.1913237,49.1328848],[2.194115,49.1312509],[2.1933655,49.1306095],[2.1935419,49.1305072],[2.1925249,49.1298639],[2.1932121,49.1294702],[2.1931245,49.1290072],[2.1938361,49.1287106],[2.1922062,49.1272556],[2.1926001,49.1272108],[2.1934934,49.1268175],[2.1934045,49.1267297],[2.1957189,49.1257722],[2.1942159,49.1243922],[2.1960842,49.1234178],[2.1975768,49.1219495],[2.1963046,49.1213075],[2.1976575,49.1198902],[2.1970573,49.1195478],[2.1993823,49.1181243],[2.1959287,49.1152349],[2.1951556,49.1157105],[2.1949514,49.1155435],[2.1946843,49.1157092],[2.1932316,49.1147826],[2.1929277,49.1149252],[2.1890815,49.1133556],[2.1861873,49.1124867],[2.1854384,49.1120922],[2.1856557,49.1119705],[2.1847544,49.1109852],[2.1850481,49.1107413],[2.1838948,49.1103515],[2.1841686,49.1101799],[2.1833321,49.1096453],[2.1838955,49.109423],[2.1829976,49.1090234],[2.1821868,49.1091263],[2.1809093,49.1085693],[2.1813003,49.1081693],[2.1832993,49.1072992],[2.1836983,49.1069519],[2.1856114,49.1069218],[2.1862566,49.1063156],[2.1862941,49.105626],[2.1866844,49.1046844],[2.1856403,49.1029699],[2.1865694,49.1029398],[2.1888602,49.1045629],[2.1890027,49.103989],[2.1885853,49.1014543],[2.1910304,49.1001717],[2.1953297,49.0972282],[2.1979161,49.0952991],[2.1985852,49.0945025],[2.1994519,49.0947574],[2.200426,49.0948167],[2.2033059,49.0943856],[2.2031649,49.0937858],[2.2035741,49.0938928],[2.203693,49.0936428],[2.2041863,49.0936852],[2.2041656,49.0934116],[2.2044015,49.0933161]]]]}},{"type":"Feature","properties":{"id":"95488","nom":"PIERRELAYE","created":"2011-06-22","updated":"2026-03-02","code_commune":"95488"},"geometry":{"type":"MultiPolygon","coordinates":[[[[2.1821447,49.0007479],[2.1875853,49.0032961],[2.1929215,49.0053947],[2.1970122,49.0077041],[2.1730495,49.0142986],[2.1745447,49.0165271],[2.1747834,49.0167871],[2.1750648,49.016699],[2.1804327,49.023229],[2.1816031,49.0244488],[2.1829771,49.0254059],[2.180076,49.0269957],[2.1661239,49.0322785],[2.1602882,49.0346923],[2.157731,49.0356393],[2.1556553,49.0362148],[2.1517405,49.0338369],[2.1491292,49.0324843],[2.1353612,49.0268097],[2.1329267,49.0255528],[2.128651,49.0228439],[2.131843,49.0196898],[2.1372052,49.0149894],[2.1393578,49.0133521],[2.1487428,49.0079262],[2.153912,49.0057229],[2.1555429,49.0047305],[2.1548406,49.0060645],[2.1544862,49.0093209],[2.1552399,49.0119395],[2.1562397,49.0134872],[2.1609161,49.0120503],[2.1610808,49.0122369],[2.1663066,49.0090517],[2.1821447,49.0007479]]]]}},{"type":"Feature","properties":{"id":"95489","nom":"PISCOP","created":"2016-03-18","updated":"2025-10-27","code_commune":"95489"},"geometry":{"type":"MultiPolygon","coordinates":[[[[2.3453876,49.0058047],[2.3462788,49.0084892],[2.3473242,49.0106015],[2.3488982,49.011818],[2.3498162,49.0129179],[2.3518628,49.0133893],[2.3517567,49.0136277],[2.3534456,49.0141101],[2.355355,49.0152871],[2.3571628,49.0160797],[2.3586496,49.016987],[2.3609486,49.0188511],[2.3627553,49.019693],[2.3635412,49.0203134],[2.3638615,49.0211882],[2.3637807,49.0219993],[2.3594324,49.0241181],[2.3586059,49.0250158],[2.3578337,49.0252088],[2.3587332,49.025521],[2.3570078,49.0259971],[2.3557243,49.0267655],[2.3547346,49.0268206],[2.3541553,49.0264732],[2.3525093,49.025951],[2.3464121,49.0244034],[2.3460207,49.024276],[2.3461906,49.0239215],[2.3453074,49.0236364],[2.3453037,49.0234629],[2.3445508,49.0232953],[2.3421789,49.0233202],[2.3399086,49.0227247],[2.3379571,49.0225207],[2.3349082,49.0225074],[2.3345519,49.0223977],[2.3343006,49.0220364],[2.3325378,49.0216171],[2.331722,49.0222001],[2.3300563,49.0212971],[2.329277,49.0215601],[2.3290076,49.0211408],[2.3274263,49.0203621],[2.3260523,49.0187912],[2.3239881,49.0198793],[2.3232468,49.0179001],[2.3224633,49.0174741],[2.3216786,49.0166172],[2.3203972,49.0160293],[2.3215588,49.0138046],[2.3215736,49.0124298],[2.3219274,49.0125417],[2.322329,49.0119581],[2.322196,49.0103753],[2.322352,49.0098991],[2.3251978,49.0095504],[2.3273419,49.0095715],[2.328034,49.0093986],[2.3290998,49.0088489],[2.3294113,49.0089754],[2.3302967,49.0088774],[2.3327242,49.0082071],[2.3341011,49.0084082],[2.334759,49.00803],[2.3387024,49.0070103],[2.3400919,49.0067577],[2.3401117,49.0069348],[2.3404159,49.0068903],[2.343181,49.0061709],[2.3453876,49.0058047]]]]}},{"type":"Feature","properties":{"id":"95491","nom":"PLESSIS-BOUCHARD (LE)","created":"2008-03-04","updated":"2026-02-09","code_commune":"95491"},"geometry":{"type":"MultiPolygon","coordinates":[[[[2.2436578,48.9942236],[2.2484434,48.9991332],[2.2505694,49.0008388],[2.2462531,49.0039159],[2.2463104,49.0043167],[2.2459569,49.0052047],[2.2460896,49.0053569],[2.2457625,49.0054899],[2.2449257,49.0064302],[2.2432715,49.007426],[2.2418306,49.0079551],[2.2330486,49.0099301],[2.2342826,49.0093649],[2.2340093,49.0094233],[2.2239283,49.0117942],[2.2200171,49.0080895],[2.2171202,49.0028414],[2.2257733,49.0000333],[2.2287644,48.9988435],[2.2372991,48.9963538],[2.2436578,48.9942236]]]]}},{"type":"Feature","properties":{"id":"95500","nom":"PONTOISE","created":"2005-02-21","updated":"2026-01-29","code_commune":"95500"},"geometry":{"type":"MultiPolygon","coordinates":[[[[2.0907282,49.0241744],[2.0915048,49.0256005],[2.092503,49.0292058],[2.0940307,49.0331484],[2.0935335,49.033303],[2.0940344,49.0331861],[2.0958043,49.0363525],[2.0953662,49.0364812],[2.0955831,49.0369586],[2.0960398,49.036778],[2.0962832,49.037269],[2.0975995,49.038686],[2.0984524,49.0400803],[2.0983095,49.0413692],[2.0986943,49.0431196],[2.1003503,49.04568],[2.0995989,49.0459952],[2.099658,49.0461097],[2.0999256,49.0462532],[2.1007016,49.0461018],[2.1010753,49.0466265],[2.1019872,49.0471653],[2.1026335,49.047983],[2.1032408,49.0483156],[2.1034562,49.0487933],[2.1082999,49.0508492],[2.1094875,49.0515412],[2.116286,49.0568459],[2.1191246,49.0597332],[2.125094,49.0630998],[2.1270491,49.0640068],[2.1247543,49.0655597],[2.121507,49.0639402],[2.1203327,49.0646466],[2.1197887,49.0643243],[2.1190867,49.0635136],[2.1176805,49.0628973],[2.1171259,49.0625272],[2.1172503,49.0624015],[2.1163208,49.0617887],[2.1156335,49.0626017],[2.1146707,49.0622693],[2.1135828,49.0614979],[2.113387,49.0613052],[2.1135312,49.0611828],[2.1129081,49.0605514],[2.1086667,49.0614737],[2.109095,49.0607004],[2.1090794,49.0599377],[2.1081328,49.0598005],[2.1072945,49.0598099],[2.1069535,49.0599722],[2.1067595,49.0598848],[2.1063039,49.0601908],[2.1049578,49.0603955],[2.1047424,49.0608149],[2.1049253,49.0611918],[2.1047563,49.062775],[2.106087,49.0633529],[2.1064036,49.0639132],[2.1062531,49.064445],[2.1053537,49.0653442],[2.1052108,49.0641917],[2.1036607,49.0655525],[2.1033963,49.0663782],[2.1043884,49.0671564],[2.1028168,49.0674937],[2.100539,49.0685113],[2.0996728,49.0690571],[2.0973533,49.0711927],[2.095291,49.072175],[2.0941046,49.0724161],[2.0939602,49.0727106],[2.0936149,49.0726559],[2.0916406,49.0731223],[2.0913396,49.073094],[2.0912063,49.0721395],[2.0924183,49.0714407],[2.0951651,49.0705084],[2.0958774,49.0699797],[2.0938128,49.068454],[2.0911276,49.0660493],[2.0868177,49.0616487],[2.0855273,49.0605325],[2.0845607,49.060042],[2.0828631,49.0581753],[2.0825051,49.0574595],[2.0825457,49.0570781],[2.0819068,49.0565354],[2.0809371,49.0560372],[2.0790097,49.055486],[2.0780549,49.0548919],[2.0767876,49.0550728],[2.0764728,49.0534339],[2.076908,49.0529664],[2.0782753,49.0524343],[2.0784771,49.0520638],[2.0766842,49.0502927],[2.075961,49.0492051],[2.0759257,49.0490616],[2.0761619,49.0490391],[2.0747318,49.0475108],[2.0733242,49.0480881],[2.0721882,49.0471663],[2.0790981,49.0424331],[2.0831034,49.0403096],[2.0875418,49.0384989],[2.0857944,49.0369446],[2.0857815,49.0371035],[2.0826697,49.0347005],[2.0850814,49.0330014],[2.0842119,49.032266],[2.0836996,49.031081],[2.0844156,49.0291654],[2.0848424,49.0287821],[2.0855427,49.0285457],[2.0862743,49.028533],[2.0873884,49.0290211],[2.0893841,49.0286549],[2.0897924,49.0291116],[2.0906042,49.029597],[2.0909111,49.0290067],[2.0911376,49.0276766],[2.0900772,49.0243853],[2.0907282,49.0241744]]]]}},{"type":"Feature","properties":{"id":"95510","nom":"PUISEUX-PONTOISE","created":"2005-01-05","updated":"2026-05-22","code_commune":"95510"},"geometry":{"type":"MultiPolygon","coordinates":[[[[2.0195157,49.0540822],[2.0197452,49.0541215],[2.0196435,49.0546598],[2.0245554,49.0541887],[2.0255496,49.0553553],[2.0289474,49.0569305],[2.0300653,49.0575718],[2.0307136,49.0582395],[2.0319213,49.0583622],[2.0339566,49.0582594],[2.0340653,49.0601579],[2.0346553,49.0628068],[2.0326247,49.0633799],[2.0339169,49.0645678],[2.0346986,49.0658706],[2.0321448,49.0674046],[2.031652,49.0673702],[2.0314027,49.06665],[2.0285791,49.0636437],[2.0282068,49.0638781],[2.0275554,49.0649937],[2.0222247,49.0667016],[2.0252365,49.0683825],[2.0263423,49.0695937],[2.0265645,49.0717787],[2.0271029,49.0724575],[2.0264217,49.0727444],[2.0265269,49.0728695],[2.0251549,49.0729651],[2.0251653,49.0730894],[2.0251797,49.0731906],[2.0255684,49.0731966],[2.025561,49.0734333],[2.0265319,49.0734709],[2.0265288,49.0736286],[2.0269187,49.0736748],[2.0268747,49.0739471],[2.0241531,49.0740382],[2.0222206,49.0744793],[2.0189686,49.0757124],[2.018025,49.0764129],[2.0166586,49.0769105],[2.0162046,49.077418],[2.015224,49.077584],[2.0146983,49.0764455],[2.0138111,49.0754771],[2.0128264,49.0737152],[2.013081,49.0736426],[2.0128044,49.0717151],[2.012855,49.0701625],[2.0130691,49.0697523],[2.0137666,49.069502],[2.0105736,49.0654369],[2.0097324,49.0657235],[2.009378,49.0655109],[2.0087549,49.0657084],[2.0068659,49.065017],[2.0051452,49.0650917],[1.9991456,49.0674659],[1.9924886,49.061219],[2.0137856,49.05533],[2.0175264,49.05487],[2.0174786,49.0545878],[2.0195157,49.0540822]]]]}},{"type":"Feature","properties":{"id":"95527","nom":"ROISSY-EN-FRANCE","created":"2009-07-21","updated":"2026-05-11","code_commune":"95527"},"geometry":{"type":"MultiPolygon","coordinates":[[[[2.501842,48.978666],[2.5037386,48.9795214],[2.5048783,48.978825],[2.5068502,48.9798176],[2.5066453,48.9801558],[2.5088456,48.9806207],[2.5093225,48.9799442],[2.5109033,48.9804471],[2.5107018,48.9807667],[2.5147811,48.9821559],[2.5122922,48.9859174],[2.5170534,48.9860751],[2.5167754,48.9877129],[2.5191805,48.9877977],[2.5188889,48.990915],[2.5202705,48.9908847],[2.5204383,48.9921147],[2.5227961,48.9919063],[2.5232091,48.9940588],[2.5242027,48.9959691],[2.5252296,48.9970122],[2.5277975,49.0004298],[2.5291269,49.000281],[2.5297542,49.0018665],[2.530657,49.001709],[2.5321743,49.005087],[2.53298,49.0054553],[2.5326546,49.0054553],[2.5342597,49.0061783],[2.5354598,49.0064978],[2.5356943,49.0050879],[2.5384423,49.0051438],[2.5384035,49.0061094],[2.5413165,49.006186],[2.5414036,49.0053505],[2.5441038,49.0056081],[2.5442281,49.0045681],[2.547684,49.0049305],[2.5479305,49.0029033],[2.5490806,49.0028655],[2.5488546,49.0065646],[2.5530521,49.0066179],[2.5534882,49.0103711],[2.5533752,49.0119018],[2.5500802,49.0119759],[2.5493653,49.0133895],[2.5490897,49.0149519],[2.5450596,49.0146902],[2.5452087,49.0136772],[2.5447345,49.0136901],[2.544846,49.0119596],[2.5407225,49.0114095],[2.5388,49.0126419],[2.537365,49.0184508],[2.5342807,49.0185167],[2.5344547,49.0198704],[2.5347615,49.0198545],[2.535349,49.0206794],[2.5353968,49.021656],[2.534657,49.0217065],[2.5349329,49.0238459],[2.5313494,49.0242572],[2.5313155,49.0241487],[2.5288716,49.0243428],[2.5292407,49.0268497],[2.5237295,49.0269144],[2.5199291,49.0272351],[2.5098239,49.0286847],[2.5090549,49.0265433],[2.5073311,49.0267994],[2.5070232,49.0252928],[2.5068754,49.0253254],[2.5064906,49.0248916],[2.5027215,49.0256046],[2.5027795,49.0257163],[2.5000149,49.0264026],[2.4928318,49.0149815],[2.4895591,49.0078662],[2.4890541,49.0053591],[2.4892311,49.0052537],[2.4881231,49.0022702],[2.4890223,49.002157],[2.4891147,49.0020052],[2.4887328,49.0011707],[2.4890927,49.0011955],[2.4892305,49.0002389],[2.4882642,49.0002951],[2.487946,48.9989523],[2.4857511,48.9993462],[2.4840112,48.9967471],[2.4860772,48.9961432],[2.4887919,48.9957394],[2.4877492,48.990417],[2.4883829,48.9906454],[2.4913113,48.9900443],[2.4929616,48.9899534],[2.4951527,48.9887618],[2.4958594,48.988554],[2.4985127,48.9879671],[2.4997461,48.9875076],[2.5039751,48.9868633],[2.5024457,48.9844193],[2.5015672,48.9823176],[2.5004481,48.9806567],[2.5005854,48.9805728],[2.4998878,48.9797984],[2.5007342,48.9794632],[2.501842,48.978666]]]]}},{"type":"Feature","properties":{"id":"95539","nom":"ST BRICE SOUS FORET","created":"2014-11-06","updated":"2025-10-27","code_commune":"95539"},"geometry":{"type":"MultiPolygon","coordinates":[[[[2.3609503,48.9866809],[2.361861,48.9868336],[2.3639864,48.9875914],[2.366659,48.9901908],[2.3651838,48.9908639],[2.3664685,48.991854],[2.3652084,48.9931344],[2.3689273,48.9945129],[2.3699002,48.9949474],[2.3699394,48.99517],[2.3695125,48.9962762],[2.3683584,48.9976234],[2.3684831,48.9994548],[2.3670914,49.0014016],[2.3670775,49.0032984],[2.3663625,49.0050061],[2.3657869,49.0059772],[2.3650509,49.0067063],[2.3637575,49.0093295],[2.3623693,49.010302],[2.361665,49.0113737],[2.3616926,49.0122671],[2.362568,49.0147529],[2.3620995,49.0161794],[2.3622496,49.0172146],[2.3628523,49.0190977],[2.3632745,49.0197732],[2.3638524,49.0201771],[2.3610025,49.0187938],[2.3579428,49.0164516],[2.3552989,49.015199],[2.3534479,49.0140987],[2.3516599,49.0135875],[2.3517556,49.0133418],[2.349729,49.0128033],[2.3492565,49.0121018],[2.3473039,49.0105618],[2.3462589,49.0085506],[2.3453103,49.0057235],[2.343002,49.0061351],[2.340922,49.0067407],[2.3400968,49.0068418],[2.3399647,49.0067102],[2.3384461,49.0069628],[2.3346124,49.0080466],[2.3338026,49.008474],[2.3323244,49.0083168],[2.3312981,49.0087211],[2.3294703,49.009117],[2.328804,49.0090061],[2.3277016,49.0095851],[2.3269812,49.0097622],[2.3247923,49.0097959],[2.3219831,49.0101743],[2.3212773,49.0090008],[2.3205683,49.0064199],[2.3205471,49.0055857],[2.3256912,49.0035244],[2.3276084,49.0029158],[2.3284804,49.0023979],[2.3300486,49.0018092],[2.3313619,49.0016393],[2.3309568,49.0006409],[2.3301481,49.0003291],[2.3298782,48.999867],[2.3329174,48.9994255],[2.3326311,48.9982506],[2.3322574,48.9983288],[2.331448,48.9956496],[2.3323741,48.995517],[2.3334921,48.9950901],[2.3349219,48.9942892],[2.3362441,48.9932581],[2.3373443,48.9927537],[2.3369807,48.9932688],[2.3391849,48.9932941],[2.3394045,48.9937779],[2.3411742,48.9938411],[2.3416175,48.9937672],[2.3416071,48.9936285],[2.3494027,48.9933153],[2.3504573,48.9931569],[2.3502504,48.9907958],[2.3535191,48.991166],[2.3568801,48.9913489],[2.3567629,48.9899541],[2.3569262,48.9893831],[2.3572074,48.9896056],[2.3594686,48.9904311],[2.3609503,48.9866809]]]]}},{"type":"Feature","properties":{"id":"95555","nom":"ST GRATIEN","created":"2006-04-13","updated":"2025-11-13","code_commune":"95555"},"geometry":{"type":"MultiPolygon","coordinates":[[[[2.2883359,48.9584799],[2.2903026,48.9617744],[2.2988428,48.966313],[2.2964517,48.9674449],[2.2930714,48.9687683],[2.2929322,48.9690271],[2.293644,48.9693857],[2.2949826,48.9695639],[2.2934914,48.9704637],[2.2929783,48.9712512],[2.2933415,48.9716307],[2.2954505,48.9724444],[2.2957105,48.973017],[2.29566,48.9743416],[2.2959558,48.9745867],[2.2976967,48.9750861],[2.2971757,48.97589],[2.2956323,48.9761005],[2.2942344,48.9766965],[2.2932837,48.9763684],[2.2916575,48.9762596],[2.2916331,48.9768239],[2.2899128,48.9773427],[2.2895309,48.9769999],[2.2826805,48.9775249],[2.2826543,48.977196],[2.2797816,48.9765059],[2.2778507,48.9762181],[2.2766804,48.9758333],[2.2756996,48.9759377],[2.2738774,48.9767706],[2.2736775,48.9765849],[2.2734034,48.976673],[2.2716404,48.9748497],[2.2721821,48.9744783],[2.2711052,48.9730572],[2.2735355,48.9725471],[2.2734811,48.9724593],[2.2740307,48.9723191],[2.2729903,48.9703176],[2.2739394,48.970123],[2.2738105,48.9698635],[2.2753281,48.9692385],[2.2750643,48.968813],[2.2760323,48.9685474],[2.2749195,48.9669716],[2.2741171,48.9671008],[2.2735928,48.9654351],[2.2753227,48.9652388],[2.2752534,48.9649171],[2.2745662,48.9649902],[2.2742346,48.9639652],[2.2746852,48.9640933],[2.2762765,48.964035],[2.2760998,48.9634848],[2.2765091,48.9634865],[2.2765304,48.9620246],[2.2791851,48.9618662],[2.2792814,48.9612215],[2.279711,48.9612434],[2.279936,48.9602216],[2.2797875,48.9596192],[2.2827653,48.9600832],[2.2830411,48.9594109],[2.2873112,48.959782],[2.2873172,48.9599399],[2.2883174,48.95988],[2.2883359,48.9584799]]]]}},{"type":"Feature","properties":{"id":"95563","nom":"ST LEU LA FORET","created":"2011-03-30","updated":"2025-10-27","code_commune":"95563"},"geometry":{"type":"MultiPolygon","coordinates":[[[[2.2506318,49.0007985],[2.2522269,49.0018601],[2.2532501,49.0058496],[2.2556348,49.0088337],[2.2557475,49.0108047],[2.2552296,49.0128197],[2.2559733,49.0153679],[2.2571921,49.0162441],[2.2569832,49.0163112],[2.2621403,49.0197186],[2.2618303,49.0205989],[2.2612688,49.0211828],[2.2574629,49.0237344],[2.2576375,49.0240895],[2.2557259,49.0249385],[2.2562148,49.0289401],[2.258265,49.0400083],[2.2528208,49.041416],[2.2529426,49.0408086],[2.2517588,49.0399575],[2.2514325,49.0393776],[2.2518917,49.0378377],[2.2529242,49.0363034],[2.2528299,49.0358449],[2.2444947,49.038272],[2.2424595,49.0292216],[2.2426312,49.0284556],[2.2419639,49.0267589],[2.2405762,49.0250706],[2.2400004,49.0234731],[2.2375108,49.0214623],[2.2373632,49.0215189],[2.2364441,49.0204684],[2.2352179,49.0184148],[2.2348895,49.0184565],[2.2342793,49.0177453],[2.2340817,49.0178051],[2.2312073,49.0150087],[2.2275843,49.0129638],[2.2265609,49.0136344],[2.2265525,49.0142982],[2.2240309,49.0118939],[2.2328004,49.0098459],[2.2328441,49.0099779],[2.2332018,49.0098995],[2.2333544,49.0100977],[2.2429197,49.0077899],[2.2456287,49.0063731],[2.2454652,49.0058841],[2.2460948,49.0053575],[2.2464402,49.0037854],[2.2506318,49.0007985]]]]}},{"type":"Feature","properties":{"id":"95572","nom":"ST OUEN L AUMONE","created":"2006-09-19","updated":"2025-10-27","code_commune":"95572"},"geometry":{"type":"MultiPolygon","coordinates":[[[[2.128651,49.0228311],[2.1329303,49.025555],[2.1353234,49.0267911],[2.1491332,49.0325057],[2.1517865,49.0338673],[2.1630585,49.040657],[2.1595078,49.0419615],[2.1593008,49.0418045],[2.1594402,49.0419878],[2.1529565,49.0444479],[2.1520984,49.0459687],[2.1516946,49.0458179],[2.1510766,49.0469201],[2.1507851,49.0468643],[2.1498297,49.0486843],[2.1495083,49.0486822],[2.1493733,49.0499894],[2.1515518,49.0501376],[2.1515483,49.0516265],[2.1533682,49.051897],[2.1531054,49.0559292],[2.1515388,49.0607307],[2.1504557,49.0616144],[2.1485965,49.0611673],[2.148372,49.0616593],[2.147871,49.0615599],[2.1475515,49.0620629],[2.1461054,49.0619349],[2.1448689,49.0621999],[2.1455833,49.062869],[2.1470159,49.0637695],[2.1490355,49.0647663],[2.1493342,49.0656589],[2.1484956,49.0658965],[2.141963,49.0660852],[2.1406973,49.0665464],[2.1393627,49.066462],[2.1357874,49.0672245],[2.1341326,49.0672037],[2.1314495,49.0665453],[2.1286566,49.0647028],[2.1257155,49.0633849],[2.1191723,49.0597132],[2.1152715,49.0558781],[2.1081861,49.0507195],[2.1034878,49.0487846],[2.1032856,49.0483461],[2.102634,49.0479868],[2.1019854,49.0471627],[2.1010619,49.04665],[2.0985632,49.0429652],[2.0983234,49.0421527],[2.0982168,49.0395939],[2.097452,49.0384783],[2.0964098,49.037469],[2.0955244,49.0360074],[2.0974986,49.0355675],[2.1039214,49.0333148],[2.1043889,49.0316854],[2.1070776,49.0305033],[2.10738,49.0288333],[2.1091397,49.0281321],[2.1137946,49.0254627],[2.116064,49.0231601],[2.1160829,49.0246032],[2.1223936,49.0293491],[2.1256353,49.0256718],[2.128651,49.0228311]]]]}},{"type":"Feature","properties":{"id":"95574","nom":"SAINT-PRIX","created":"2007-12-26","updated":"2026-04-17","code_commune":"95574"},"geometry":{"type":"MultiPolygon","coordinates":[[[[2.2633635,48.998113],[2.2643376,49.0008216],[2.2655865,49.0010005],[2.2666724,49.0008576],[2.272446,49.0067335],[2.2731437,49.0064429],[2.2742045,49.0076216],[2.2747767,49.0074249],[2.2750621,49.00778],[2.275419,49.0076526],[2.2755864,49.0079368],[2.2763227,49.0076595],[2.2773003,49.0087287],[2.2778838,49.008577],[2.2785258,49.0093568],[2.2792879,49.0109107],[2.279663,49.0108202],[2.2797464,49.0109227],[2.2807206,49.0106278],[2.2815747,49.0120433],[2.2816139,49.0138088],[2.2815635,49.0144537],[2.2810953,49.0155192],[2.2810673,49.0168178],[2.2807637,49.0172318],[2.2848767,49.0200726],[2.2861465,49.0204107],[2.28583,49.0206149],[2.2857612,49.0208998],[2.2859713,49.0226892],[2.287322,49.0225252],[2.287365,49.0216519],[2.2881222,49.0220431],[2.289181,49.0214943],[2.2916414,49.0241739],[2.2929166,49.0286006],[2.2931628,49.0286066],[2.2948928,49.0268315],[2.296876,49.0278571],[2.2973764,49.028548],[2.2931039,49.0306131],[2.2853885,49.033106],[2.2835038,49.0331332],[2.2830271,49.0337439],[2.2679331,49.0384551],[2.2639288,49.0385651],[2.2582793,49.0400195],[2.256219,49.0289388],[2.2557231,49.0249752],[2.2576719,49.0241151],[2.2574644,49.0237276],[2.2612199,49.0212185],[2.2618136,49.0206089],[2.2621186,49.0196507],[2.2569419,49.0162815],[2.2571735,49.0162514],[2.2559792,49.015395],[2.2552375,49.0128615],[2.2557451,49.0107956],[2.2556348,49.0088337],[2.2532464,49.0058456],[2.2522291,49.0018416],[2.2532224,49.001636],[2.2545323,49.0010426],[2.2561625,49.0002401],[2.2564528,48.9998759],[2.2586815,48.9995095],[2.2633635,48.998113]]]]}},{"type":"Feature","properties":{"id":"95582","nom":"SANNOIS","created":"2006-06-07","updated":"2026-03-04","code_commune":"95582"},"geometry":{"type":"MultiPolygon","coordinates":[[[[2.2644701,48.9620235],[2.265055,48.9629875],[2.265531,48.962911],[2.2657259,48.9631345],[2.2677947,48.9631771],[2.2678222,48.9636601],[2.2683466,48.9638338],[2.2713258,48.9641502],[2.2713343,48.9642986],[2.2730834,48.9642394],[2.2730755,48.9636489],[2.2742423,48.9639707],[2.2745848,48.9650048],[2.2752515,48.9649187],[2.2753313,48.9652457],[2.2735998,48.9654315],[2.2741382,48.9671238],[2.274927,48.966978],[2.2760471,48.968545],[2.2750386,48.9688223],[2.2753311,48.9692397],[2.2738107,48.9698609],[2.2739467,48.9701234],[2.2730051,48.9703163],[2.2740385,48.9723151],[2.2734753,48.9724611],[2.2735485,48.9725517],[2.2710981,48.9730572],[2.2722021,48.9745196],[2.2716317,48.9748358],[2.2734117,48.9766686],[2.2720007,48.97702],[2.2705597,48.9769251],[2.2702852,48.9771755],[2.2676572,48.9767392],[2.267638,48.9765046],[2.2667191,48.9762748],[2.2653376,48.9764286],[2.2633362,48.9766616],[2.2616275,48.977181],[2.2579201,48.9787484],[2.2562269,48.9788831],[2.2561975,48.9783463],[2.2545211,48.9784688],[2.2468079,48.9798651],[2.2466953,48.979652],[2.2454684,48.979976],[2.2463046,48.9811517],[2.2433443,48.9816488],[2.2428194,48.9823336],[2.2432655,48.9836082],[2.2394361,48.9837393],[2.2371437,48.9841432],[2.2361819,48.9841203],[2.2355344,48.9822205],[2.2355453,48.9808671],[2.2352651,48.9801089],[2.2357476,48.9799379],[2.2361904,48.9793227],[2.2372423,48.9789967],[2.2368615,48.9781999],[2.2366021,48.9766749],[2.2364488,48.9737633],[2.2322885,48.9733197],[2.2292991,48.9722905],[2.2287588,48.9728699],[2.2274189,48.9720914],[2.2262313,48.9717225],[2.2257498,48.9710204],[2.2303787,48.9701315],[2.230188,48.9695762],[2.2311502,48.9688207],[2.2317494,48.9674997],[2.2330219,48.9678668],[2.2355967,48.9683191],[2.236423,48.9682511],[2.2386896,48.9674905],[2.2427882,48.9665729],[2.2435112,48.9672318],[2.2445333,48.9669564],[2.2444657,48.9668659],[2.2459094,48.9666727],[2.2476779,48.9660104],[2.2481,48.9665503],[2.2476812,48.9660089],[2.2494053,48.9653319],[2.248158,48.9641581],[2.24909,48.9638779],[2.2499884,48.9636452],[2.2535917,48.963481],[2.253692,48.9636604],[2.2544116,48.9634661],[2.2545973,48.9637296],[2.2568522,48.9634195],[2.2569668,48.9636608],[2.2589003,48.9634759],[2.2644701,48.9620235]]]]}},{"type":"Feature","properties":{"id":"95585","nom":"SARCELLES","created":"2015-06-08","updated":"2025-10-29","code_commune":"95585"},"geometry":{"type":"MultiPolygon","coordinates":[[[[2.3821327,48.9711281],[2.3966354,48.9811575],[2.3974186,48.9820479],[2.3981184,48.9824953],[2.3984913,48.9824634],[2.3988484,48.9826777],[2.3992645,48.9826519],[2.3999646,48.982861],[2.4013254,48.9827749],[2.4017958,48.9847159],[2.401087,48.9847558],[2.400972,48.9849621],[2.4013244,48.9850675],[2.403336,48.9880288],[2.403531,48.9879554],[2.4045996,48.9890109],[2.4048118,48.9889114],[2.4057351,48.9898082],[2.4063267,48.9895261],[2.4081868,48.9918862],[2.4029694,48.9941801],[2.4023574,48.9936983],[2.3967341,48.9957179],[2.3970437,48.9960529],[2.3936103,48.9973045],[2.3940775,48.9979773],[2.3882153,48.9994823],[2.3882356,48.9996186],[2.3863501,49.0003962],[2.386472,49.0005013],[2.3817253,49.0023955],[2.382591,49.0036649],[2.3806004,49.0043694],[2.3808618,49.0046526],[2.3804465,49.0047295],[2.3812136,49.0054554],[2.3806299,49.0057696],[2.3807652,49.0058798],[2.3788598,49.0068765],[2.3790759,49.0088273],[2.3798066,49.0099427],[2.3792548,49.0101342],[2.379422,49.0107073],[2.379358,49.0121952],[2.3798383,49.0137736],[2.3783774,49.0133898],[2.3769877,49.0126703],[2.3734236,49.0125875],[2.3725812,49.0121856],[2.3713867,49.0122303],[2.3700244,49.0118996],[2.3691616,49.0122159],[2.3680246,49.0122083],[2.3677743,49.0125495],[2.3659679,49.0115956],[2.3651427,49.0113904],[2.363397,49.0095929],[2.3638488,49.009332],[2.3651267,49.0066658],[2.3658138,49.0060181],[2.3663086,49.0052195],[2.3670784,49.0033914],[2.367096,49.0014176],[2.368343,48.9999036],[2.3685102,48.999381],[2.3682822,48.9978356],[2.3694738,48.9963427],[2.3699327,48.9952391],[2.3698887,48.9949415],[2.3652268,48.993135],[2.3664865,48.9918735],[2.3652288,48.990871],[2.3667023,48.990205],[2.3661437,48.9896659],[2.3667598,48.9894419],[2.3660485,48.9887453],[2.3681021,48.9878538],[2.367509,48.9862328],[2.3678325,48.9843479],[2.3655716,48.9805005],[2.3640955,48.9788702],[2.3660078,48.9740056],[2.3688499,48.9730472],[2.3726899,48.9723517],[2.3756251,48.9721082],[2.3757366,48.9719267],[2.3821327,48.9711281]]]]}},{"type":"Feature","properties":{"id":"95598","nom":"SOISY SS MONTMORENCY","created":"2006-03-15","updated":"2025-12-16","code_commune":"95598"},"geometry":{"type":"MultiPolygon","coordinates":[[[[2.2977483,48.9750167],[2.301392,48.9753974],[2.3010139,48.9762491],[2.3014729,48.9764034],[2.3010708,48.9766165],[2.301034,48.9769999],[2.3041582,48.9794653],[2.3070398,48.9773346],[2.3067979,48.9791631],[2.307166,48.9789255],[2.3087746,48.9800482],[2.3123554,48.9833852],[2.3083848,48.9848624],[2.3072012,48.9859255],[2.30968,48.9867932],[2.3116706,48.9881241],[2.312065,48.9891415],[2.3135094,48.9897385],[2.3138546,48.9897516],[2.313185,48.9905868],[2.3120543,48.9913662],[2.3122226,48.992173],[2.3109286,48.9926751],[2.313464,48.994661],[2.3129036,48.9955439],[2.3129277,48.9957507],[2.3132635,48.9957765],[2.3132688,48.9963832],[2.3138489,48.9967361],[2.3145251,48.996706],[2.3155594,48.9974771],[2.315276,48.9976707],[2.3155748,48.9978568],[2.3153031,48.9982674],[2.3161578,48.9986756],[2.3162555,48.9985946],[2.3166219,48.9990642],[2.3156591,49.0000124],[2.3154714,49.0008777],[2.3140254,49.0012855],[2.31319,49.0018394],[2.3109333,49.00211],[2.3087568,49.0017234],[2.3075665,49.0022072],[2.3066334,49.0022904],[2.3059669,49.0025165],[2.3051076,49.0011819],[2.3050323,48.9993944],[2.3036574,48.9973863],[2.2955566,48.9955792],[2.294453,48.9956268],[2.2927784,48.995946],[2.2908533,48.9928902],[2.2898409,48.9915166],[2.2896707,48.9915816],[2.2893458,48.9911865],[2.2886289,48.9899443],[2.286851,48.9880538],[2.2865887,48.9881874],[2.2853636,48.987227],[2.2858141,48.9869843],[2.2839715,48.9856523],[2.285594,48.9840353],[2.2865906,48.9825676],[2.2889099,48.9809789],[2.2894651,48.9803732],[2.2917048,48.9789695],[2.2913463,48.9780101],[2.2916235,48.9773223],[2.2916647,48.9762512],[2.2932823,48.976359],[2.2942598,48.976688],[2.2956276,48.9760977],[2.2971884,48.9758824],[2.2977483,48.9750167]]]]}},{"type":"Feature","properties":{"id":"95607","nom":"TAVERNY","created":"2004-08-26","updated":"2022-01-07","code_commune":"95607"},"geometry":{"type":"MultiPolygon","coordinates":[[[[2.2171114,49.0028145],[2.2200113,49.0080853],[2.2265139,49.0142812],[2.2265792,49.0136634],[2.2275792,49.0129629],[2.2311603,49.0149861],[2.2340759,49.0177968],[2.2342791,49.0177433],[2.2348871,49.0184551],[2.2352261,49.0184235],[2.2371442,49.0212938],[2.2400054,49.023477],[2.2405828,49.0250763],[2.2419501,49.026751],[2.2426286,49.0284597],[2.2424499,49.0291661],[2.2445081,49.0382698],[2.2528194,49.035844],[2.2529142,49.0360798],[2.2524213,49.0372084],[2.2518322,49.0379321],[2.2514241,49.0394218],[2.2517945,49.0399988],[2.2529632,49.040831],[2.2528472,49.0414001],[2.242869,49.0439922],[2.2429335,49.0443565],[2.2418584,49.0443527],[2.241594,49.0445359],[2.2408814,49.0446472],[2.2393586,49.0455195],[2.2388372,49.0465598],[2.23659,49.0484931],[2.2344363,49.0494553],[2.233692,49.050972],[2.2312279,49.0518802],[2.2310243,49.0519013],[2.22348,49.0453561],[2.2273042,49.0441749],[2.227933,49.0441054],[2.227812,49.0439318],[2.2304695,49.042901],[2.2312328,49.0428945],[2.2301706,49.0427062],[2.2292825,49.04229],[2.227753,49.0394489],[2.2269049,49.0388319],[2.2262913,49.0380626],[2.2260508,49.0366708],[2.2247889,49.0341135],[2.222349,49.0336239],[2.2212046,49.0332148],[2.2212975,49.0331243],[2.2187919,49.0319522],[2.2186532,49.0320022],[2.2173849,49.0312676],[2.2144851,49.0310448],[2.2109934,49.0308891],[2.1982908,49.0322761],[2.1968923,49.0316048],[2.1944718,49.0314076],[2.1918251,49.0307449],[2.1907704,49.030056],[2.1852299,49.0274252],[2.1829569,49.0254029],[2.1846648,49.0243566],[2.1895473,49.0218459],[2.1929719,49.0215892],[2.1974223,49.0209775],[2.203788,49.0197644],[2.205744,49.0195621],[2.2035259,49.0155652],[2.2031523,49.0137565],[2.2055075,49.0129786],[2.2014932,49.0080173],[2.2101131,49.0050385],[2.2171114,49.0028145]]]]}},{"type":"Feature","properties":{"id":"95612","nom":"THILLAY (LE)","created":"2009-04-14","updated":"2025-10-27","code_commune":"95612"},"geometry":{"type":"MultiPolygon","coordinates":[[[[2.4765907,48.993589],[2.4788037,48.9940343],[2.4835465,48.9992947],[2.4835267,49.0000922],[2.4838299,49.0011712],[2.4864184,49.0012579],[2.4866853,49.0018417],[2.4872708,49.0017231],[2.4876003,49.0020114],[2.4880125,49.0020102],[2.4912415,49.0102787],[2.4842086,49.0111386],[2.4787781,49.0115168],[2.4785364,49.0106347],[2.477475,49.010774],[2.4772449,49.0099008],[2.4730993,49.010516],[2.4725167,49.010397],[2.4726629,49.0099466],[2.4696523,49.008297],[2.469346,49.0088971],[2.4696868,49.0093132],[2.4675366,49.0097256],[2.4675066,49.009413],[2.4666618,49.0095167],[2.4662971,49.008823],[2.4656892,49.0091262],[2.4611937,49.0104044],[2.4609895,49.0096939],[2.4584064,49.0095241],[2.4563493,49.0097473],[2.449555,49.0109032],[2.4445974,49.0124406],[2.4442924,49.0122254],[2.4434799,49.0114362],[2.4434442,49.0111104],[2.4467863,49.0101842],[2.44402,49.0055286],[2.4564811,49.0020981],[2.4602842,49.0017162],[2.4632063,49.0016087],[2.4652148,49.0012819],[2.4643441,48.9991423],[2.4634912,48.9980535],[2.4629298,48.9975466],[2.461897,48.9978307],[2.4613205,48.9972299],[2.4623135,48.9968105],[2.4637156,48.9976251],[2.4662262,48.9942253],[2.4670831,48.9944542],[2.4673619,48.9961645],[2.4694449,48.9955612],[2.4717749,48.9945595],[2.4735252,48.994185],[2.4743097,48.9938279],[2.4765907,48.993589]]]]}},{"type":"Feature","properties":{"id":"95628","nom":"VALMONDOIS","created":"2016-04-27","updated":"2025-10-27","code_commune":"95628"},"geometry":{"type":"MultiPolygon","coordinates":[[[[2.1834341,49.0857471],[2.1846092,49.0865618],[2.1851449,49.0862346],[2.1908794,49.0899521],[2.1924299,49.0892304],[2.1950292,49.0883064],[2.1959103,49.0897883],[2.1961213,49.0906437],[2.1959256,49.0910989],[2.1944352,49.09275],[2.1946543,49.0926026],[2.1948771,49.0928631],[2.195992,49.0917694],[2.1964905,49.0926894],[2.1982986,49.092017],[2.2002937,49.0919114],[2.2013641,49.0923275],[2.208364,49.091069],[2.2089737,49.0925004],[2.2091922,49.0936308],[2.2086243,49.0936682],[2.2080422,49.0934387],[2.2079787,49.093778],[2.2075269,49.0939528],[2.2069643,49.093719],[2.2066366,49.09381],[2.2058611,49.0934168],[2.2058282,49.0936467],[2.2052826,49.0937398],[2.2052542,49.0934672],[2.2048163,49.0935066],[2.2043774,49.0933155],[2.2041528,49.0933969],[2.2041945,49.0936772],[2.2036864,49.0936368],[2.203554,49.0938928],[2.2031539,49.0937857],[2.2033062,49.0943824],[2.2003884,49.0947917],[2.2006245,49.0951685],[2.2004361,49.0952403],[2.2000561,49.0947311],[2.1994868,49.094699],[2.1989095,49.0941137],[2.1994149,49.0947561],[2.1985457,49.0945073],[2.1979195,49.0952848],[2.1953365,49.0972228],[2.1910435,49.1001826],[2.188579,49.1014528],[2.1889775,49.1039495],[2.1888326,49.1044832],[2.1864856,49.1028841],[2.1855955,49.1029685],[2.1866803,49.104712],[2.1862582,49.1057025],[2.1862629,49.1062929],[2.1855816,49.106942],[2.1836912,49.106968],[2.1832853,49.1073061],[2.181326,49.1081506],[2.1799261,49.109745],[2.178985,49.1094524],[2.178837,49.1095991],[2.1784605,49.1095795],[2.1783656,49.1097517],[2.1767666,49.1091527],[2.1766241,49.1093135],[2.1762049,49.1092445],[2.175273,49.1088909],[2.1747084,49.109679],[2.1744531,49.1096376],[2.174295,49.1098698],[2.1728176,49.1095506],[2.1723006,49.1096108],[2.1726585,49.1087371],[2.1731961,49.1088202],[2.1736506,49.107327],[2.1740554,49.1067171],[2.1736196,49.1073047],[2.1731935,49.1087901],[2.1726593,49.1087161],[2.1725036,49.1090094],[2.166025,49.1084647],[2.1660322,49.1075461],[2.1612763,49.1076977],[2.1591171,49.1069208],[2.1593826,49.1050161],[2.1598559,49.1036255],[2.1615302,49.1030326],[2.1651449,49.0993391],[2.165664,49.0994835],[2.1652476,49.0993674],[2.1665778,49.098403],[2.169036,49.0960571],[2.1715576,49.0929148],[2.1725069,49.0911948],[2.1717273,49.0908439],[2.1734671,49.0881628],[2.1742837,49.0884504],[2.1748755,49.0875398],[2.1763569,49.0880372],[2.177371,49.086705],[2.1799724,49.087651],[2.180611,49.0871755],[2.1834341,49.0857471]]]]}},{"type":"Feature","properties":{"id":"95633","nom":"VAUDHERLAND","created":"2009-07-21","updated":"2025-10-27","code_commune":"95633"},"geometry":{"type":"MultiPolygon","coordinates":[[[[2.4879884,48.9989223],[2.488295,49.0002391],[2.4892608,49.0002006],[2.4891159,49.0011463],[2.488703,49.0011029],[2.4889798,49.0020923],[2.4880937,49.002182],[2.4880257,49.0019862],[2.4876065,49.0020045],[2.4872608,49.0017465],[2.4866532,49.0018566],[2.4864126,49.0012291],[2.4837681,49.0011504],[2.4835539,48.9992854],[2.4843925,48.9997313],[2.4868509,48.99905],[2.4879884,48.9989223]]]]}},{"type":"Feature","properties":{"id":"95637","nom":"VAUREAL","created":"2004-10-12","updated":"2026-01-28","code_commune":"95637"},"geometry":{"type":"MultiPolygon","coordinates":[[[[2.0287986,49.0189708],[2.0292395,49.0196709],[2.0324215,49.0202932],[2.0319023,49.0212861],[2.0316355,49.0213941],[2.0317218,49.0216163],[2.0329472,49.0216589],[2.0346833,49.0220277],[2.0351507,49.0224436],[2.0347911,49.0231039],[2.0352347,49.0235755],[2.036206,49.0237917],[2.0371978,49.0238188],[2.0370424,49.0243961],[2.0408086,49.0257159],[2.039956,49.0267384],[2.0367716,49.0297606],[2.036352,49.0303754],[2.0362521,49.0311158],[2.0367221,49.0323614],[2.0397688,49.0355876],[2.0370085,49.0374186],[2.0367443,49.0374084],[2.0357424,49.0383088],[2.0348826,49.0386914],[2.0341508,49.0377987],[2.0335158,49.0373712],[2.0325631,49.0370552],[2.0307232,49.0368036],[2.0300266,49.0370439],[2.0282207,49.037155],[2.0271881,49.0373849],[2.0260171,49.0389409],[2.0255661,49.0388549],[2.0256432,49.0384057],[2.0218348,49.038123],[2.0216539,49.038732],[2.0196918,49.038587],[2.0161027,49.0396098],[2.0150431,49.0393489],[2.0108375,49.0373497],[2.0119632,49.0307137],[2.0127995,49.0271967],[2.0101133,49.0268177],[2.0107416,49.0206975],[2.0215027,49.0211161],[2.0287986,49.0189708]]]]}},{"type":"Feature","properties":{"id":"95678","nom":"VILLIERS-ADAM","created":"2016-04-27","updated":"2025-11-25","code_commune":"95678"},"geometry":{"type":"MultiPolygon","coordinates":[[[[2.2346888,49.0492637],[2.2355232,49.0499444],[2.2345314,49.0512385],[2.23616,49.0522024],[2.2366534,49.0517053],[2.2381314,49.0523696],[2.2384025,49.0520861],[2.240348,49.0532334],[2.2395084,49.0550335],[2.2392106,49.0550278],[2.2387902,49.0561016],[2.242617,49.0565396],[2.2425667,49.0570801],[2.2437299,49.0571049],[2.2437981,49.057532],[2.2462345,49.0587625],[2.2475661,49.0608844],[2.2447054,49.0619296],[2.2439945,49.0623279],[2.2475612,49.0609235],[2.2476812,49.061971],[2.2481737,49.0619317],[2.2484695,49.0628774],[2.2518882,49.0662602],[2.2520022,49.0669056],[2.2518123,49.0678845],[2.2514496,49.0684247],[2.2512403,49.0683764],[2.2512363,49.0702414],[2.2518273,49.0703025],[2.2517933,49.0706118],[2.2533765,49.0706758],[2.2553847,49.0711435],[2.255505,49.0718072],[2.2569316,49.0724032],[2.255687,49.0732331],[2.2554324,49.0736855],[2.2560235,49.0749831],[2.2564228,49.0752366],[2.2566867,49.0753047],[2.2631748,49.0730146],[2.2647816,49.0703558],[2.2652885,49.0688008],[2.2651346,49.0675311],[2.2654556,49.0670384],[2.2679945,49.0665245],[2.2695258,49.0679796],[2.2720167,49.0691793],[2.2698733,49.0708345],[2.2694761,49.0732252],[2.2697673,49.0740371],[2.2696507,49.0745153],[2.2700297,49.0752616],[2.2714799,49.0756333],[2.2735703,49.0767722],[2.2575727,49.0838003],[2.2572827,49.0837556],[2.2579274,49.0912051],[2.2505625,49.090762],[2.2513076,49.0849059],[2.2488767,49.0858596],[2.2440332,49.0863824],[2.2411785,49.0871546],[2.2371727,49.087494],[2.2360057,49.0874634],[2.2358986,49.0875754],[2.2333,49.076183],[2.2300781,49.0773036],[2.2293722,49.0773972],[2.2269385,49.0767754],[2.2251124,49.0760278],[2.2246091,49.0755013],[2.2239338,49.0754343],[2.2207279,49.0706852],[2.2215983,49.0697285],[2.2204521,49.0703271],[2.2184535,49.0671844],[2.2188819,49.0675095],[2.2164739,49.0656638],[2.2158571,49.0655584],[2.2145734,49.0657012],[2.214371,49.0653518],[2.2134499,49.0653192],[2.2099182,49.0656616],[2.2099103,49.0657707],[2.2060442,49.0655338],[2.2027365,49.0647349],[2.2032335,49.0632766],[2.2043299,49.0623058],[2.2044696,49.0614125],[2.203571,49.0608988],[2.2046876,49.0606344],[2.2061081,49.0607072],[2.2064544,49.0605648],[2.2069084,49.0593044],[2.2076855,49.0588595],[2.2100603,49.0580379],[2.2104659,49.0583319],[2.2119485,49.0587834],[2.2129834,49.0594392],[2.2127165,49.0592823],[2.2130138,49.0586441],[2.2163649,49.0557836],[2.2169553,49.054835],[2.2183348,49.0543465],[2.2187131,49.0537896],[2.2214994,49.0539202],[2.2259869,49.0528217],[2.2277167,49.0528227],[2.2296935,49.052491],[2.2310686,49.0519015],[2.2310736,49.0521228],[2.2310873,49.0518906],[2.233695,49.0509705],[2.2344346,49.0494368],[2.2346888,49.0492637]]]]}},{"type":"Feature","properties":{"id":"95680","nom":"VILLIERS LE BEL","created":"2015-04-13","updated":"2025-11-06","code_commune":"95680"},"geometry":{"type":"MultiPolygon","coordinates":[[[[2.4081798,48.9918867],[2.409313,48.9936588],[2.4098626,48.993537],[2.4100549,48.9938336],[2.4118669,48.9935823],[2.4119533,48.9938135],[2.4138186,48.9937651],[2.4140294,48.9951514],[2.4155765,48.9952226],[2.4144825,48.9980592],[2.4164225,48.9981686],[2.4165991,48.9997682],[2.4190964,48.9994205],[2.4193051,49.0015806],[2.4188328,49.0017116],[2.4189414,49.003012],[2.4204713,49.0029195],[2.420398,49.0053457],[2.4239723,49.009298],[2.4282634,49.0121201],[2.4241305,49.0130005],[2.4249139,49.0140858],[2.4231846,49.0145003],[2.4235341,49.015025],[2.4212844,49.0158763],[2.4230465,49.0188661],[2.4182613,49.0196843],[2.4179701,49.0201726],[2.4160229,49.0207798],[2.4159617,49.0210582],[2.4130834,49.022339],[2.4132343,49.0225742],[2.4121731,49.0228396],[2.4122557,49.0231031],[2.410413,49.0239337],[2.4106057,49.0241354],[2.4097583,49.0242049],[2.4072574,49.0229329],[2.4052542,49.0216264],[2.4016837,49.0198738],[2.3973145,49.0171279],[2.39637,49.0162936],[2.3944119,49.0165564],[2.3933771,49.0154464],[2.3931457,49.0141453],[2.3872833,49.0140136],[2.3852531,49.0141733],[2.3849594,49.0133906],[2.3827934,49.0137092],[2.3828005,49.0140892],[2.3820004,49.0143496],[2.3811729,49.0142801],[2.3798392,49.0137662],[2.3793503,49.0121975],[2.379426,49.0106996],[2.3792501,49.0101321],[2.3798052,49.0099721],[2.3790807,49.0088289],[2.3788503,49.0068689],[2.3807783,49.0058811],[2.3806363,49.0057844],[2.3812352,49.0054686],[2.3804745,49.0047443],[2.3808881,49.0046699],[2.3806356,49.0043899],[2.3825888,49.0036752],[2.3817266,49.0023974],[2.3864708,49.0005001],[2.3863452,49.0003934],[2.3881989,48.9996323],[2.3881409,48.9995003],[2.3940771,48.9979762],[2.3936128,48.9973013],[2.3970446,48.9960565],[2.3967291,48.9957119],[2.4023644,48.9937012],[2.4029679,48.9941786],[2.4081798,48.9918867]]]]}}]}